Copyright 1986-2022 Xilinx, Inc. All Rights Reserved. Copyright 2022-2023 Advanced Micro Devices, Inc. All Rights Reserved.
--------------------------------------------------------------------------------------------------------------------------------------------------------------------------------
| Tool Version : Vivado v.2023.1 (win64) Build 3865809 Sun May  7 15:05:29 MDT 2023
| Date         : Mon Mar 31 14:05:31 2025
| Host         : DESKTOP-FCJ5MKD running 64-bit major release  (build 9200)
| Command      : report_methodology -file system_wrapper_methodology_drc_routed.rpt -pb system_wrapper_methodology_drc_routed.pb -rpx system_wrapper_methodology_drc_routed.rpx
| Design       : system_wrapper
| Device       : xc7a100tcsg324-1
| Speed File   : -1
| Design State : Fully Routed
--------------------------------------------------------------------------------------------------------------------------------------------------------------------------------

Report Methodology

Table of Contents
-----------------
1. REPORT SUMMARY
2. REPORT DETAILS

1. REPORT SUMMARY
-----------------
            Netlist: netlist
          Floorplan: design_1
      Design limits: <entire design considered>
             Max violations: <unlimited>
             Violations found: 1032
+-----------+----------+-------------------------------------------------+------------+
| Rule      | Severity | Description                                     | Violations |
+-----------+----------+-------------------------------------------------+------------+
| LUTAR-1   | Warning  | LUT drives async reset alert                    | 2          |
| PDRC-190  | Warning  | Suboptimally placed synchronized register chain | 12         |
| TIMING-9  | Warning  | Unknown CDC Logic                               | 1          |
| TIMING-16 | Warning  | Large setup violation                           | 1000       |
| XDCB-5    | Warning  | Runtime inefficient way to find pin objects     | 1          |
| REQP-1959 | Advisory | connects_SERDES_RST_driver_not_FF               | 16         |
+-----------+----------+-------------------------------------------------+------------+

2. REPORT DETAILS
-----------------
LUTAR-1#1 Warning
LUT drives async reset alert  
LUT cell system_i/mdm_1/U0/MDM_Core_I1/JTAG_CONTROL_I/sel_n_i_2, with 2 or more inputs, drives asynchronous preset/clear pin(s) system_i/mdm_1/U0/MDM_Core_I1/JTAG_CONTROL_I/sel_n_reg/PRE. The LUT may glitch and trigger an unexpected reset, even if it is a properly timed path.
Related violations: <none>

LUTAR-1#2 Warning
LUT drives async reset alert  
LUT cell system_i/mig_7series_0/u_system_mig_7series_0_1_mig/u_iodelay_ctrl/rstdiv2_sync_r[11]_i_1, with 2 or more inputs, drives asynchronous preset/clear pin(s) system_i/mig_7series_0/u_system_mig_7series_0_1_mig/u_ddr3_infrastructure/rstdiv0_sync_r1_reg_rep__7/PRE,
system_i/mig_7series_0/u_system_mig_7series_0_1_mig/u_ddr3_infrastructure/rstdiv0_sync_r1_reg_rep__8/PRE,
system_i/mig_7series_0/u_system_mig_7series_0_1_mig/u_ddr3_infrastructure/rstdiv0_sync_r1_reg_rep__9/PRE,
system_i/mig_7series_0/u_system_mig_7series_0_1_mig/u_ddr3_infrastructure/rstdiv0_sync_r_reg[0]/PRE,
system_i/mig_7series_0/u_system_mig_7series_0_1_mig/u_ddr3_infrastructure/rstdiv0_sync_r_reg[10]/PRE,
system_i/mig_7series_0/u_system_mig_7series_0_1_mig/u_ddr3_infrastructure/rstdiv0_sync_r_reg[11]/PRE,
system_i/mig_7series_0/u_system_mig_7series_0_1_mig/u_ddr3_infrastructure/rstdiv0_sync_r_reg[1]/PRE,
system_i/mig_7series_0/u_system_mig_7series_0_1_mig/u_ddr3_infrastructure/rstdiv0_sync_r_reg[2]/PRE,
system_i/mig_7series_0/u_system_mig_7series_0_1_mig/u_ddr3_infrastructure/rstdiv0_sync_r_reg[3]/PRE,
system_i/mig_7series_0/u_system_mig_7series_0_1_mig/u_ddr3_infrastructure/rstdiv0_sync_r_reg[4]/PRE,
system_i/mig_7series_0/u_system_mig_7series_0_1_mig/u_ddr3_infrastructure/rstdiv0_sync_r_reg[5]/PRE,
system_i/mig_7series_0/u_system_mig_7series_0_1_mig/u_ddr3_infrastructure/rstdiv0_sync_r_reg[6]/PRE,
system_i/mig_7series_0/u_system_mig_7series_0_1_mig/u_ddr3_infrastructure/rstdiv0_sync_r_reg[7]/PRE,
system_i/mig_7series_0/u_system_mig_7series_0_1_mig/u_ddr3_infrastructure/rstdiv0_sync_r_reg[8]/PRE,
system_i/mig_7series_0/u_system_mig_7series_0_1_mig/u_ddr3_infrastructure/rstdiv0_sync_r_reg[9]/PRE
 (the first 15 of 32 listed). The LUT may glitch and trigger an unexpected reset, even if it is a properly timed path.
Related violations: <none>

PDRC-190#1 Warning
Suboptimally placed synchronized register chain  
The FDRE cell system_i/mig_7series_0/u_system_mig_7series_0_1_mig/temp_mon_enabled.u_tempmon/device_temp_sync_r5_reg[0] in site SLICE_X32Y113 is part of a synchronized register chain that is suboptimally placed as the load FDRE cell system_i/mig_7series_0/u_system_mig_7series_0_1_mig/temp_mon_enabled.u_tempmon/device_temp_r_reg[0] is not placed in the same (SLICE) site.
Related violations: <none>

PDRC-190#2 Warning
Suboptimally placed synchronized register chain  
The FDRE cell system_i/mig_7series_0/u_system_mig_7series_0_1_mig/temp_mon_enabled.u_tempmon/device_temp_sync_r5_reg[10] in site SLICE_X30Y109 is part of a synchronized register chain that is suboptimally placed as the load FDRE cell system_i/mig_7series_0/u_system_mig_7series_0_1_mig/temp_mon_enabled.u_tempmon/device_temp_r_reg[10] is not placed in the same (SLICE) site.
Related violations: <none>

PDRC-190#3 Warning
Suboptimally placed synchronized register chain  
The FDRE cell system_i/mig_7series_0/u_system_mig_7series_0_1_mig/temp_mon_enabled.u_tempmon/device_temp_sync_r5_reg[11] in site SLICE_X33Y111 is part of a synchronized register chain that is suboptimally placed as the load FDRE cell system_i/mig_7series_0/u_system_mig_7series_0_1_mig/temp_mon_enabled.u_tempmon/device_temp_r_reg[11] is not placed in the same (SLICE) site.
Related violations: <none>

PDRC-190#4 Warning
Suboptimally placed synchronized register chain  
The FDRE cell system_i/mig_7series_0/u_system_mig_7series_0_1_mig/temp_mon_enabled.u_tempmon/device_temp_sync_r5_reg[1] in site SLICE_X30Y112 is part of a synchronized register chain that is suboptimally placed as the load FDRE cell system_i/mig_7series_0/u_system_mig_7series_0_1_mig/temp_mon_enabled.u_tempmon/device_temp_r_reg[1] is not placed in the same (SLICE) site.
Related violations: <none>

PDRC-190#5 Warning
Suboptimally placed synchronized register chain  
The FDRE cell system_i/mig_7series_0/u_system_mig_7series_0_1_mig/temp_mon_enabled.u_tempmon/device_temp_sync_r5_reg[2] in site SLICE_X31Y109 is part of a synchronized register chain that is suboptimally placed as the load FDRE cell system_i/mig_7series_0/u_system_mig_7series_0_1_mig/temp_mon_enabled.u_tempmon/device_temp_r_reg[2] is not placed in the same (SLICE) site.
Related violations: <none>

PDRC-190#6 Warning
Suboptimally placed synchronized register chain  
The FDRE cell system_i/mig_7series_0/u_system_mig_7series_0_1_mig/temp_mon_enabled.u_tempmon/device_temp_sync_r5_reg[3] in site SLICE_X29Y109 is part of a synchronized register chain that is suboptimally placed as the load FDRE cell system_i/mig_7series_0/u_system_mig_7series_0_1_mig/temp_mon_enabled.u_tempmon/device_temp_r_reg[3] is not placed in the same (SLICE) site.
Related violations: <none>

PDRC-190#7 Warning
Suboptimally placed synchronized register chain  
The FDRE cell system_i/mig_7series_0/u_system_mig_7series_0_1_mig/temp_mon_enabled.u_tempmon/device_temp_sync_r5_reg[4] in site SLICE_X32Y111 is part of a synchronized register chain that is suboptimally placed as the load FDRE cell system_i/mig_7series_0/u_system_mig_7series_0_1_mig/temp_mon_enabled.u_tempmon/device_temp_r_reg[4] is not placed in the same (SLICE) site.
Related violations: <none>

PDRC-190#8 Warning
Suboptimally placed synchronized register chain  
The FDRE cell system_i/mig_7series_0/u_system_mig_7series_0_1_mig/temp_mon_enabled.u_tempmon/device_temp_sync_r5_reg[5] in site SLICE_X31Y111 is part of a synchronized register chain that is suboptimally placed as the load FDRE cell system_i/mig_7series_0/u_system_mig_7series_0_1_mig/temp_mon_enabled.u_tempmon/device_temp_r_reg[5] is not placed in the same (SLICE) site.
Related violations: <none>

PDRC-190#9 Warning
Suboptimally placed synchronized register chain  
The FDRE cell system_i/mig_7series_0/u_system_mig_7series_0_1_mig/temp_mon_enabled.u_tempmon/device_temp_sync_r5_reg[6] in site SLICE_X34Y111 is part of a synchronized register chain that is suboptimally placed as the load FDRE cell system_i/mig_7series_0/u_system_mig_7series_0_1_mig/temp_mon_enabled.u_tempmon/device_temp_r_reg[6] is not placed in the same (SLICE) site.
Related violations: <none>

PDRC-190#10 Warning
Suboptimally placed synchronized register chain  
The FDRE cell system_i/mig_7series_0/u_system_mig_7series_0_1_mig/temp_mon_enabled.u_tempmon/device_temp_sync_r5_reg[7] in site SLICE_X28Y111 is part of a synchronized register chain that is suboptimally placed as the load FDRE cell system_i/mig_7series_0/u_system_mig_7series_0_1_mig/temp_mon_enabled.u_tempmon/device_temp_r_reg[7] is not placed in the same (SLICE) site.
Related violations: <none>

PDRC-190#11 Warning
Suboptimally placed synchronized register chain  
The FDRE cell system_i/mig_7series_0/u_system_mig_7series_0_1_mig/temp_mon_enabled.u_tempmon/device_temp_sync_r5_reg[8] in site SLICE_X34Y113 is part of a synchronized register chain that is suboptimally placed as the load FDRE cell system_i/mig_7series_0/u_system_mig_7series_0_1_mig/temp_mon_enabled.u_tempmon/device_temp_r_reg[8] is not placed in the same (SLICE) site.
Related violations: <none>

PDRC-190#12 Warning
Suboptimally placed synchronized register chain  
The FDRE cell system_i/mig_7series_0/u_system_mig_7series_0_1_mig/temp_mon_enabled.u_tempmon/device_temp_sync_r5_reg[9] in site SLICE_X29Y111 is part of a synchronized register chain that is suboptimally placed as the load FDRE cell system_i/mig_7series_0/u_system_mig_7series_0_1_mig/temp_mon_enabled.u_tempmon/device_temp_r_reg[9] is not placed in the same (SLICE) site.
Related violations: <none>

TIMING-9#1 Warning
Unknown CDC Logic  
One or more asynchronous Clock Domain Crossing has been detected between 2 clock domains through a set_false_path or a set_clock_groups or set_max_delay -datapath_only constraint but no double-registers logic synchronizer has been found on the side of the capture clock. It is recommended to run report_cdc for a complete and detailed CDC coverage. Please consider using XPM_CDC to avoid Critical severities
Related violations: <none>

TIMING-16#1 Warning
Large setup violation  
There is a large setup violation of -1.002 ns between system_i/microblaze_0/U0/MicroBlaze_Core_I/Performance.Core/Using_DCache.Using_WriteBack.DCache_wb_I1/Using_Perf_4.WB_DCache_Valid_Read_data_reg[27]/C (clocked by clk_out1_system_clk_wiz_0_0) and system_i/microblaze_0/U0/MicroBlaze_Core_I/Performance.Core/Data_Flow_I/Register_File_I/Using_LUT6.All_RAM32M[1].ram32m_i/Using_FPGA.Native/RAMA/I (clocked by clk_out1_system_clk_wiz_0_0). Large setup violations at the end of those stages might be difficult to fix during the post-placement implementation flow and could be the result of non-optimal XDC constraints or non-optimal design architecture
Related violations: <none>

TIMING-16#2 Warning
Large setup violation  
There is a large setup violation of -1.004 ns between system_i/microblaze_0/U0/MicroBlaze_Core_I/Use_Async_Reset.sync_reset_reg_replica_4/C (clocked by clk_out1_system_clk_wiz_0_0) and system_i/microblaze_0/U0/MicroBlaze_Core_I/Performance.Core/Data_Flow_I/Barrel_Shifter_I/Use_HW_BS.Using_BitField.mem_mask0_reg[16]/S (clocked by clk_out1_system_clk_wiz_0_0). Large setup violations at the end of those stages might be difficult to fix during the post-placement implementation flow and could be the result of non-optimal XDC constraints or non-optimal design architecture
Related violations: <none>

TIMING-16#3 Warning
Large setup violation  
There is a large setup violation of -1.004 ns between system_i/microblaze_0/U0/MicroBlaze_Core_I/Use_Async_Reset.sync_reset_reg_replica_4/C (clocked by clk_out1_system_clk_wiz_0_0) and system_i/microblaze_0/U0/MicroBlaze_Core_I/Performance.Core/Data_Flow_I/Barrel_Shifter_I/Use_HW_BS.Using_BitField.mem_mask0_reg[17]/S (clocked by clk_out1_system_clk_wiz_0_0). Large setup violations at the end of those stages might be difficult to fix during the post-placement implementation flow and could be the result of non-optimal XDC constraints or non-optimal design architecture
Related violations: <none>

TIMING-16#4 Warning
Large setup violation  
There is a large setup violation of -1.004 ns between system_i/microblaze_0/U0/MicroBlaze_Core_I/Use_Async_Reset.sync_reset_reg_replica_4/C (clocked by clk_out1_system_clk_wiz_0_0) and system_i/microblaze_0/U0/MicroBlaze_Core_I/Performance.Core/Data_Flow_I/Barrel_Shifter_I/Use_HW_BS.Using_BitField.mem_mask0_reg[31]/S (clocked by clk_out1_system_clk_wiz_0_0). Large setup violations at the end of those stages might be difficult to fix during the post-placement implementation flow and could be the result of non-optimal XDC constraints or non-optimal design architecture
Related violations: <none>

TIMING-16#5 Warning
Large setup violation  
There is a large setup violation of -1.013 ns between system_i/microblaze_0/U0/MicroBlaze_Core_I/Performance.Core/Use_DBUS.DAXI_Interface_I1/WB_DAXI_Data_Strobe_reg/C (clocked by clk_out1_system_clk_wiz_0_0) and system_i/microblaze_0/U0/MicroBlaze_Core_I/Performance.Core/Data_Flow_I/Register_File_I/Using_LUT6.All_RAM32M[5].ram32m_i/Using_FPGA.Native/RAMC_D1/I (clocked by clk_out1_system_clk_wiz_0_0). Large setup violations at the end of those stages might be difficult to fix during the post-placement implementation flow and could be the result of non-optimal XDC constraints or non-optimal design architecture
Related violations: <none>

TIMING-16#6 Warning
Large setup violation  
There is a large setup violation of -1.021 ns between system_i/microblaze_0/U0/MicroBlaze_Core_I/Performance.Core/Use_DBUS.DAXI_Interface_I1/WB_DAXI_Data_Strobe_reg/C (clocked by clk_out1_system_clk_wiz_0_0) and system_i/microblaze_0/U0/MicroBlaze_Core_I/Performance.Core/Data_Flow_I/Register_File_I/Using_LUT6.All_RAM32M[6].ram32m_i/Using_FPGA.Native/RAMD_D1/I (clocked by clk_out1_system_clk_wiz_0_0). Large setup violations at the end of those stages might be difficult to fix during the post-placement implementation flow and could be the result of non-optimal XDC constraints or non-optimal design architecture
Related violations: <none>

TIMING-16#7 Warning
Large setup violation  
There is a large setup violation of -1.022 ns between system_i/microblaze_0/U0/MicroBlaze_Core_I/Performance.Core/Use_DBUS.DAXI_Interface_I1/WB_DAXI_Read_Data_reg[28]/C (clocked by clk_out1_system_clk_wiz_0_0) and system_i/microblaze_0/U0/MicroBlaze_Core_I/Performance.Core/Data_Flow_I/Register_File_I/Using_LUT6.All_RAM32M[14].ram32m_i/Using_FPGA.Native/RAMA_D1/I (clocked by clk_out1_system_clk_wiz_0_0). Large setup violations at the end of those stages might be difficult to fix during the post-placement implementation flow and could be the result of non-optimal XDC constraints or non-optimal design architecture
Related violations: <none>

TIMING-16#8 Warning
Large setup violation  
There is a large setup violation of -1.034 ns between system_i/microblaze_0/U0/MicroBlaze_Core_I/Use_Async_Reset.sync_reset_reg_replica_3/C (clocked by clk_out1_system_clk_wiz_0_0) and system_i/microblaze_0/U0/MicroBlaze_Core_I/Performance.Core/Data_Flow_I/Data_Flow_Logic_I/Gen_Bits[11].MEM_EX_Result_Inst/Using_FPGA.Native/R (clocked by clk_out1_system_clk_wiz_0_0). Large setup violations at the end of those stages might be difficult to fix during the post-placement implementation flow and could be the result of non-optimal XDC constraints or non-optimal design architecture
Related violations: <none>

TIMING-16#9 Warning
Large setup violation  
There is a large setup violation of -1.034 ns between system_i/microblaze_0/U0/MicroBlaze_Core_I/Use_Async_Reset.sync_reset_reg_replica_3/C (clocked by clk_out1_system_clk_wiz_0_0) and system_i/microblaze_0/U0/MicroBlaze_Core_I/Performance.Core/Data_Flow_I/Data_Flow_Logic_I/Gen_Bits[13].MEM_EX_Result_Inst/Using_FPGA.Native/R (clocked by clk_out1_system_clk_wiz_0_0). Large setup violations at the end of those stages might be difficult to fix during the post-placement implementation flow and could be the result of non-optimal XDC constraints or non-optimal design architecture
Related violations: <none>

TIMING-16#10 Warning
Large setup violation  
There is a large setup violation of -1.034 ns between system_i/microblaze_0/U0/MicroBlaze_Core_I/Use_Async_Reset.sync_reset_reg_replica_3/C (clocked by clk_out1_system_clk_wiz_0_0) and system_i/microblaze_0/U0/MicroBlaze_Core_I/Performance.Core/Data_Flow_I/Data_Flow_Logic_I/Gen_Bits[14].MEM_EX_Result_Inst/Using_FPGA.Native/R (clocked by clk_out1_system_clk_wiz_0_0). Large setup violations at the end of those stages might be difficult to fix during the post-placement implementation flow and could be the result of non-optimal XDC constraints or non-optimal design architecture
Related violations: <none>

TIMING-16#11 Warning
Large setup violation  
There is a large setup violation of -1.034 ns between system_i/microblaze_0/U0/MicroBlaze_Core_I/Use_Async_Reset.sync_reset_reg_replica_3/C (clocked by clk_out1_system_clk_wiz_0_0) and system_i/microblaze_0/U0/MicroBlaze_Core_I/Performance.Core/Data_Flow_I/Data_Flow_Logic_I/Gen_Bits[16].MEM_EX_Result_Inst/Using_FPGA.Native/R (clocked by clk_out1_system_clk_wiz_0_0). Large setup violations at the end of those stages might be difficult to fix during the post-placement implementation flow and could be the result of non-optimal XDC constraints or non-optimal design architecture
Related violations: <none>

TIMING-16#12 Warning
Large setup violation  
There is a large setup violation of -1.034 ns between system_i/microblaze_0/U0/MicroBlaze_Core_I/Use_Async_Reset.sync_reset_reg_replica_3/C (clocked by clk_out1_system_clk_wiz_0_0) and system_i/microblaze_0/U0/MicroBlaze_Core_I/Performance.Core/Data_Flow_I/Data_Flow_Logic_I/Gen_Bits[20].MEM_EX_Result_Inst/Using_FPGA.Native/R (clocked by clk_out1_system_clk_wiz_0_0). Large setup violations at the end of those stages might be difficult to fix during the post-placement implementation flow and could be the result of non-optimal XDC constraints or non-optimal design architecture
Related violations: <none>

TIMING-16#13 Warning
Large setup violation  
There is a large setup violation of -1.034 ns between system_i/microblaze_0/U0/MicroBlaze_Core_I/Use_Async_Reset.sync_reset_reg_replica_3/C (clocked by clk_out1_system_clk_wiz_0_0) and system_i/microblaze_0/U0/MicroBlaze_Core_I/Performance.Core/Data_Flow_I/Data_Flow_Logic_I/Gen_Bits[2].MEM_EX_Result_Inst/Using_FPGA.Native/R (clocked by clk_out1_system_clk_wiz_0_0). Large setup violations at the end of those stages might be difficult to fix during the post-placement implementation flow and could be the result of non-optimal XDC constraints or non-optimal design architecture
Related violations: <none>

TIMING-16#14 Warning
Large setup violation  
There is a large setup violation of -1.034 ns between system_i/microblaze_0/U0/MicroBlaze_Core_I/Use_Async_Reset.sync_reset_reg_replica_3/C (clocked by clk_out1_system_clk_wiz_0_0) and system_i/microblaze_0/U0/MicroBlaze_Core_I/Performance.Core/Data_Flow_I/Data_Flow_Logic_I/Gen_Bits[3].MEM_EX_Result_Inst/Using_FPGA.Native/R (clocked by clk_out1_system_clk_wiz_0_0). Large setup violations at the end of those stages might be difficult to fix during the post-placement implementation flow and could be the result of non-optimal XDC constraints or non-optimal design architecture
Related violations: <none>

TIMING-16#15 Warning
Large setup violation  
There is a large setup violation of -1.034 ns between system_i/microblaze_0/U0/MicroBlaze_Core_I/Use_Async_Reset.sync_reset_reg_replica_3/C (clocked by clk_out1_system_clk_wiz_0_0) and system_i/microblaze_0/U0/MicroBlaze_Core_I/Performance.Core/Data_Flow_I/Data_Flow_Logic_I/Gen_Bits[9].MEM_EX_Result_Inst/Using_FPGA.Native/R (clocked by clk_out1_system_clk_wiz_0_0). Large setup violations at the end of those stages might be difficult to fix during the post-placement implementation flow and could be the result of non-optimal XDC constraints or non-optimal design architecture
Related violations: <none>

TIMING-16#16 Warning
Large setup violation  
There is a large setup violation of -1.036 ns between system_i/microblaze_0/U0/MicroBlaze_Core_I/Performance.Core/Use_DLMB.wb_dlmb_valid_read_data_reg[9]/C (clocked by clk_out1_system_clk_wiz_0_0) and system_i/microblaze_0/U0/MicroBlaze_Core_I/Performance.Core/Data_Flow_I/Register_File_I/Using_LUT6.All_RAM32M[4].ram32m_i/Using_FPGA.Native/RAMC/I (clocked by clk_out1_system_clk_wiz_0_0). Large setup violations at the end of those stages might be difficult to fix during the post-placement implementation flow and could be the result of non-optimal XDC constraints or non-optimal design architecture
Related violations: <none>

TIMING-16#17 Warning
Large setup violation  
There is a large setup violation of -1.046 ns between system_i/microblaze_0/U0/MicroBlaze_Core_I/Performance.Core/Use_DBUS.DAXI_Interface_I1/WB_DAXI_Data_Strobe_reg/C (clocked by clk_out1_system_clk_wiz_0_0) and system_i/microblaze_0/U0/MicroBlaze_Core_I/Performance.Core/Data_Flow_I/Register_File_I/Using_LUT6.All_RAM32M[9].ram32m_i/Using_FPGA.Native/RAMD_D1/I (clocked by clk_out1_system_clk_wiz_0_0). Large setup violations at the end of those stages might be difficult to fix during the post-placement implementation flow and could be the result of non-optimal XDC constraints or non-optimal design architecture
Related violations: <none>

TIMING-16#18 Warning
Large setup violation  
There is a large setup violation of -1.048 ns between system_i/microblaze_0/U0/MicroBlaze_Core_I/Performance.Core/Use_DLMB.wb_dlmb_valid_read_data_reg[9]/C (clocked by clk_out1_system_clk_wiz_0_0) and system_i/microblaze_0/U0/MicroBlaze_Core_I/Performance.Core/Data_Flow_I/Register_File_I/Using_LUT6.All_RAM32M[4].ram32m_i/Using_FPGA.Native/RAMB/I (clocked by clk_out1_system_clk_wiz_0_0). Large setup violations at the end of those stages might be difficult to fix during the post-placement implementation flow and could be the result of non-optimal XDC constraints or non-optimal design architecture
Related violations: <none>

TIMING-16#19 Warning
Large setup violation  
There is a large setup violation of -1.055 ns between system_i/microblaze_0/U0/MicroBlaze_Core_I/Performance.Core/Use_DBUS.DAXI_Interface_I1/WB_DAXI_Data_Strobe_reg/C (clocked by clk_out1_system_clk_wiz_0_0) and system_i/microblaze_0/U0/MicroBlaze_Core_I/Performance.Core/Data_Flow_I/Register_File_I/Using_LUT6.All_RAM32M[3].ram32m_i/Using_FPGA.Native/RAMA/I (clocked by clk_out1_system_clk_wiz_0_0). Large setup violations at the end of those stages might be difficult to fix during the post-placement implementation flow and could be the result of non-optimal XDC constraints or non-optimal design architecture
Related violations: <none>

TIMING-16#20 Warning
Large setup violation  
There is a large setup violation of -1.059 ns between system_i/microblaze_0/U0/MicroBlaze_Core_I/Performance.Core/Use_DBUS.DAXI_Interface_I1/WB_DAXI_Data_Strobe_reg/C (clocked by clk_out1_system_clk_wiz_0_0) and system_i/microblaze_0/U0/MicroBlaze_Core_I/Performance.Core/Data_Flow_I/Register_File_I/Using_LUT6.All_RAM32M[4].ram32m_i/Using_FPGA.Native/RAMD_D1/I (clocked by clk_out1_system_clk_wiz_0_0). Large setup violations at the end of those stages might be difficult to fix during the post-placement implementation flow and could be the result of non-optimal XDC constraints or non-optimal design architecture
Related violations: <none>

TIMING-16#21 Warning
Large setup violation  
There is a large setup violation of -1.060 ns between system_i/microblaze_0/U0/MicroBlaze_Core_I/Performance.Core/Using_DCache.Using_WriteBack.DCache_wb_I1/Using_Perf_4.WB_DCache_Valid_Read_data_reg[1]/C (clocked by clk_out1_system_clk_wiz_0_0) and system_i/microblaze_0/U0/MicroBlaze_Core_I/Performance.Core/Data_Flow_I/Register_File_I/Using_LUT6.All_RAM32M[0].ram32m_i/Using_FPGA.Native/RAMA/I (clocked by clk_out1_system_clk_wiz_0_0). Large setup violations at the end of those stages might be difficult to fix during the post-placement implementation flow and could be the result of non-optimal XDC constraints or non-optimal design architecture
Related violations: <none>

TIMING-16#22 Warning
Large setup violation  
There is a large setup violation of -1.062 ns between system_i/microblaze_0/U0/MicroBlaze_Core_I/Performance.Core/Use_DBUS.DAXI_Interface_I1/WB_DAXI_Data_Strobe_reg/C (clocked by clk_out1_system_clk_wiz_0_0) and system_i/microblaze_0/U0/MicroBlaze_Core_I/Performance.Core/Data_Flow_I/Register_File_I/Using_LUT6.All_RAM32M[6].ram32m_i/Using_FPGA.Native/RAMC_D1/I (clocked by clk_out1_system_clk_wiz_0_0). Large setup violations at the end of those stages might be difficult to fix during the post-placement implementation flow and could be the result of non-optimal XDC constraints or non-optimal design architecture
Related violations: <none>

TIMING-16#23 Warning
Large setup violation  
There is a large setup violation of -1.071 ns between system_i/microblaze_0/U0/MicroBlaze_Core_I/Performance.Core/Use_DBUS.DAXI_Interface_I1/WB_DAXI_Data_Strobe_reg/C (clocked by clk_out1_system_clk_wiz_0_0) and system_i/microblaze_0/U0/MicroBlaze_Core_I/Performance.Core/Data_Flow_I/Register_File_I/Using_LUT6.All_RAM32M[5].ram32m_i/Using_FPGA.Native/RAMB_D1/I (clocked by clk_out1_system_clk_wiz_0_0). Large setup violations at the end of those stages might be difficult to fix during the post-placement implementation flow and could be the result of non-optimal XDC constraints or non-optimal design architecture
Related violations: <none>

TIMING-16#24 Warning
Large setup violation  
There is a large setup violation of -1.073 ns between system_i/microblaze_0/U0/MicroBlaze_Core_I/Performance.Core/Use_Debug_Logic.Master_Core.Debug_Perf/Performance_Debug_Control.dbg_stop_if_delay_i_reg/C (clocked by clk_out1_system_clk_wiz_0_0) and system_i/microblaze_0/U0/MicroBlaze_Core_I/Performance.Core/Data_Flow_I/Using_Div_Unit.Div_unit_I1/Q_reg[4]/D (clocked by clk_out1_system_clk_wiz_0_0). Large setup violations at the end of those stages might be difficult to fix during the post-placement implementation flow and could be the result of non-optimal XDC constraints or non-optimal design architecture
Related violations: <none>

TIMING-16#25 Warning
Large setup violation  
There is a large setup violation of -1.080 ns between system_i/microblaze_0/U0/MicroBlaze_Core_I/Performance.Core/Use_DBUS.DAXI_Interface_I1/WB_DAXI_Data_Strobe_reg/C (clocked by clk_out1_system_clk_wiz_0_0) and system_i/microblaze_0/U0/MicroBlaze_Core_I/Performance.Core/Data_Flow_I/Register_File_I/Using_LUT6.All_RAM32M[15].ram32m_i/Using_FPGA.Native/RAMD_D1/I (clocked by clk_out1_system_clk_wiz_0_0). Large setup violations at the end of those stages might be difficult to fix during the post-placement implementation flow and could be the result of non-optimal XDC constraints or non-optimal design architecture
Related violations: <none>

TIMING-16#26 Warning
Large setup violation  
There is a large setup violation of -1.080 ns between system_i/microblaze_0/U0/MicroBlaze_Core_I/Performance.Core/Use_DBUS.DAXI_Interface_I1/WB_DAXI_Data_Strobe_reg/C (clocked by clk_out1_system_clk_wiz_0_0) and system_i/microblaze_0/U0/MicroBlaze_Core_I/Performance.Core/Data_Flow_I/Register_File_I/Using_LUT6.All_RAM32M[7].ram32m_i/Using_FPGA.Native/RAMA/I (clocked by clk_out1_system_clk_wiz_0_0). Large setup violations at the end of those stages might be difficult to fix during the post-placement implementation flow and could be the result of non-optimal XDC constraints or non-optimal design architecture
Related violations: <none>

TIMING-16#27 Warning
Large setup violation  
There is a large setup violation of -1.085 ns between system_i/microblaze_0/U0/MicroBlaze_Core_I/Performance.Core/Data_Flow_I/Operand_Select_I/EX_Op1_reg[29]/C (clocked by clk_out1_system_clk_wiz_0_0) and system_i/microblaze_0/U0/MicroBlaze_Core_I/Performance.Core/Data_Flow_I/Operand_Select_I/EX_Op1_reg[14]/D (clocked by clk_out1_system_clk_wiz_0_0). Large setup violations at the end of those stages might be difficult to fix during the post-placement implementation flow and could be the result of non-optimal XDC constraints or non-optimal design architecture
Related violations: <none>

TIMING-16#28 Warning
Large setup violation  
There is a large setup violation of -1.087 ns between system_i/microblaze_0/U0/MicroBlaze_Core_I/Performance.Core/Use_DBUS.DAXI_Interface_I1/WB_DAXI_Data_Strobe_reg/C (clocked by clk_out1_system_clk_wiz_0_0) and system_i/microblaze_0/U0/MicroBlaze_Core_I/Performance.Core/Data_Flow_I/Register_File_I/Using_LUT6.All_RAM32M[9].ram32m_i/Using_FPGA.Native/RAMA_D1/I (clocked by clk_out1_system_clk_wiz_0_0). Large setup violations at the end of those stages might be difficult to fix during the post-placement implementation flow and could be the result of non-optimal XDC constraints or non-optimal design architecture
Related violations: <none>

TIMING-16#29 Warning
Large setup violation  
There is a large setup violation of -1.087 ns between system_i/microblaze_0/U0/MicroBlaze_Core_I/Performance.Core/Use_DBUS.DAXI_Interface_I1/WB_DAXI_Data_Strobe_reg/C (clocked by clk_out1_system_clk_wiz_0_0) and system_i/microblaze_0/U0/MicroBlaze_Core_I/Performance.Core/Data_Flow_I/Register_File_I/Using_LUT6.All_RAM32M[9].ram32m_i/Using_FPGA.Native/RAMC_D1/I (clocked by clk_out1_system_clk_wiz_0_0). Large setup violations at the end of those stages might be difficult to fix during the post-placement implementation flow and could be the result of non-optimal XDC constraints or non-optimal design architecture
Related violations: <none>

TIMING-16#30 Warning
Large setup violation  
There is a large setup violation of -1.091 ns between system_i/microblaze_0/U0/MicroBlaze_Core_I/Performance.Core/Use_DBUS.DAXI_Interface_I1/WB_DAXI_Data_Strobe_reg/C (clocked by clk_out1_system_clk_wiz_0_0) and system_i/microblaze_0/U0/MicroBlaze_Core_I/Performance.Core/Data_Flow_I/Register_File_I/Using_LUT6.All_RAM32M[3].ram32m_i/Using_FPGA.Native/RAMC_D1/I (clocked by clk_out1_system_clk_wiz_0_0). Large setup violations at the end of those stages might be difficult to fix during the post-placement implementation flow and could be the result of non-optimal XDC constraints or non-optimal design architecture
Related violations: <none>

TIMING-16#31 Warning
Large setup violation  
There is a large setup violation of -1.094 ns between system_i/microblaze_0/U0/MicroBlaze_Core_I/Performance.Core/Use_DBUS.DAXI_Interface_I1/WB_DAXI_Read_Data_reg[28]/C (clocked by clk_out1_system_clk_wiz_0_0) and system_i/microblaze_0/U0/MicroBlaze_Core_I/Performance.Core/Data_Flow_I/Register_File_I/Using_LUT6.All_RAM32M[14].ram32m_i/Using_FPGA.Native/RAMD_D1/I (clocked by clk_out1_system_clk_wiz_0_0). Large setup violations at the end of those stages might be difficult to fix during the post-placement implementation flow and could be the result of non-optimal XDC constraints or non-optimal design architecture
Related violations: <none>

TIMING-16#32 Warning
Large setup violation  
There is a large setup violation of -1.094 ns between system_i/microblaze_0/U0/MicroBlaze_Core_I/Performance.Core/Use_Debug_Logic.Master_Core.Debug_Perf/Performance_Debug_Control.dbg_stop_if_delay_i_reg/C (clocked by clk_out1_system_clk_wiz_0_0) and system_i/microblaze_0/U0/MicroBlaze_Core_I/Performance.Core/Data_Flow_I/Using_Div_Unit.Div_unit_I1/Q_reg[6]/D (clocked by clk_out1_system_clk_wiz_0_0). Large setup violations at the end of those stages might be difficult to fix during the post-placement implementation flow and could be the result of non-optimal XDC constraints or non-optimal design architecture
Related violations: <none>

TIMING-16#33 Warning
Large setup violation  
There is a large setup violation of -1.098 ns between system_i/microblaze_0/U0/MicroBlaze_Core_I/Performance.Core/Use_Debug_Logic.Master_Core.Debug_Perf/Performance_Debug_Control.dbg_stop_if_delay_i_reg/C (clocked by clk_out1_system_clk_wiz_0_0) and system_i/microblaze_0/U0/MicroBlaze_Core_I/Performance.Core/Data_Flow_I/Using_Div_Unit.Div_unit_I1/Q_reg[3]/D (clocked by clk_out1_system_clk_wiz_0_0). Large setup violations at the end of those stages might be difficult to fix during the post-placement implementation flow and could be the result of non-optimal XDC constraints or non-optimal design architecture
Related violations: <none>

TIMING-16#34 Warning
Large setup violation  
There is a large setup violation of -1.100 ns between system_i/microblaze_0/U0/MicroBlaze_Core_I/Performance.Core/Use_DBUS.DAXI_Interface_I1/WB_DAXI_Data_Strobe_reg/C (clocked by clk_out1_system_clk_wiz_0_0) and system_i/microblaze_0/U0/MicroBlaze_Core_I/Performance.Core/Data_Flow_I/Register_File_I/Using_LUT6.All_RAM32M[4].ram32m_i/Using_FPGA.Native/RAMC_D1/I (clocked by clk_out1_system_clk_wiz_0_0). Large setup violations at the end of those stages might be difficult to fix during the post-placement implementation flow and could be the result of non-optimal XDC constraints or non-optimal design architecture
Related violations: <none>

TIMING-16#35 Warning
Large setup violation  
There is a large setup violation of -1.105 ns between system_i/microblaze_0/U0/MicroBlaze_Core_I/Performance.Core/Data_Flow_I/Operand_Select_I/EX_Op1_reg[29]/C (clocked by clk_out1_system_clk_wiz_0_0) and system_i/microblaze_0/U0/MicroBlaze_Core_I/Performance.Core/Data_Flow_I/Data_Flow_Logic_I/Gen_Bits[7].MEM_EX_Result_Inst/Using_FPGA.Native/D (clocked by clk_out1_system_clk_wiz_0_0). Large setup violations at the end of those stages might be difficult to fix during the post-placement implementation flow and could be the result of non-optimal XDC constraints or non-optimal design architecture
Related violations: <none>

TIMING-16#36 Warning
Large setup violation  
There is a large setup violation of -1.106 ns between system_i/microblaze_0/U0/MicroBlaze_Core_I/Performance.Core/Using_DCache.Using_WriteBack.DCache_wb_I1/Using_Perf_4.WB_DCache_Valid_Read_data_reg[13]/C (clocked by clk_out1_system_clk_wiz_0_0) and system_i/microblaze_0/U0/MicroBlaze_Core_I/Performance.Core/Data_Flow_I/Register_File_I/Using_LUT6.All_RAM32M[6].ram32m_i/Using_FPGA.Native/RAMA/I (clocked by clk_out1_system_clk_wiz_0_0). Large setup violations at the end of those stages might be difficult to fix during the post-placement implementation flow and could be the result of non-optimal XDC constraints or non-optimal design architecture
Related violations: <none>

TIMING-16#37 Warning
Large setup violation  
There is a large setup violation of -1.114 ns between system_i/microblaze_0/U0/MicroBlaze_Core_I/Performance.Core/Use_Debug_Logic.Master_Core.Debug_Perf/Performance_Debug_Control.dbg_stop_if_delay_i_reg/C (clocked by clk_out1_system_clk_wiz_0_0) and system_i/microblaze_0/U0/MicroBlaze_Core_I/Performance.Core/Data_Flow_I/Using_Div_Unit.Div_unit_I1/Q_reg[1]/D (clocked by clk_out1_system_clk_wiz_0_0). Large setup violations at the end of those stages might be difficult to fix during the post-placement implementation flow and could be the result of non-optimal XDC constraints or non-optimal design architecture
Related violations: <none>

TIMING-16#38 Warning
Large setup violation  
There is a large setup violation of -1.121 ns between system_i/microblaze_0/U0/MicroBlaze_Core_I/Performance.Core/Use_DBUS.DAXI_Interface_I1/WB_DAXI_Data_Strobe_reg/C (clocked by clk_out1_system_clk_wiz_0_0) and system_i/microblaze_0/U0/MicroBlaze_Core_I/Performance.Core/Data_Flow_I/Register_File_I/Using_LUT6.All_RAM32M[15].ram32m_i/Using_FPGA.Native/RAMC_D1/I (clocked by clk_out1_system_clk_wiz_0_0). Large setup violations at the end of those stages might be difficult to fix during the post-placement implementation flow and could be the result of non-optimal XDC constraints or non-optimal design architecture
Related violations: <none>

TIMING-16#39 Warning
Large setup violation  
There is a large setup violation of -1.121 ns between system_i/microblaze_0/U0/MicroBlaze_Core_I/Performance.Core/Using_DCache.Using_WriteBack.DCache_wb_I1/Using_Perf_4.WB_DCache_Valid_Read_data_reg[13]/C (clocked by clk_out1_system_clk_wiz_0_0) and system_i/microblaze_0/U0/MicroBlaze_Core_I/Performance.Core/Data_Flow_I/Register_File_I/Using_LUT6.All_RAM32M[14].ram32m_i/Using_FPGA.Native/RAMC/I (clocked by clk_out1_system_clk_wiz_0_0). Large setup violations at the end of those stages might be difficult to fix during the post-placement implementation flow and could be the result of non-optimal XDC constraints or non-optimal design architecture
Related violations: <none>

TIMING-16#40 Warning
Large setup violation  
There is a large setup violation of -1.133 ns between system_i/microblaze_0/U0/MicroBlaze_Core_I/Performance.Core/Using_DCache.Using_WriteBack.DCache_wb_I1/Using_Perf_4.WB_DCache_Valid_Read_data_reg[13]/C (clocked by clk_out1_system_clk_wiz_0_0) and system_i/microblaze_0/U0/MicroBlaze_Core_I/Performance.Core/Data_Flow_I/Register_File_I/Using_LUT6.All_RAM32M[14].ram32m_i/Using_FPGA.Native/RAMB/I (clocked by clk_out1_system_clk_wiz_0_0). Large setup violations at the end of those stages might be difficult to fix during the post-placement implementation flow and could be the result of non-optimal XDC constraints or non-optimal design architecture
Related violations: <none>

TIMING-16#41 Warning
Large setup violation  
There is a large setup violation of -1.150 ns between system_i/microblaze_0/U0/MicroBlaze_Core_I/Performance.Core/Use_DBUS.DAXI_Interface_I1/WB_DAXI_Data_Strobe_reg/C (clocked by clk_out1_system_clk_wiz_0_0) and system_i/microblaze_0/U0/MicroBlaze_Core_I/Performance.Core/Data_Flow_I/Register_File_I/Using_LUT6.All_RAM32M[5].ram32m_i/Using_FPGA.Native/RAMA_D1/I (clocked by clk_out1_system_clk_wiz_0_0). Large setup violations at the end of those stages might be difficult to fix during the post-placement implementation flow and could be the result of non-optimal XDC constraints or non-optimal design architecture
Related violations: <none>

TIMING-16#42 Warning
Large setup violation  
There is a large setup violation of -1.171 ns between system_i/microblaze_0/U0/MicroBlaze_Core_I/Performance.Core/Use_DBUS.DAXI_Interface_I1/WB_DAXI_Data_Strobe_reg/C (clocked by clk_out1_system_clk_wiz_0_0) and system_i/microblaze_0/U0/MicroBlaze_Core_I/Performance.Core/Data_Flow_I/Register_File_I/Using_LUT6.All_RAM32M[15].ram32m_i/Using_FPGA.Native/RAMB_D1/I (clocked by clk_out1_system_clk_wiz_0_0). Large setup violations at the end of those stages might be difficult to fix during the post-placement implementation flow and could be the result of non-optimal XDC constraints or non-optimal design architecture
Related violations: <none>

TIMING-16#43 Warning
Large setup violation  
There is a large setup violation of -1.184 ns between system_i/microblaze_0/U0/MicroBlaze_Core_I/Performance.Core/Data_Flow_I/Operand_Select_I/EX_Op2_reg[28]/C (clocked by clk_out1_system_clk_wiz_0_0) and system_i/microblaze_0/U0/MicroBlaze_Core_I/Performance.Core/Data_Flow_I/Data_Flow_Logic_I/Gen_Bits[29].MEM_EX_Result_Inst/Using_FPGA.Native/D (clocked by clk_out1_system_clk_wiz_0_0). Large setup violations at the end of those stages might be difficult to fix during the post-placement implementation flow and could be the result of non-optimal XDC constraints or non-optimal design architecture
Related violations: <none>

TIMING-16#44 Warning
Large setup violation  
There is a large setup violation of -1.184 ns between system_i/microblaze_0/U0/MicroBlaze_Core_I/Use_Async_Reset.sync_reset_reg_replica_4/C (clocked by clk_out1_system_clk_wiz_0_0) and system_i/microblaze_0/U0/MicroBlaze_Core_I/Performance.Core/Data_Flow_I/Barrel_Shifter_I/Use_HW_BS.Using_BitField.mem_mask1_reg[16]/R (clocked by clk_out1_system_clk_wiz_0_0). Large setup violations at the end of those stages might be difficult to fix during the post-placement implementation flow and could be the result of non-optimal XDC constraints or non-optimal design architecture
Related violations: <none>

TIMING-16#45 Warning
Large setup violation  
There is a large setup violation of -1.184 ns between system_i/microblaze_0/U0/MicroBlaze_Core_I/Use_Async_Reset.sync_reset_reg_replica_4/C (clocked by clk_out1_system_clk_wiz_0_0) and system_i/microblaze_0/U0/MicroBlaze_Core_I/Performance.Core/Data_Flow_I/Barrel_Shifter_I/Use_HW_BS.Using_BitField.mem_mask1_reg[19]/R (clocked by clk_out1_system_clk_wiz_0_0). Large setup violations at the end of those stages might be difficult to fix during the post-placement implementation flow and could be the result of non-optimal XDC constraints or non-optimal design architecture
Related violations: <none>

TIMING-16#46 Warning
Large setup violation  
There is a large setup violation of -1.187 ns between system_i/microblaze_0/U0/MicroBlaze_Core_I/Performance.Core/Use_DBUS.DAXI_Interface_I1/WB_DAXI_Read_Data_reg[28]/C (clocked by clk_out1_system_clk_wiz_0_0) and system_i/microblaze_0/U0/MicroBlaze_Core_I/Performance.Core/Data_Flow_I/Operand_Select_I/EX_Op1_reg[28]/D (clocked by clk_out1_system_clk_wiz_0_0). Large setup violations at the end of those stages might be difficult to fix during the post-placement implementation flow and could be the result of non-optimal XDC constraints or non-optimal design architecture
Related violations: <none>

TIMING-16#47 Warning
Large setup violation  
There is a large setup violation of -1.193 ns between system_i/microblaze_0/U0/MicroBlaze_Core_I/Performance.Core/Decode_I/mem_gpr_write_reg/C (clocked by clk_out1_system_clk_wiz_0_0) and system_i/microblaze_0/U0/MicroBlaze_Core_I/Performance.Core/Data_Flow_I/Operand_Select_I/EX_Op2_reg[1]/D (clocked by clk_out1_system_clk_wiz_0_0). Large setup violations at the end of those stages might be difficult to fix during the post-placement implementation flow and could be the result of non-optimal XDC constraints or non-optimal design architecture
Related violations: <none>

TIMING-16#48 Warning
Large setup violation  
There is a large setup violation of -1.202 ns between system_i/microblaze_0/U0/MicroBlaze_Core_I/Performance.Core/Use_DBUS.DAXI_Interface_I1/WB_DAXI_Read_Data_reg[28]/C (clocked by clk_out1_system_clk_wiz_0_0) and system_i/microblaze_0/U0/MicroBlaze_Core_I/Performance.Core/Data_Flow_I/Register_File_I/Using_LUT6.All_RAM32M[14].ram32m_i/Using_FPGA.Native/RAMC_D1/I (clocked by clk_out1_system_clk_wiz_0_0). Large setup violations at the end of those stages might be difficult to fix during the post-placement implementation flow and could be the result of non-optimal XDC constraints or non-optimal design architecture
Related violations: <none>

TIMING-16#49 Warning
Large setup violation  
There is a large setup violation of -1.207 ns between system_i/microblaze_0/U0/MicroBlaze_Core_I/Performance.Core/Data_Flow_I/Barrel_Shifter_I/Use_HW_BS.mem_mux3_reg[13]/C (clocked by clk_out1_system_clk_wiz_0_0) and system_i/microblaze_0/U0/MicroBlaze_Core_I/Performance.Core/Data_Flow_I/Operand_Select_I/EX_Op1_reg[26]/D (clocked by clk_out1_system_clk_wiz_0_0). Large setup violations at the end of those stages might be difficult to fix during the post-placement implementation flow and could be the result of non-optimal XDC constraints or non-optimal design architecture
Related violations: <none>

TIMING-16#50 Warning
Large setup violation  
There is a large setup violation of -1.209 ns between system_i/microblaze_0/U0/MicroBlaze_Core_I/Performance.Core/Use_Debug_Logic.Master_Core.Debug_Perf/Performance_Debug_Control.dbg_stop_if_delay_i_reg/C (clocked by clk_out1_system_clk_wiz_0_0) and system_i/microblaze_0/U0/MicroBlaze_Core_I/Performance.Core/Data_Flow_I/Using_Div_Unit.Div_unit_I1/Q_reg[2]/D (clocked by clk_out1_system_clk_wiz_0_0). Large setup violations at the end of those stages might be difficult to fix during the post-placement implementation flow and could be the result of non-optimal XDC constraints or non-optimal design architecture
Related violations: <none>

TIMING-16#51 Warning
Large setup violation  
There is a large setup violation of -1.210 ns between system_i/microblaze_0/U0/MicroBlaze_Core_I/Performance.Core/Data_Flow_I/Operand_Select_I/EX_Op1_reg[29]/C (clocked by clk_out1_system_clk_wiz_0_0) and system_i/microblaze_0/U0/MicroBlaze_Core_I/Performance.Core/Data_Flow_I/Operand_Select_I/EX_Op2_reg[3]/D (clocked by clk_out1_system_clk_wiz_0_0). Large setup violations at the end of those stages might be difficult to fix during the post-placement implementation flow and could be the result of non-optimal XDC constraints or non-optimal design architecture
Related violations: <none>

TIMING-16#52 Warning
Large setup violation  
There is a large setup violation of -1.215 ns between system_i/microblaze_0/U0/MicroBlaze_Core_I/Performance.Core/Use_Debug_Logic.Master_Core.Debug_Perf/Performance_Debug_Control.dbg_stop_if_delay_i_reg/C (clocked by clk_out1_system_clk_wiz_0_0) and system_i/microblaze_0/U0/MicroBlaze_Core_I/Performance.Core/Data_Flow_I/Using_Div_Unit.Div_unit_I1/Q_reg[0]/D (clocked by clk_out1_system_clk_wiz_0_0). Large setup violations at the end of those stages might be difficult to fix during the post-placement implementation flow and could be the result of non-optimal XDC constraints or non-optimal design architecture
Related violations: <none>

TIMING-16#53 Warning
Large setup violation  
There is a large setup violation of -1.216 ns between system_i/microblaze_0/U0/MicroBlaze_Core_I/Performance.Core/Decode_I/wb_gpr_write_addr_reg[0]/C (clocked by clk_out1_system_clk_wiz_0_0) and system_i/microblaze_0/U0/MicroBlaze_Core_I/Performance.Core/Data_Flow_I/Operand_Select_I/EX_Op3_reg[20]/D (clocked by clk_out1_system_clk_wiz_0_0). Large setup violations at the end of those stages might be difficult to fix during the post-placement implementation flow and could be the result of non-optimal XDC constraints or non-optimal design architecture
Related violations: <none>

TIMING-16#54 Warning
Large setup violation  
There is a large setup violation of -1.218 ns between system_i/microblaze_0/U0/MicroBlaze_Core_I/Performance.Core/Using_DCache.Using_WriteBack.DCache_wb_I1/Using_Perf_4.WB_DCache_Valid_Read_data_reg[1]/C (clocked by clk_out1_system_clk_wiz_0_0) and system_i/microblaze_0/U0/MicroBlaze_Core_I/Performance.Core/Data_Flow_I/Register_File_I/Using_LUT6.All_RAM32M[12].ram32m_i/Using_FPGA.Native/RAMA/I (clocked by clk_out1_system_clk_wiz_0_0). Large setup violations at the end of those stages might be difficult to fix during the post-placement implementation flow and could be the result of non-optimal XDC constraints or non-optimal design architecture
Related violations: <none>

TIMING-16#55 Warning
Large setup violation  
There is a large setup violation of -1.227 ns between system_i/microblaze_0/U0/MicroBlaze_Core_I/Performance.Core/Data_Flow_I/Using_Stack_Protection.stack_protection_I/shr_reg_reg[21]/C (clocked by clk_out1_system_clk_wiz_0_0) and system_i/microblaze_0/U0/MicroBlaze_Core_I/Performance.Core/Data_Flow_I/exception_registers_I1/Use_LUT6.mem_BTR_reg[8]/D (clocked by clk_out1_system_clk_wiz_0_0). Large setup violations at the end of those stages might be difficult to fix during the post-placement implementation flow and could be the result of non-optimal XDC constraints or non-optimal design architecture
Related violations: <none>

TIMING-16#56 Warning
Large setup violation  
There is a large setup violation of -1.230 ns between system_i/microblaze_0/U0/MicroBlaze_Core_I/Performance.Core/Using_DCache.Using_WriteBack.DCache_wb_I1/Using_Perf_4.WB_DCache_Valid_Read_data_reg[24]/C (clocked by clk_out1_system_clk_wiz_0_0) and system_i/microblaze_0/U0/MicroBlaze_Core_I/Performance.Core/Data_Flow_I/Operand_Select_I/EX_Op1_reg[0]/D (clocked by clk_out1_system_clk_wiz_0_0). Large setup violations at the end of those stages might be difficult to fix during the post-placement implementation flow and could be the result of non-optimal XDC constraints or non-optimal design architecture
Related violations: <none>

TIMING-16#57 Warning
Large setup violation  
There is a large setup violation of -1.231 ns between system_i/microblaze_0/U0/MicroBlaze_Core_I/Performance.Core/Use_DBUS.DAXI_Interface_I1/WB_DAXI_Data_Strobe_reg/C (clocked by clk_out1_system_clk_wiz_0_0) and system_i/microblaze_0/U0/MicroBlaze_Core_I/Performance.Core/Data_Flow_I/Register_File_I/Using_LUT6.All_RAM32M[6].ram32m_i/Using_FPGA.Native/RAMB_D1/I (clocked by clk_out1_system_clk_wiz_0_0). Large setup violations at the end of those stages might be difficult to fix during the post-placement implementation flow and could be the result of non-optimal XDC constraints or non-optimal design architecture
Related violations: <none>

TIMING-16#58 Warning
Large setup violation  
There is a large setup violation of -1.247 ns between system_i/microblaze_0/U0/MicroBlaze_Core_I/Performance.Core/Data_Flow_I/exception_registers_I1/Using_FPGA_LUT6.Gen_Ret_Addr[24].WB_PC_FDRE/Using_FPGA.Native/C (clocked by clk_out1_system_clk_wiz_0_0) and system_i/microblaze_0/U0/MicroBlaze_Core_I/Performance.Core/Data_Flow_I/Operand_Select_I/EX_Op1_reg[2]/D (clocked by clk_out1_system_clk_wiz_0_0). Large setup violations at the end of those stages might be difficult to fix during the post-placement implementation flow and could be the result of non-optimal XDC constraints or non-optimal design architecture
Related violations: <none>

TIMING-16#59 Warning
Large setup violation  
There is a large setup violation of -1.247 ns between system_i/microblaze_0/U0/MicroBlaze_Core_I/Performance.Core/Use_DBUS.DAXI_Interface_I1/WB_DAXI_Data_Strobe_reg/C (clocked by clk_out1_system_clk_wiz_0_0) and system_i/microblaze_0/U0/MicroBlaze_Core_I/Performance.Core/Data_Flow_I/Register_File_I/Using_LUT6.All_RAM32M[9].ram32m_i/Using_FPGA.Native/RAMB_D1/I (clocked by clk_out1_system_clk_wiz_0_0). Large setup violations at the end of those stages might be difficult to fix during the post-placement implementation flow and could be the result of non-optimal XDC constraints or non-optimal design architecture
Related violations: <none>

TIMING-16#60 Warning
Large setup violation  
There is a large setup violation of -1.254 ns between system_i/microblaze_0/U0/MicroBlaze_Core_I/Performance.Core/Use_DBUS.DAXI_Interface_I1/WB_DAXI_Data_Strobe_reg/C (clocked by clk_out1_system_clk_wiz_0_0) and system_i/microblaze_0/U0/MicroBlaze_Core_I/Performance.Core/Data_Flow_I/Register_File_I/Using_LUT6.All_RAM32M[10].ram32m_i/Using_FPGA.Native/RAMD/I (clocked by clk_out1_system_clk_wiz_0_0). Large setup violations at the end of those stages might be difficult to fix during the post-placement implementation flow and could be the result of non-optimal XDC constraints or non-optimal design architecture
Related violations: <none>

TIMING-16#61 Warning
Large setup violation  
There is a large setup violation of -1.255 ns between system_i/microblaze_0/U0/MicroBlaze_Core_I/Performance.Core/Use_DLMB.wb_dlmb_valid_read_data_reg[19]/C (clocked by clk_out1_system_clk_wiz_0_0) and system_i/microblaze_0/U0/MicroBlaze_Core_I/Performance.Core/Data_Flow_I/Register_File_I/Using_LUT6.All_RAM32M[5].ram32m_i/Using_FPGA.Native/RAMA/I (clocked by clk_out1_system_clk_wiz_0_0). Large setup violations at the end of those stages might be difficult to fix during the post-placement implementation flow and could be the result of non-optimal XDC constraints or non-optimal design architecture
Related violations: <none>

TIMING-16#62 Warning
Large setup violation  
There is a large setup violation of -1.258 ns between system_i/microblaze_0/U0/MicroBlaze_Core_I/Performance.Core/Data_Flow_I/Operand_Select_I/EX_Op1_reg[29]/C (clocked by clk_out1_system_clk_wiz_0_0) and system_i/microblaze_0/U0/MicroBlaze_Core_I/Performance.Core/Data_Flow_I/Operand_Select_I/EX_Op2_reg[5]/D (clocked by clk_out1_system_clk_wiz_0_0). Large setup violations at the end of those stages might be difficult to fix during the post-placement implementation flow and could be the result of non-optimal XDC constraints or non-optimal design architecture
Related violations: <none>

TIMING-16#63 Warning
Large setup violation  
There is a large setup violation of -1.260 ns between system_i/microblaze_0/U0/MicroBlaze_Core_I/Performance.Core/Use_DBUS.DAXI_Interface_I1/WB_DAXI_Data_Strobe_reg/C (clocked by clk_out1_system_clk_wiz_0_0) and system_i/microblaze_0/U0/MicroBlaze_Core_I/Performance.Core/Data_Flow_I/Register_File_I/Using_LUT6.All_RAM32M[13].ram32m_i/Using_FPGA.Native/RAMA/I (clocked by clk_out1_system_clk_wiz_0_0). Large setup violations at the end of those stages might be difficult to fix during the post-placement implementation flow and could be the result of non-optimal XDC constraints or non-optimal design architecture
Related violations: <none>

TIMING-16#64 Warning
Large setup violation  
There is a large setup violation of -1.260 ns between system_i/microblaze_0/U0/MicroBlaze_Core_I/Performance.Core/Using_DCache.Using_WriteBack.DCache_wb_I1/Using_Perf_4.WB_DCache_Valid_Read_data_reg[27]/C (clocked by clk_out1_system_clk_wiz_0_0) and system_i/microblaze_0/U0/MicroBlaze_Core_I/Performance.Core/Data_Flow_I/Operand_Select_I/EX_Op1_reg[3]/D (clocked by clk_out1_system_clk_wiz_0_0). Large setup violations at the end of those stages might be difficult to fix during the post-placement implementation flow and could be the result of non-optimal XDC constraints or non-optimal design architecture
Related violations: <none>

TIMING-16#65 Warning
Large setup violation  
There is a large setup violation of -1.260 ns between system_i/microblaze_0/U0/MicroBlaze_Core_I/Use_Async_Reset.sync_reset_reg_replica_3/C (clocked by clk_out1_system_clk_wiz_0_0) and system_i/microblaze_0/U0/MicroBlaze_Core_I/Performance.Core/Data_Flow_I/Data_Flow_Logic_I/Gen_Bits[30].MEM_EX_Result_Inst/Using_FPGA.Native/R (clocked by clk_out1_system_clk_wiz_0_0). Large setup violations at the end of those stages might be difficult to fix during the post-placement implementation flow and could be the result of non-optimal XDC constraints or non-optimal design architecture
Related violations: <none>

TIMING-16#66 Warning
Large setup violation  
There is a large setup violation of -1.261 ns between system_i/microblaze_0/U0/MicroBlaze_Core_I/Performance.Core/Use_DBUS.DAXI_Interface_I1/WB_DAXI_Data_Strobe_reg/C (clocked by clk_out1_system_clk_wiz_0_0) and system_i/microblaze_0/U0/MicroBlaze_Core_I/Performance.Core/Data_Flow_I/Register_File_I/Using_LUT6.All_RAM32M[6].ram32m_i/Using_FPGA.Native/RAMA_D1/I (clocked by clk_out1_system_clk_wiz_0_0). Large setup violations at the end of those stages might be difficult to fix during the post-placement implementation flow and could be the result of non-optimal XDC constraints or non-optimal design architecture
Related violations: <none>

TIMING-16#67 Warning
Large setup violation  
There is a large setup violation of -1.268 ns between system_i/microblaze_0/U0/MicroBlaze_Core_I/Performance.Core/Use_DBUS.DAXI_Interface_I1/WB_DAXI_Data_Strobe_reg/C (clocked by clk_out1_system_clk_wiz_0_0) and system_i/microblaze_0/U0/MicroBlaze_Core_I/Performance.Core/Data_Flow_I/Register_File_I/Using_LUT6.All_RAM32M[4].ram32m_i/Using_FPGA.Native/RAMB_D1/I (clocked by clk_out1_system_clk_wiz_0_0). Large setup violations at the end of those stages might be difficult to fix during the post-placement implementation flow and could be the result of non-optimal XDC constraints or non-optimal design architecture
Related violations: <none>

TIMING-16#68 Warning
Large setup violation  
There is a large setup violation of -1.275 ns between system_i/microblaze_0/U0/MicroBlaze_Core_I/Performance.Core/Data_Flow_I/Using_Stack_Protection.stack_protection_I/shr_reg_reg[21]/C (clocked by clk_out1_system_clk_wiz_0_0) and system_i/microblaze_0/U0/MicroBlaze_Core_I/Performance.Core/Data_Flow_I/exception_registers_I1/Use_LUT6.mem_BTR_reg[24]/D (clocked by clk_out1_system_clk_wiz_0_0). Large setup violations at the end of those stages might be difficult to fix during the post-placement implementation flow and could be the result of non-optimal XDC constraints or non-optimal design architecture
Related violations: <none>

TIMING-16#69 Warning
Large setup violation  
There is a large setup violation of -1.275 ns between system_i/microblaze_0/U0/MicroBlaze_Core_I/Performance.Core/Use_DBUS.DAXI_Interface_I1/WB_DAXI_Data_Strobe_reg/C (clocked by clk_out1_system_clk_wiz_0_0) and system_i/microblaze_0/U0/MicroBlaze_Core_I/Performance.Core/Data_Flow_I/Operand_Select_I/EX_Op3_reg[15]/D (clocked by clk_out1_system_clk_wiz_0_0). Large setup violations at the end of those stages might be difficult to fix during the post-placement implementation flow and could be the result of non-optimal XDC constraints or non-optimal design architecture
Related violations: <none>

TIMING-16#70 Warning
Large setup violation  
There is a large setup violation of -1.284 ns between system_i/microblaze_0/U0/MicroBlaze_Core_I/Performance.Core/Using_DCache.Using_WriteBack.DCache_wb_I1/Using_Perf_4.WB_DCache_Valid_Read_data_reg[14]/C (clocked by clk_out1_system_clk_wiz_0_0) and system_i/microblaze_0/U0/MicroBlaze_Core_I/Performance.Core/Data_Flow_I/Operand_Select_I/EX_Op1_reg[22]/D (clocked by clk_out1_system_clk_wiz_0_0). Large setup violations at the end of those stages might be difficult to fix during the post-placement implementation flow and could be the result of non-optimal XDC constraints or non-optimal design architecture
Related violations: <none>

TIMING-16#71 Warning
Large setup violation  
There is a large setup violation of -1.285 ns between system_i/microblaze_0/U0/MicroBlaze_Core_I/Performance.Core/Decode_I/wb_gpr_write_addr_reg[0]/C (clocked by clk_out1_system_clk_wiz_0_0) and system_i/microblaze_0/U0/MicroBlaze_Core_I/Performance.Core/Data_Flow_I/Operand_Select_I/EX_Op3_reg[3]/D (clocked by clk_out1_system_clk_wiz_0_0). Large setup violations at the end of those stages might be difficult to fix during the post-placement implementation flow and could be the result of non-optimal XDC constraints or non-optimal design architecture
Related violations: <none>

TIMING-16#72 Warning
Large setup violation  
There is a large setup violation of -1.289 ns between system_i/microblaze_0/U0/MicroBlaze_Core_I/Performance.Core/Data_Flow_I/Operand_Select_I/EX_Op1_reg[29]/C (clocked by clk_out1_system_clk_wiz_0_0) and system_i/microblaze_0/U0/MicroBlaze_Core_I/Performance.Core/Data_Flow_I/Operand_Select_I/EX_Op1_reg[24]/D (clocked by clk_out1_system_clk_wiz_0_0). Large setup violations at the end of those stages might be difficult to fix during the post-placement implementation flow and could be the result of non-optimal XDC constraints or non-optimal design architecture
Related violations: <none>

TIMING-16#73 Warning
Large setup violation  
There is a large setup violation of -1.298 ns between system_i/microblaze_0/U0/MicroBlaze_Core_I/Performance.Core/Use_DBUS.DAXI_Interface_I1/WB_DAXI_Data_Strobe_reg/C (clocked by clk_out1_system_clk_wiz_0_0) and system_i/microblaze_0/U0/MicroBlaze_Core_I/Performance.Core/Data_Flow_I/Register_File_I/Using_LUT6.All_RAM32M[4].ram32m_i/Using_FPGA.Native/RAMA_D1/I (clocked by clk_out1_system_clk_wiz_0_0). Large setup violations at the end of those stages might be difficult to fix during the post-placement implementation flow and could be the result of non-optimal XDC constraints or non-optimal design architecture
Related violations: <none>

TIMING-16#74 Warning
Large setup violation  
There is a large setup violation of -1.312 ns between system_i/microblaze_0/U0/MicroBlaze_Core_I/Performance.Core/Data_Flow_I/Barrel_Shifter_I/Use_HW_BS.mem_mux3_reg[23]/C (clocked by clk_out1_system_clk_wiz_0_0) and system_i/microblaze_0/U0/MicroBlaze_Core_I/Performance.Core/Data_Flow_I/Using_Stack_Protection.stack_protection_I/slr_reg_reg[23]/D (clocked by clk_out1_system_clk_wiz_0_0). Large setup violations at the end of those stages might be difficult to fix during the post-placement implementation flow and could be the result of non-optimal XDC constraints or non-optimal design architecture
Related violations: <none>

TIMING-16#75 Warning
Large setup violation  
There is a large setup violation of -1.317 ns between system_i/microblaze_0/U0/MicroBlaze_Core_I/Performance.Core/Use_DBUS.DAXI_Interface_I1/WB_DAXI_Data_Strobe_reg/C (clocked by clk_out1_system_clk_wiz_0_0) and system_i/microblaze_0/U0/MicroBlaze_Core_I/Performance.Core/Data_Flow_I/Operand_Select_I/EX_Op1_reg[12]/D (clocked by clk_out1_system_clk_wiz_0_0). Large setup violations at the end of those stages might be difficult to fix during the post-placement implementation flow and could be the result of non-optimal XDC constraints or non-optimal design architecture
Related violations: <none>

TIMING-16#76 Warning
Large setup violation  
There is a large setup violation of -1.317 ns between system_i/microblaze_0/U0/MicroBlaze_Core_I/Performance.Core/Use_DLMB.wb_dlmb_valid_read_data_reg[9]/C (clocked by clk_out1_system_clk_wiz_0_0) and system_i/microblaze_0/U0/MicroBlaze_Core_I/Performance.Core/Data_Flow_I/Register_File_I/Using_LUT6.All_RAM32M[4].ram32m_i/Using_FPGA.Native/RAMA/I (clocked by clk_out1_system_clk_wiz_0_0). Large setup violations at the end of those stages might be difficult to fix during the post-placement implementation flow and could be the result of non-optimal XDC constraints or non-optimal design architecture
Related violations: <none>

TIMING-16#77 Warning
Large setup violation  
There is a large setup violation of -1.319 ns between system_i/microblaze_0/U0/MicroBlaze_Core_I/Performance.Core/Use_DLMB.wb_dlmb_valid_read_data_reg[19]/C (clocked by clk_out1_system_clk_wiz_0_0) and system_i/microblaze_0/U0/MicroBlaze_Core_I/Performance.Core/Data_Flow_I/Operand_Select_I/EX_Op1_reg[11]/D (clocked by clk_out1_system_clk_wiz_0_0). Large setup violations at the end of those stages might be difficult to fix during the post-placement implementation flow and could be the result of non-optimal XDC constraints or non-optimal design architecture
Related violations: <none>

TIMING-16#78 Warning
Large setup violation  
There is a large setup violation of -1.320 ns between system_i/microblaze_0/U0/MicroBlaze_Core_I/Performance.Core/Use_DBUS.DAXI_Interface_I1/WB_DAXI_Data_Strobe_reg/C (clocked by clk_out1_system_clk_wiz_0_0) and system_i/microblaze_0/U0/MicroBlaze_Core_I/Performance.Core/Data_Flow_I/Register_File_I/Using_LUT6.All_RAM32M[15].ram32m_i/Using_FPGA.Native/RAMA_D1/I (clocked by clk_out1_system_clk_wiz_0_0). Large setup violations at the end of those stages might be difficult to fix during the post-placement implementation flow and could be the result of non-optimal XDC constraints or non-optimal design architecture
Related violations: <none>

TIMING-16#79 Warning
Large setup violation  
There is a large setup violation of -1.327 ns between system_i/microblaze_0/U0/MicroBlaze_Core_I/Performance.Core/Data_Flow_I/MUL_Unit_I/Use_HW_MUL.Using_DSP48_Architectures.No_MUL64.dsp_module_I3/Using_DSP48E1.DSP48E1_I1/Using_FPGA.DSP48E1_I1/CLK (clocked by clk_out1_system_clk_wiz_0_0) and system_i/microblaze_0/U0/MicroBlaze_Core_I/Performance.Core/Data_Flow_I/Operand_Select_I/EX_Op1_reg[4]/D (clocked by clk_out1_system_clk_wiz_0_0). Large setup violations at the end of those stages might be difficult to fix during the post-placement implementation flow and could be the result of non-optimal XDC constraints or non-optimal design architecture
Related violations: <none>

TIMING-16#80 Warning
Large setup violation  
There is a large setup violation of -1.331 ns between system_i/microblaze_0/U0/MicroBlaze_Core_I/Performance.Core/Using_DCache.Using_WriteBack.DCache_wb_I1/Using_Perf_4.WB_DCache_Valid_Read_data_reg[13]/C (clocked by clk_out1_system_clk_wiz_0_0) and system_i/microblaze_0/U0/MicroBlaze_Core_I/Performance.Core/Data_Flow_I/Operand_Select_I/EX_Op1_reg[29]/D (clocked by clk_out1_system_clk_wiz_0_0). Large setup violations at the end of those stages might be difficult to fix during the post-placement implementation flow and could be the result of non-optimal XDC constraints or non-optimal design architecture
Related violations: <none>

TIMING-16#81 Warning
Large setup violation  
There is a large setup violation of -1.332 ns between system_i/microblaze_0/U0/MicroBlaze_Core_I/Performance.Core/Decode_I/MEM_DataBus_Addr_reg[12]/C (clocked by clk_out1_system_clk_wiz_0_0) and system_i/microblaze_0/U0/MicroBlaze_Core_I/Performance.Core/Data_Flow_I/exception_registers_I1/Use_LUT6.mem_BTR_reg[29]/D (clocked by clk_out1_system_clk_wiz_0_0). Large setup violations at the end of those stages might be difficult to fix during the post-placement implementation flow and could be the result of non-optimal XDC constraints or non-optimal design architecture
Related violations: <none>

TIMING-16#82 Warning
Large setup violation  
There is a large setup violation of -1.336 ns between system_i/microblaze_0/U0/MicroBlaze_Core_I/Performance.Core/Using_DCache.Using_WriteBack.DCache_wb_I1/TAG_RAM_Module/Not_Using_XPM.Using_B36_S36.The_BRAMs[0].RAMB36_I1/Using_FPGA.Native/CLKARDCLK (clocked by clk_out1_system_clk_wiz_0_0) and system_i/microblaze_0/U0/MicroBlaze_Core_I/Performance.Core/Data_Flow_I/msr_reg_i/MEM_MSR_Bits[23].Using_FDR.MSR_I/Using_FPGA.Native/D (clocked by clk_out1_system_clk_wiz_0_0). Large setup violations at the end of those stages might be difficult to fix during the post-placement implementation flow and could be the result of non-optimal XDC constraints or non-optimal design architecture
Related violations: <none>

TIMING-16#83 Warning
Large setup violation  
There is a large setup violation of -1.340 ns between system_i/microblaze_0/U0/MicroBlaze_Core_I/Performance.Core/Using_DCache.Using_WriteBack.DCache_wb_I1/TAG_RAM_Module/Not_Using_XPM.Using_B36_S36.The_BRAMs[0].RAMB36_I1/Using_FPGA.Native/CLKARDCLK (clocked by clk_out1_system_clk_wiz_0_0) and system_i/microblaze_0/U0/MicroBlaze_Core_I/Performance.Core/Data_Flow_I/msr_reg_i/MEM_MSR_Bits[28].Using_FDR.MSR_I/Using_FPGA.Native/D (clocked by clk_out1_system_clk_wiz_0_0). Large setup violations at the end of those stages might be difficult to fix during the post-placement implementation flow and could be the result of non-optimal XDC constraints or non-optimal design architecture
Related violations: <none>

TIMING-16#84 Warning
Large setup violation  
There is a large setup violation of -1.345 ns between system_i/microblaze_0/U0/MicroBlaze_Core_I/Performance.Core/Using_DCache.Using_WriteBack.DCache_wb_I1/TAG_RAM_Module/Not_Using_XPM.Using_B36_S36.The_BRAMs[0].RAMB36_I1/Using_FPGA.Native/CLKARDCLK (clocked by clk_out1_system_clk_wiz_0_0) and system_i/microblaze_0/U0/MicroBlaze_Core_I/Performance.Core/Data_Flow_I/Using_Stack_Protection.stack_protection_I/SHR_Value_DFF_reg[0]/CE (clocked by clk_out1_system_clk_wiz_0_0). Large setup violations at the end of those stages might be difficult to fix during the post-placement implementation flow and could be the result of non-optimal XDC constraints or non-optimal design architecture
Related violations: <none>

TIMING-16#85 Warning
Large setup violation  
There is a large setup violation of -1.345 ns between system_i/microblaze_0/U0/MicroBlaze_Core_I/Performance.Core/Using_DCache.Using_WriteBack.DCache_wb_I1/TAG_RAM_Module/Not_Using_XPM.Using_B36_S36.The_BRAMs[0].RAMB36_I1/Using_FPGA.Native/CLKARDCLK (clocked by clk_out1_system_clk_wiz_0_0) and system_i/microblaze_0/U0/MicroBlaze_Core_I/Performance.Core/Data_Flow_I/Using_Stack_Protection.stack_protection_I/SHR_Value_DFF_reg[1]/CE (clocked by clk_out1_system_clk_wiz_0_0). Large setup violations at the end of those stages might be difficult to fix during the post-placement implementation flow and could be the result of non-optimal XDC constraints or non-optimal design architecture
Related violations: <none>

TIMING-16#86 Warning
Large setup violation  
There is a large setup violation of -1.345 ns between system_i/microblaze_0/U0/MicroBlaze_Core_I/Performance.Core/Using_DCache.Using_WriteBack.DCache_wb_I1/TAG_RAM_Module/Not_Using_XPM.Using_B36_S36.The_BRAMs[0].RAMB36_I1/Using_FPGA.Native/CLKARDCLK (clocked by clk_out1_system_clk_wiz_0_0) and system_i/microblaze_0/U0/MicroBlaze_Core_I/Performance.Core/Data_Flow_I/Using_Stack_Protection.stack_protection_I/SHR_Value_DFF_reg[5]/CE (clocked by clk_out1_system_clk_wiz_0_0). Large setup violations at the end of those stages might be difficult to fix during the post-placement implementation flow and could be the result of non-optimal XDC constraints or non-optimal design architecture
Related violations: <none>

TIMING-16#87 Warning
Large setup violation  
There is a large setup violation of -1.351 ns between system_i/microblaze_0/U0/MicroBlaze_Core_I/Performance.Core/Data_Flow_I/Operand_Select_I/EX_Op1_reg[29]/C (clocked by clk_out1_system_clk_wiz_0_0) and system_i/microblaze_0/U0/MicroBlaze_Core_I/Performance.Core/Data_Flow_I/Operand_Select_I/EX_Op1_reg[10]/D (clocked by clk_out1_system_clk_wiz_0_0). Large setup violations at the end of those stages might be difficult to fix during the post-placement implementation flow and could be the result of non-optimal XDC constraints or non-optimal design architecture
Related violations: <none>

TIMING-16#88 Warning
Large setup violation  
There is a large setup violation of -1.358 ns between system_i/microblaze_0/U0/MicroBlaze_Core_I/Performance.Core/Data_Flow_I/Operand_Select_I/EX_Op1_reg[29]/C (clocked by clk_out1_system_clk_wiz_0_0) and system_i/microblaze_0/U0/MicroBlaze_Core_I/Performance.Core/Data_Flow_I/Data_Flow_Logic_I/Gen_Bits[10].MEM_EX_Result_Inst/Using_FPGA.Native/D (clocked by clk_out1_system_clk_wiz_0_0). Large setup violations at the end of those stages might be difficult to fix during the post-placement implementation flow and could be the result of non-optimal XDC constraints or non-optimal design architecture
Related violations: <none>

TIMING-16#89 Warning
Large setup violation  
There is a large setup violation of -1.364 ns between system_i/microblaze_0/U0/MicroBlaze_Core_I/Performance.Core/Use_DBUS.DAXI_Interface_I1/WB_DAXI_Data_Strobe_reg/C (clocked by clk_out1_system_clk_wiz_0_0) and system_i/microblaze_0/U0/MicroBlaze_Core_I/Performance.Core/Data_Flow_I/Operand_Select_I/EX_Op1_reg[7]/D (clocked by clk_out1_system_clk_wiz_0_0). Large setup violations at the end of those stages might be difficult to fix during the post-placement implementation flow and could be the result of non-optimal XDC constraints or non-optimal design architecture
Related violations: <none>

TIMING-16#90 Warning
Large setup violation  
There is a large setup violation of -1.366 ns between system_i/microblaze_0/U0/MicroBlaze_Core_I/Performance.Core/Data_Flow_I/Operand_Select_I/EX_Op1_reg[29]/C (clocked by clk_out1_system_clk_wiz_0_0) and system_i/microblaze_0/U0/MicroBlaze_Core_I/Performance.Core/Data_Flow_I/Operand_Select_I/EX_Op1_reg[9]/D (clocked by clk_out1_system_clk_wiz_0_0). Large setup violations at the end of those stages might be difficult to fix during the post-placement implementation flow and could be the result of non-optimal XDC constraints or non-optimal design architecture
Related violations: <none>

TIMING-16#91 Warning
Large setup violation  
There is a large setup violation of -1.366 ns between system_i/microblaze_0/U0/MicroBlaze_Core_I/Performance.Core/Data_Flow_I/Using_Stack_Protection.stack_protection_I/shr_reg_reg[21]/C (clocked by clk_out1_system_clk_wiz_0_0) and system_i/microblaze_0/U0/MicroBlaze_Core_I/Performance.Core/Data_Flow_I/exception_registers_I1/Use_LUT6.mem_BTR_reg[7]/D (clocked by clk_out1_system_clk_wiz_0_0). Large setup violations at the end of those stages might be difficult to fix during the post-placement implementation flow and could be the result of non-optimal XDC constraints or non-optimal design architecture
Related violations: <none>

TIMING-16#92 Warning
Large setup violation  
There is a large setup violation of -1.367 ns between system_i/microblaze_0/U0/MicroBlaze_Core_I/Performance.Core/Data_Flow_I/Using_Stack_Protection.stack_protection_I/shr_reg_reg[21]/C (clocked by clk_out1_system_clk_wiz_0_0) and system_i/microblaze_0/U0/MicroBlaze_Core_I/Performance.Core/Data_Flow_I/exception_registers_I1/Use_LUT6.mem_BTR_reg[2]/D (clocked by clk_out1_system_clk_wiz_0_0). Large setup violations at the end of those stages might be difficult to fix during the post-placement implementation flow and could be the result of non-optimal XDC constraints or non-optimal design architecture
Related violations: <none>

TIMING-16#93 Warning
Large setup violation  
There is a large setup violation of -1.370 ns between system_i/microblaze_0/U0/MicroBlaze_Core_I/Performance.Core/Using_DCache.Using_WriteBack.DCache_wb_I1/TAG_RAM_Module/Not_Using_XPM.Using_B36_S36.The_BRAMs[0].RAMB36_I1/Using_FPGA.Native/CLKARDCLK (clocked by clk_out1_system_clk_wiz_0_0) and system_i/microblaze_0/U0/MicroBlaze_Core_I/Performance.Core/Data_Flow_I/Using_Stack_Protection.stack_protection_I/SHR_Value_DFF_reg[11]/CE (clocked by clk_out1_system_clk_wiz_0_0). Large setup violations at the end of those stages might be difficult to fix during the post-placement implementation flow and could be the result of non-optimal XDC constraints or non-optimal design architecture
Related violations: <none>

TIMING-16#94 Warning
Large setup violation  
There is a large setup violation of -1.370 ns between system_i/microblaze_0/U0/MicroBlaze_Core_I/Performance.Core/Using_DCache.Using_WriteBack.DCache_wb_I1/TAG_RAM_Module/Not_Using_XPM.Using_B36_S36.The_BRAMs[0].RAMB36_I1/Using_FPGA.Native/CLKARDCLK (clocked by clk_out1_system_clk_wiz_0_0) and system_i/microblaze_0/U0/MicroBlaze_Core_I/Performance.Core/Data_Flow_I/Using_Stack_Protection.stack_protection_I/SHR_Value_DFF_reg[2]/CE (clocked by clk_out1_system_clk_wiz_0_0). Large setup violations at the end of those stages might be difficult to fix during the post-placement implementation flow and could be the result of non-optimal XDC constraints or non-optimal design architecture
Related violations: <none>

TIMING-16#95 Warning
Large setup violation  
There is a large setup violation of -1.370 ns between system_i/microblaze_0/U0/MicroBlaze_Core_I/Performance.Core/Using_DCache.Using_WriteBack.DCache_wb_I1/TAG_RAM_Module/Not_Using_XPM.Using_B36_S36.The_BRAMs[0].RAMB36_I1/Using_FPGA.Native/CLKARDCLK (clocked by clk_out1_system_clk_wiz_0_0) and system_i/microblaze_0/U0/MicroBlaze_Core_I/Performance.Core/Data_Flow_I/Using_Stack_Protection.stack_protection_I/SHR_Value_DFF_reg[3]/CE (clocked by clk_out1_system_clk_wiz_0_0). Large setup violations at the end of those stages might be difficult to fix during the post-placement implementation flow and could be the result of non-optimal XDC constraints or non-optimal design architecture
Related violations: <none>

TIMING-16#96 Warning
Large setup violation  
There is a large setup violation of -1.370 ns between system_i/microblaze_0/U0/MicroBlaze_Core_I/Performance.Core/Using_DCache.Using_WriteBack.DCache_wb_I1/TAG_RAM_Module/Not_Using_XPM.Using_B36_S36.The_BRAMs[0].RAMB36_I1/Using_FPGA.Native/CLKARDCLK (clocked by clk_out1_system_clk_wiz_0_0) and system_i/microblaze_0/U0/MicroBlaze_Core_I/Performance.Core/Data_Flow_I/Using_Stack_Protection.stack_protection_I/SHR_Value_DFF_reg[6]/CE (clocked by clk_out1_system_clk_wiz_0_0). Large setup violations at the end of those stages might be difficult to fix during the post-placement implementation flow and could be the result of non-optimal XDC constraints or non-optimal design architecture
Related violations: <none>

TIMING-16#97 Warning
Large setup violation  
There is a large setup violation of -1.370 ns between system_i/microblaze_0/U0/MicroBlaze_Core_I/Performance.Core/Using_DCache.Using_WriteBack.DCache_wb_I1/TAG_RAM_Module/Not_Using_XPM.Using_B36_S36.The_BRAMs[0].RAMB36_I1/Using_FPGA.Native/CLKARDCLK (clocked by clk_out1_system_clk_wiz_0_0) and system_i/microblaze_0/U0/MicroBlaze_Core_I/Performance.Core/Data_Flow_I/Using_Stack_Protection.stack_protection_I/SHR_Value_DFF_reg[7]/CE (clocked by clk_out1_system_clk_wiz_0_0). Large setup violations at the end of those stages might be difficult to fix during the post-placement implementation flow and could be the result of non-optimal XDC constraints or non-optimal design architecture
Related violations: <none>

TIMING-16#98 Warning
Large setup violation  
There is a large setup violation of -1.370 ns between system_i/microblaze_0/U0/MicroBlaze_Core_I/Performance.Core/Using_DCache.Using_WriteBack.DCache_wb_I1/TAG_RAM_Module/Not_Using_XPM.Using_B36_S36.The_BRAMs[0].RAMB36_I1/Using_FPGA.Native/CLKARDCLK (clocked by clk_out1_system_clk_wiz_0_0) and system_i/microblaze_0/U0/MicroBlaze_Core_I/Performance.Core/Data_Flow_I/Using_Stack_Protection.stack_protection_I/SHR_Value_DFF_reg[8]/CE (clocked by clk_out1_system_clk_wiz_0_0). Large setup violations at the end of those stages might be difficult to fix during the post-placement implementation flow and could be the result of non-optimal XDC constraints or non-optimal design architecture
Related violations: <none>

TIMING-16#99 Warning
Large setup violation  
There is a large setup violation of -1.370 ns between system_i/microblaze_0/U0/MicroBlaze_Core_I/Performance.Core/Using_DCache.Using_WriteBack.DCache_wb_I1/Using_Perf_4.WB_DCache_Valid_Read_data_reg[1]/C (clocked by clk_out1_system_clk_wiz_0_0) and system_i/microblaze_0/U0/MicroBlaze_Core_I/Performance.Core/Data_Flow_I/Operand_Select_I/EX_Op1_reg[1]/D (clocked by clk_out1_system_clk_wiz_0_0). Large setup violations at the end of those stages might be difficult to fix during the post-placement implementation flow and could be the result of non-optimal XDC constraints or non-optimal design architecture
Related violations: <none>

TIMING-16#100 Warning
Large setup violation  
There is a large setup violation of -1.374 ns between system_i/microblaze_0/U0/MicroBlaze_Core_I/Performance.Core/Using_DCache.Using_WriteBack.DCache_wb_I1/Using_Perf_4.WB_DCache_Valid_Read_data_reg[12]/C (clocked by clk_out1_system_clk_wiz_0_0) and system_i/microblaze_0/U0/MicroBlaze_Core_I/Performance.Core/Data_Flow_I/Operand_Select_I/EX_Op1_reg[20]/D (clocked by clk_out1_system_clk_wiz_0_0). Large setup violations at the end of those stages might be difficult to fix during the post-placement implementation flow and could be the result of non-optimal XDC constraints or non-optimal design architecture
Related violations: <none>

TIMING-16#101 Warning
Large setup violation  
There is a large setup violation of -1.377 ns between system_i/microblaze_0/U0/MicroBlaze_Core_I/Performance.Core/Data_Flow_I/Operand_Select_I/EX_Op1_reg[29]/C (clocked by clk_out1_system_clk_wiz_0_0) and system_i/microblaze_0/U0/MicroBlaze_Core_I/Performance.Core/Data_Flow_I/Operand_Select_I/EX_Op1_reg[16]/D (clocked by clk_out1_system_clk_wiz_0_0). Large setup violations at the end of those stages might be difficult to fix during the post-placement implementation flow and could be the result of non-optimal XDC constraints or non-optimal design architecture
Related violations: <none>

TIMING-16#102 Warning
Large setup violation  
There is a large setup violation of -1.379 ns between system_i/microblaze_0/U0/MicroBlaze_Core_I/Performance.Core/Data_Flow_I/Operand_Select_I/EX_Op1_reg[15]/C (clocked by clk_out1_system_clk_wiz_0_0) and system_i/microblaze_0/U0/MicroBlaze_Core_I/Performance.Core/Data_Flow_I/Data_Flow_Logic_I/Gen_Bits[31].MEM_EX_Result_Inst/Using_FPGA.Native/D (clocked by clk_out1_system_clk_wiz_0_0). Large setup violations at the end of those stages might be difficult to fix during the post-placement implementation flow and could be the result of non-optimal XDC constraints or non-optimal design architecture
Related violations: <none>

TIMING-16#103 Warning
Large setup violation  
There is a large setup violation of -1.380 ns between system_i/microblaze_0/U0/MicroBlaze_Core_I/Performance.Core/Using_DCache.Using_WriteBack.DCache_wb_I1/TAG_RAM_Module/Not_Using_XPM.Using_B36_S36.The_BRAMs[0].RAMB36_I1/Using_FPGA.Native/CLKARDCLK (clocked by clk_out1_system_clk_wiz_0_0) and system_i/microblaze_0/U0/MicroBlaze_Core_I/Performance.Core/Data_Flow_I/exception_registers_I1/WB_EAR_reg[1]/CE (clocked by clk_out1_system_clk_wiz_0_0). Large setup violations at the end of those stages might be difficult to fix during the post-placement implementation flow and could be the result of non-optimal XDC constraints or non-optimal design architecture
Related violations: <none>

TIMING-16#104 Warning
Large setup violation  
There is a large setup violation of -1.380 ns between system_i/microblaze_0/U0/MicroBlaze_Core_I/Performance.Core/Using_DCache.Using_WriteBack.DCache_wb_I1/TAG_RAM_Module/Not_Using_XPM.Using_B36_S36.The_BRAMs[0].RAMB36_I1/Using_FPGA.Native/CLKARDCLK (clocked by clk_out1_system_clk_wiz_0_0) and system_i/microblaze_0/U0/MicroBlaze_Core_I/Performance.Core/Data_Flow_I/exception_registers_I1/WB_EAR_reg[23]/CE (clocked by clk_out1_system_clk_wiz_0_0). Large setup violations at the end of those stages might be difficult to fix during the post-placement implementation flow and could be the result of non-optimal XDC constraints or non-optimal design architecture
Related violations: <none>

TIMING-16#105 Warning
Large setup violation  
There is a large setup violation of -1.380 ns between system_i/microblaze_0/U0/MicroBlaze_Core_I/Performance.Core/Using_DCache.Using_WriteBack.DCache_wb_I1/TAG_RAM_Module/Not_Using_XPM.Using_B36_S36.The_BRAMs[0].RAMB36_I1/Using_FPGA.Native/CLKARDCLK (clocked by clk_out1_system_clk_wiz_0_0) and system_i/microblaze_0/U0/MicroBlaze_Core_I/Performance.Core/Data_Flow_I/exception_registers_I1/WB_EAR_reg[2]/CE (clocked by clk_out1_system_clk_wiz_0_0). Large setup violations at the end of those stages might be difficult to fix during the post-placement implementation flow and could be the result of non-optimal XDC constraints or non-optimal design architecture
Related violations: <none>

TIMING-16#106 Warning
Large setup violation  
There is a large setup violation of -1.380 ns between system_i/microblaze_0/U0/MicroBlaze_Core_I/Performance.Core/Using_DCache.Using_WriteBack.DCache_wb_I1/TAG_RAM_Module/Not_Using_XPM.Using_B36_S36.The_BRAMs[0].RAMB36_I1/Using_FPGA.Native/CLKARDCLK (clocked by clk_out1_system_clk_wiz_0_0) and system_i/microblaze_0/U0/MicroBlaze_Core_I/Performance.Core/Data_Flow_I/exception_registers_I1/WB_EAR_reg[3]/CE (clocked by clk_out1_system_clk_wiz_0_0). Large setup violations at the end of those stages might be difficult to fix during the post-placement implementation flow and could be the result of non-optimal XDC constraints or non-optimal design architecture
Related violations: <none>

TIMING-16#107 Warning
Large setup violation  
There is a large setup violation of -1.381 ns between system_i/microblaze_0/U0/MicroBlaze_Core_I/Performance.Core/Data_Flow_I/Operand_Select_I/EX_Op1_reg[29]/C (clocked by clk_out1_system_clk_wiz_0_0) and system_i/microblaze_0/U0/MicroBlaze_Core_I/Performance.Core/Data_Flow_I/Data_Flow_Logic_I/Gen_Bits[17].MEM_EX_Result_Inst/Using_FPGA.Native/D (clocked by clk_out1_system_clk_wiz_0_0). Large setup violations at the end of those stages might be difficult to fix during the post-placement implementation flow and could be the result of non-optimal XDC constraints or non-optimal design architecture
Related violations: <none>

TIMING-16#108 Warning
Large setup violation  
There is a large setup violation of -1.384 ns between system_i/microblaze_0/U0/MicroBlaze_Core_I/Performance.Core/Use_DLMB.wb_dlmb_valid_read_data_reg[25]/C (clocked by clk_out1_system_clk_wiz_0_0) and system_i/microblaze_0/U0/MicroBlaze_Core_I/Performance.Core/Data_Flow_I/Operand_Select_I/EX_Branch_CMP_Op1_reg[17]/D (clocked by clk_out1_system_clk_wiz_0_0). Large setup violations at the end of those stages might be difficult to fix during the post-placement implementation flow and could be the result of non-optimal XDC constraints or non-optimal design architecture
Related violations: <none>

TIMING-16#109 Warning
Large setup violation  
There is a large setup violation of -1.388 ns between system_i/microblaze_0/U0/MicroBlaze_Core_I/Performance.Core/Data_Flow_I/Operand_Select_I/EX_Op1_reg[29]/C (clocked by clk_out1_system_clk_wiz_0_0) and system_i/microblaze_0/U0/MicroBlaze_Core_I/Performance.Core/Data_Flow_I/Operand_Select_I/EX_Op1_reg[13]/D (clocked by clk_out1_system_clk_wiz_0_0). Large setup violations at the end of those stages might be difficult to fix during the post-placement implementation flow and could be the result of non-optimal XDC constraints or non-optimal design architecture
Related violations: <none>

TIMING-16#110 Warning
Large setup violation  
There is a large setup violation of -1.402 ns between system_i/microblaze_0/U0/MicroBlaze_Core_I/Performance.Core/Using_DCache.Using_WriteBack.DCache_wb_I1/Using_Perf_4.WB_DCache_Valid_Read_data_reg[13]/C (clocked by clk_out1_system_clk_wiz_0_0) and system_i/microblaze_0/U0/MicroBlaze_Core_I/Performance.Core/Data_Flow_I/Register_File_I/Using_LUT6.All_RAM32M[14].ram32m_i/Using_FPGA.Native/RAMA/I (clocked by clk_out1_system_clk_wiz_0_0). Large setup violations at the end of those stages might be difficult to fix during the post-placement implementation flow and could be the result of non-optimal XDC constraints or non-optimal design architecture
Related violations: <none>

TIMING-16#111 Warning
Large setup violation  
There is a large setup violation of -1.414 ns between system_i/microblaze_0/U0/MicroBlaze_Core_I/Performance.Core/Using_DCache.Using_WriteBack.DCache_wb_I1/TAG_RAM_Module/Not_Using_XPM.Using_B36_S36.The_BRAMs[0].RAMB36_I1/Using_FPGA.Native/CLKARDCLK (clocked by clk_out1_system_clk_wiz_0_0) and system_i/microblaze_0/U0/MicroBlaze_Core_I/Performance.Core/Data_Flow_I/msr_reg_i/MEM_MSR_Bits[25].Using_FDR.MSR_I/Using_FPGA.Native/D (clocked by clk_out1_system_clk_wiz_0_0). Large setup violations at the end of those stages might be difficult to fix during the post-placement implementation flow and could be the result of non-optimal XDC constraints or non-optimal design architecture
Related violations: <none>

TIMING-16#112 Warning
Large setup violation  
There is a large setup violation of -1.415 ns between system_i/microblaze_0/U0/MicroBlaze_Core_I/Performance.Core/Data_Flow_I/Using_Stack_Protection.stack_protection_I/shr_reg_reg[21]/C (clocked by clk_out1_system_clk_wiz_0_0) and system_i/microblaze_0/U0/MicroBlaze_Core_I/Performance.Core/Data_Flow_I/exception_registers_I1/Use_LUT6.mem_BTR_reg[18]/D (clocked by clk_out1_system_clk_wiz_0_0). Large setup violations at the end of those stages might be difficult to fix during the post-placement implementation flow and could be the result of non-optimal XDC constraints or non-optimal design architecture
Related violations: <none>

TIMING-16#113 Warning
Large setup violation  
There is a large setup violation of -1.416 ns between system_i/microblaze_0/U0/MicroBlaze_Core_I/Performance.Core/Using_DCache.Using_WriteBack.DCache_wb_I1/TAG_RAM_Module/Not_Using_XPM.Using_B36_S36.The_BRAMs[0].RAMB36_I1/Using_FPGA.Native/CLKARDCLK (clocked by clk_out1_system_clk_wiz_0_0) and system_i/microblaze_0/U0/MicroBlaze_Core_I/Performance.Core/Data_Flow_I/exception_registers_I1/WB_BTR_reg[0]/CE (clocked by clk_out1_system_clk_wiz_0_0). Large setup violations at the end of those stages might be difficult to fix during the post-placement implementation flow and could be the result of non-optimal XDC constraints or non-optimal design architecture
Related violations: <none>

TIMING-16#114 Warning
Large setup violation  
There is a large setup violation of -1.416 ns between system_i/microblaze_0/U0/MicroBlaze_Core_I/Performance.Core/Using_DCache.Using_WriteBack.DCache_wb_I1/TAG_RAM_Module/Not_Using_XPM.Using_B36_S36.The_BRAMs[0].RAMB36_I1/Using_FPGA.Native/CLKARDCLK (clocked by clk_out1_system_clk_wiz_0_0) and system_i/microblaze_0/U0/MicroBlaze_Core_I/Performance.Core/Data_Flow_I/exception_registers_I1/WB_BTR_reg[10]/CE (clocked by clk_out1_system_clk_wiz_0_0). Large setup violations at the end of those stages might be difficult to fix during the post-placement implementation flow and could be the result of non-optimal XDC constraints or non-optimal design architecture
Related violations: <none>

TIMING-16#115 Warning
Large setup violation  
There is a large setup violation of -1.416 ns between system_i/microblaze_0/U0/MicroBlaze_Core_I/Performance.Core/Using_DCache.Using_WriteBack.DCache_wb_I1/TAG_RAM_Module/Not_Using_XPM.Using_B36_S36.The_BRAMs[0].RAMB36_I1/Using_FPGA.Native/CLKARDCLK (clocked by clk_out1_system_clk_wiz_0_0) and system_i/microblaze_0/U0/MicroBlaze_Core_I/Performance.Core/Data_Flow_I/exception_registers_I1/WB_BTR_reg[14]/CE (clocked by clk_out1_system_clk_wiz_0_0). Large setup violations at the end of those stages might be difficult to fix during the post-placement implementation flow and could be the result of non-optimal XDC constraints or non-optimal design architecture
Related violations: <none>

TIMING-16#116 Warning
Large setup violation  
There is a large setup violation of -1.416 ns between system_i/microblaze_0/U0/MicroBlaze_Core_I/Performance.Core/Using_DCache.Using_WriteBack.DCache_wb_I1/TAG_RAM_Module/Not_Using_XPM.Using_B36_S36.The_BRAMs[0].RAMB36_I1/Using_FPGA.Native/CLKARDCLK (clocked by clk_out1_system_clk_wiz_0_0) and system_i/microblaze_0/U0/MicroBlaze_Core_I/Performance.Core/Data_Flow_I/exception_registers_I1/WB_BTR_reg[1]/CE (clocked by clk_out1_system_clk_wiz_0_0). Large setup violations at the end of those stages might be difficult to fix during the post-placement implementation flow and could be the result of non-optimal XDC constraints or non-optimal design architecture
Related violations: <none>

TIMING-16#117 Warning
Large setup violation  
There is a large setup violation of -1.416 ns between system_i/microblaze_0/U0/MicroBlaze_Core_I/Performance.Core/Using_DCache.Using_WriteBack.DCache_wb_I1/TAG_RAM_Module/Not_Using_XPM.Using_B36_S36.The_BRAMs[0].RAMB36_I1/Using_FPGA.Native/CLKARDCLK (clocked by clk_out1_system_clk_wiz_0_0) and system_i/microblaze_0/U0/MicroBlaze_Core_I/Performance.Core/Data_Flow_I/exception_registers_I1/WB_BTR_reg[23]/CE (clocked by clk_out1_system_clk_wiz_0_0). Large setup violations at the end of those stages might be difficult to fix during the post-placement implementation flow and could be the result of non-optimal XDC constraints or non-optimal design architecture
Related violations: <none>

TIMING-16#118 Warning
Large setup violation  
There is a large setup violation of -1.416 ns between system_i/microblaze_0/U0/MicroBlaze_Core_I/Performance.Core/Using_DCache.Using_WriteBack.DCache_wb_I1/TAG_RAM_Module/Not_Using_XPM.Using_B36_S36.The_BRAMs[0].RAMB36_I1/Using_FPGA.Native/CLKARDCLK (clocked by clk_out1_system_clk_wiz_0_0) and system_i/microblaze_0/U0/MicroBlaze_Core_I/Performance.Core/Data_Flow_I/exception_registers_I1/WB_BTR_reg[26]/CE (clocked by clk_out1_system_clk_wiz_0_0). Large setup violations at the end of those stages might be difficult to fix during the post-placement implementation flow and could be the result of non-optimal XDC constraints or non-optimal design architecture
Related violations: <none>

TIMING-16#119 Warning
Large setup violation  
There is a large setup violation of -1.416 ns between system_i/microblaze_0/U0/MicroBlaze_Core_I/Performance.Core/Using_DCache.Using_WriteBack.DCache_wb_I1/TAG_RAM_Module/Not_Using_XPM.Using_B36_S36.The_BRAMs[0].RAMB36_I1/Using_FPGA.Native/CLKARDCLK (clocked by clk_out1_system_clk_wiz_0_0) and system_i/microblaze_0/U0/MicroBlaze_Core_I/Performance.Core/Data_Flow_I/exception_registers_I1/WB_BTR_reg[28]/CE (clocked by clk_out1_system_clk_wiz_0_0). Large setup violations at the end of those stages might be difficult to fix during the post-placement implementation flow and could be the result of non-optimal XDC constraints or non-optimal design architecture
Related violations: <none>

TIMING-16#120 Warning
Large setup violation  
There is a large setup violation of -1.416 ns between system_i/microblaze_0/U0/MicroBlaze_Core_I/Performance.Core/Using_DCache.Using_WriteBack.DCache_wb_I1/TAG_RAM_Module/Not_Using_XPM.Using_B36_S36.The_BRAMs[0].RAMB36_I1/Using_FPGA.Native/CLKARDCLK (clocked by clk_out1_system_clk_wiz_0_0) and system_i/microblaze_0/U0/MicroBlaze_Core_I/Performance.Core/Data_Flow_I/exception_registers_I1/WB_BTR_reg[8]/CE (clocked by clk_out1_system_clk_wiz_0_0). Large setup violations at the end of those stages might be difficult to fix during the post-placement implementation flow and could be the result of non-optimal XDC constraints or non-optimal design architecture
Related violations: <none>

TIMING-16#121 Warning
Large setup violation  
There is a large setup violation of -1.418 ns between system_i/microblaze_0/U0/MicroBlaze_Core_I/Performance.Core/Data_Flow_I/Using_Stack_Protection.stack_protection_I/shr_reg_reg[21]/C (clocked by clk_out1_system_clk_wiz_0_0) and system_i/microblaze_0/U0/MicroBlaze_Core_I/Performance.Core/Data_Flow_I/exception_registers_I1/Use_LUT6.mem_BTR_reg[23]/D (clocked by clk_out1_system_clk_wiz_0_0). Large setup violations at the end of those stages might be difficult to fix during the post-placement implementation flow and could be the result of non-optimal XDC constraints or non-optimal design architecture
Related violations: <none>

TIMING-16#122 Warning
Large setup violation  
There is a large setup violation of -1.420 ns between system_i/microblaze_0/U0/MicroBlaze_Core_I/Performance.Core/Data_Flow_I/Using_Stack_Protection.stack_protection_I/shr_reg_reg[21]/C (clocked by clk_out1_system_clk_wiz_0_0) and system_i/microblaze_0/U0/MicroBlaze_Core_I/Performance.Core/Data_Flow_I/exception_registers_I1/Use_LUT6.mem_BTR_reg[28]/D (clocked by clk_out1_system_clk_wiz_0_0). Large setup violations at the end of those stages might be difficult to fix during the post-placement implementation flow and could be the result of non-optimal XDC constraints or non-optimal design architecture
Related violations: <none>

TIMING-16#123 Warning
Large setup violation  
There is a large setup violation of -1.421 ns between system_i/microblaze_0/U0/MicroBlaze_Core_I/Performance.Core/Data_Flow_I/Using_Stack_Protection.stack_protection_I/shr_reg_reg[21]/C (clocked by clk_out1_system_clk_wiz_0_0) and system_i/microblaze_0/U0/MicroBlaze_Core_I/Performance.Core/Data_Flow_I/exception_registers_I1/Use_LUT6.mem_BTR_reg[4]/D (clocked by clk_out1_system_clk_wiz_0_0). Large setup violations at the end of those stages might be difficult to fix during the post-placement implementation flow and could be the result of non-optimal XDC constraints or non-optimal design architecture
Related violations: <none>

TIMING-16#124 Warning
Large setup violation  
There is a large setup violation of -1.422 ns between system_i/microblaze_0/U0/MicroBlaze_Core_I/Performance.Core/Data_Flow_I/Using_Stack_Protection.stack_protection_I/shr_reg_reg[21]/C (clocked by clk_out1_system_clk_wiz_0_0) and system_i/microblaze_0/U0/MicroBlaze_Core_I/Performance.Core/Data_Flow_I/exception_registers_I1/Use_LUT6.mem_BTR_reg[31]/D (clocked by clk_out1_system_clk_wiz_0_0). Large setup violations at the end of those stages might be difficult to fix during the post-placement implementation flow and could be the result of non-optimal XDC constraints or non-optimal design architecture
Related violations: <none>

TIMING-16#125 Warning
Large setup violation  
There is a large setup violation of -1.427 ns between system_i/microblaze_0/U0/MicroBlaze_Core_I/Performance.Core/Data_Flow_I/Using_Stack_Protection.stack_protection_I/shr_reg_reg[21]/C (clocked by clk_out1_system_clk_wiz_0_0) and system_i/microblaze_0/U0/MicroBlaze_Core_I/Performance.Core/Data_Flow_I/exception_registers_I1/Use_LUT6.mem_BTR_reg[9]/D (clocked by clk_out1_system_clk_wiz_0_0). Large setup violations at the end of those stages might be difficult to fix during the post-placement implementation flow and could be the result of non-optimal XDC constraints or non-optimal design architecture
Related violations: <none>

TIMING-16#126 Warning
Large setup violation  
There is a large setup violation of -1.434 ns between system_i/microblaze_0/U0/MicroBlaze_Core_I/Performance.Core/Data_Flow_I/Operand_Select_I/EX_Op1_reg[29]/C (clocked by clk_out1_system_clk_wiz_0_0) and system_i/microblaze_0/U0/MicroBlaze_Core_I/Performance.Core/Data_Flow_I/Operand_Select_I/EX_Op2_reg[4]/D (clocked by clk_out1_system_clk_wiz_0_0). Large setup violations at the end of those stages might be difficult to fix during the post-placement implementation flow and could be the result of non-optimal XDC constraints or non-optimal design architecture
Related violations: <none>

TIMING-16#127 Warning
Large setup violation  
There is a large setup violation of -1.434 ns between system_i/microblaze_0/U0/MicroBlaze_Core_I/Performance.Core/Data_Flow_I/Operand_Select_I/EX_Op2_reg[21]/C (clocked by clk_out1_system_clk_wiz_0_0) and system_i/microblaze_0/U0/MicroBlaze_Core_I/Performance.Core/Data_Flow_I/MUL_Unit_I/Use_HW_MUL.Using_DSP48_Architectures.dsp_module_I1/Using_DSP48E1.DSP48E1_I1/Using_FPGA.DSP48E1_I1/B[10] (clocked by clk_out1_system_clk_wiz_0_0). Large setup violations at the end of those stages might be difficult to fix during the post-placement implementation flow and could be the result of non-optimal XDC constraints or non-optimal design architecture
Related violations: <none>

TIMING-16#128 Warning
Large setup violation  
There is a large setup violation of -1.434 ns between system_i/microblaze_0/U0/MicroBlaze_Core_I/Performance.Core/Using_DCache.Using_WriteBack.DCache_wb_I1/TAG_RAM_Module/Not_Using_XPM.Using_B36_S36.The_BRAMs[0].RAMB36_I1/Using_FPGA.Native/CLKARDCLK (clocked by clk_out1_system_clk_wiz_0_0) and system_i/microblaze_0/U0/MicroBlaze_Core_I/Performance.Core/Data_Flow_I/exception_registers_I1/WB_EAR_reg[0]/CE (clocked by clk_out1_system_clk_wiz_0_0). Large setup violations at the end of those stages might be difficult to fix during the post-placement implementation flow and could be the result of non-optimal XDC constraints or non-optimal design architecture
Related violations: <none>

TIMING-16#129 Warning
Large setup violation  
There is a large setup violation of -1.434 ns between system_i/microblaze_0/U0/MicroBlaze_Core_I/Performance.Core/Using_DCache.Using_WriteBack.DCache_wb_I1/TAG_RAM_Module/Not_Using_XPM.Using_B36_S36.The_BRAMs[0].RAMB36_I1/Using_FPGA.Native/CLKARDCLK (clocked by clk_out1_system_clk_wiz_0_0) and system_i/microblaze_0/U0/MicroBlaze_Core_I/Performance.Core/Data_Flow_I/exception_registers_I1/WB_EAR_reg[11]/CE (clocked by clk_out1_system_clk_wiz_0_0). Large setup violations at the end of those stages might be difficult to fix during the post-placement implementation flow and could be the result of non-optimal XDC constraints or non-optimal design architecture
Related violations: <none>

TIMING-16#130 Warning
Large setup violation  
There is a large setup violation of -1.434 ns between system_i/microblaze_0/U0/MicroBlaze_Core_I/Performance.Core/Using_DCache.Using_WriteBack.DCache_wb_I1/TAG_RAM_Module/Not_Using_XPM.Using_B36_S36.The_BRAMs[0].RAMB36_I1/Using_FPGA.Native/CLKARDCLK (clocked by clk_out1_system_clk_wiz_0_0) and system_i/microblaze_0/U0/MicroBlaze_Core_I/Performance.Core/Data_Flow_I/exception_registers_I1/WB_EAR_reg[14]/CE (clocked by clk_out1_system_clk_wiz_0_0). Large setup violations at the end of those stages might be difficult to fix during the post-placement implementation flow and could be the result of non-optimal XDC constraints or non-optimal design architecture
Related violations: <none>

TIMING-16#131 Warning
Large setup violation  
There is a large setup violation of -1.434 ns between system_i/microblaze_0/U0/MicroBlaze_Core_I/Performance.Core/Using_DCache.Using_WriteBack.DCache_wb_I1/TAG_RAM_Module/Not_Using_XPM.Using_B36_S36.The_BRAMs[0].RAMB36_I1/Using_FPGA.Native/CLKARDCLK (clocked by clk_out1_system_clk_wiz_0_0) and system_i/microblaze_0/U0/MicroBlaze_Core_I/Performance.Core/Data_Flow_I/exception_registers_I1/WB_EAR_reg[21]/CE (clocked by clk_out1_system_clk_wiz_0_0). Large setup violations at the end of those stages might be difficult to fix during the post-placement implementation flow and could be the result of non-optimal XDC constraints or non-optimal design architecture
Related violations: <none>

TIMING-16#132 Warning
Large setup violation  
There is a large setup violation of -1.442 ns between system_i/microblaze_0/U0/MicroBlaze_Core_I/Performance.Core/Decode_I/wb_gpr_write_addr_reg[0]/C (clocked by clk_out1_system_clk_wiz_0_0) and system_i/microblaze_0/U0/MicroBlaze_Core_I/Performance.Core/Data_Flow_I/Operand_Select_I/EX_Op3_reg[1]/D (clocked by clk_out1_system_clk_wiz_0_0). Large setup violations at the end of those stages might be difficult to fix during the post-placement implementation flow and could be the result of non-optimal XDC constraints or non-optimal design architecture
Related violations: <none>

TIMING-16#133 Warning
Large setup violation  
There is a large setup violation of -1.444 ns between system_i/microblaze_0/U0/MicroBlaze_Core_I/Performance.Core/Data_Flow_I/Barrel_Shifter_I/Use_HW_BS.mem_mux3_reg[13]/C (clocked by clk_out1_system_clk_wiz_0_0) and system_i/microblaze_0/U0/MicroBlaze_Core_I/Performance.Core/Data_Flow_I/Operand_Select_I/EX_Op3_reg[5]/D (clocked by clk_out1_system_clk_wiz_0_0). Large setup violations at the end of those stages might be difficult to fix during the post-placement implementation flow and could be the result of non-optimal XDC constraints or non-optimal design architecture
Related violations: <none>

TIMING-16#134 Warning
Large setup violation  
There is a large setup violation of -1.447 ns between system_i/microblaze_0/U0/MicroBlaze_Core_I/Performance.Core/Using_DCache.Using_WriteBack.DCache_wb_I1/TAG_RAM_Module/Not_Using_XPM.Using_B36_S36.The_BRAMs[0].RAMB36_I1/Using_FPGA.Native/CLKARDCLK (clocked by clk_out1_system_clk_wiz_0_0) and system_i/microblaze_0/U0/MicroBlaze_Core_I/Performance.Core/Data_Flow_I/exception_registers_I1/wb_EAR_i_reg[16]/CE (clocked by clk_out1_system_clk_wiz_0_0). Large setup violations at the end of those stages might be difficult to fix during the post-placement implementation flow and could be the result of non-optimal XDC constraints or non-optimal design architecture
Related violations: <none>

TIMING-16#135 Warning
Large setup violation  
There is a large setup violation of -1.447 ns between system_i/microblaze_0/U0/MicroBlaze_Core_I/Performance.Core/Using_DCache.Using_WriteBack.DCache_wb_I1/TAG_RAM_Module/Not_Using_XPM.Using_B36_S36.The_BRAMs[0].RAMB36_I1/Using_FPGA.Native/CLKARDCLK (clocked by clk_out1_system_clk_wiz_0_0) and system_i/microblaze_0/U0/MicroBlaze_Core_I/Performance.Core/Data_Flow_I/exception_registers_I1/wb_EAR_i_reg[1]/CE (clocked by clk_out1_system_clk_wiz_0_0). Large setup violations at the end of those stages might be difficult to fix during the post-placement implementation flow and could be the result of non-optimal XDC constraints or non-optimal design architecture
Related violations: <none>

TIMING-16#136 Warning
Large setup violation  
There is a large setup violation of -1.447 ns between system_i/microblaze_0/U0/MicroBlaze_Core_I/Performance.Core/Using_DCache.Using_WriteBack.DCache_wb_I1/TAG_RAM_Module/Not_Using_XPM.Using_B36_S36.The_BRAMs[0].RAMB36_I1/Using_FPGA.Native/CLKARDCLK (clocked by clk_out1_system_clk_wiz_0_0) and system_i/microblaze_0/U0/MicroBlaze_Core_I/Performance.Core/Data_Flow_I/exception_registers_I1/wb_EAR_i_reg[8]/CE (clocked by clk_out1_system_clk_wiz_0_0). Large setup violations at the end of those stages might be difficult to fix during the post-placement implementation flow and could be the result of non-optimal XDC constraints or non-optimal design architecture
Related violations: <none>

TIMING-16#137 Warning
Large setup violation  
There is a large setup violation of -1.450 ns between system_i/microblaze_0/U0/MicroBlaze_Core_I/Performance.Core/Using_DCache.Using_WriteBack.DCache_wb_I1/Using_Perf_4.WB_DCache_Valid_Read_data_reg[12]/C (clocked by clk_out1_system_clk_wiz_0_0) and system_i/microblaze_0/U0/MicroBlaze_Core_I/Performance.Core/Data_Flow_I/Register_File_I/Using_LUT6.All_RAM32M[10].ram32m_i/Using_FPGA.Native/RAMD_D1/I (clocked by clk_out1_system_clk_wiz_0_0). Large setup violations at the end of those stages might be difficult to fix during the post-placement implementation flow and could be the result of non-optimal XDC constraints or non-optimal design architecture
Related violations: <none>

TIMING-16#138 Warning
Large setup violation  
There is a large setup violation of -1.462 ns between system_i/microblaze_0/U0/MicroBlaze_Core_I/Performance.Core/Data_Flow_I/Operand_Select_I/EX_Op2_reg[24]/C (clocked by clk_out1_system_clk_wiz_0_0) and system_i/microblaze_0/U0/MicroBlaze_Core_I/Performance.Core/Data_Flow_I/MUL_Unit_I/Use_HW_MUL.Using_DSP48_Architectures.dsp_module_I1/Using_DSP48E1.DSP48E1_I1/Using_FPGA.DSP48E1_I1/B[7] (clocked by clk_out1_system_clk_wiz_0_0). Large setup violations at the end of those stages might be difficult to fix during the post-placement implementation flow and could be the result of non-optimal XDC constraints or non-optimal design architecture
Related violations: <none>

TIMING-16#139 Warning
Large setup violation  
There is a large setup violation of -1.467 ns between system_i/microblaze_0/U0/MicroBlaze_Core_I/Performance.Core/Data_Flow_I/Using_Stack_Protection.stack_protection_I/shr_reg_reg[21]/C (clocked by clk_out1_system_clk_wiz_0_0) and system_i/microblaze_0/U0/MicroBlaze_Core_I/Performance.Core/Data_Flow_I/exception_registers_I1/Use_LUT6.mem_BTR_reg[20]/D (clocked by clk_out1_system_clk_wiz_0_0). Large setup violations at the end of those stages might be difficult to fix during the post-placement implementation flow and could be the result of non-optimal XDC constraints or non-optimal design architecture
Related violations: <none>

TIMING-16#140 Warning
Large setup violation  
There is a large setup violation of -1.468 ns between system_i/microblaze_0/U0/MicroBlaze_Core_I/Performance.Core/Use_DBUS.DAXI_Interface_I1/WB_DAXI_Data_Strobe_reg/C (clocked by clk_out1_system_clk_wiz_0_0) and system_i/microblaze_0/U0/MicroBlaze_Core_I/Performance.Core/Data_Flow_I/Register_File_I/Using_LUT6.All_RAM32M[8].ram32m_i/Using_FPGA.Native/RAMD_D1/I (clocked by clk_out1_system_clk_wiz_0_0). Large setup violations at the end of those stages might be difficult to fix during the post-placement implementation flow and could be the result of non-optimal XDC constraints or non-optimal design architecture
Related violations: <none>

TIMING-16#141 Warning
Large setup violation  
There is a large setup violation of -1.469 ns between system_i/microblaze_0/U0/MicroBlaze_Core_I/Performance.Core/Data_Flow_I/MUL_Unit_I/Use_HW_MUL.Using_DSP48_Architectures.No_MUL64.dsp_module_I3/Using_DSP48E1.DSP48E1_I1/Using_FPGA.DSP48E1_I1/CLK (clocked by clk_out1_system_clk_wiz_0_0) and system_i/microblaze_0/U0/MicroBlaze_Core_I/Performance.Core/Data_Flow_I/Operand_Select_I/EX_Op1_reg[5]/D (clocked by clk_out1_system_clk_wiz_0_0). Large setup violations at the end of those stages might be difficult to fix during the post-placement implementation flow and could be the result of non-optimal XDC constraints or non-optimal design architecture
Related violations: <none>

TIMING-16#142 Warning
Large setup violation  
There is a large setup violation of -1.469 ns between system_i/microblaze_0/U0/MicroBlaze_Core_I/Performance.Core/Data_Flow_I/Operand_Select_I/EX_Op1_reg[29]/C (clocked by clk_out1_system_clk_wiz_0_0) and system_i/microblaze_0/U0/MicroBlaze_Core_I/Performance.Core/Data_Flow_I/Operand_Select_I/EX_Op3_reg[18]/D (clocked by clk_out1_system_clk_wiz_0_0). Large setup violations at the end of those stages might be difficult to fix during the post-placement implementation flow and could be the result of non-optimal XDC constraints or non-optimal design architecture
Related violations: <none>

TIMING-16#143 Warning
Large setup violation  
There is a large setup violation of -1.470 ns between system_i/microblaze_0/U0/MicroBlaze_Core_I/Performance.Core/Using_DCache.Using_WriteBack.DCache_wb_I1/TAG_RAM_Module/Not_Using_XPM.Using_B36_S36.The_BRAMs[0].RAMB36_I1/Using_FPGA.Native/CLKARDCLK (clocked by clk_out1_system_clk_wiz_0_0) and system_i/microblaze_0/U0/MicroBlaze_Core_I/Performance.Core/Data_Flow_I/exception_registers_I1/Using_FPGA_LUT6.Gen_Ret_Addr[11].WB_PC_FDRE/Using_FPGA.Native/CE (clocked by clk_out1_system_clk_wiz_0_0). Large setup violations at the end of those stages might be difficult to fix during the post-placement implementation flow and could be the result of non-optimal XDC constraints or non-optimal design architecture
Related violations: <none>

TIMING-16#144 Warning
Large setup violation  
There is a large setup violation of -1.470 ns between system_i/microblaze_0/U0/MicroBlaze_Core_I/Performance.Core/Using_DCache.Using_WriteBack.DCache_wb_I1/TAG_RAM_Module/Not_Using_XPM.Using_B36_S36.The_BRAMs[0].RAMB36_I1/Using_FPGA.Native/CLKARDCLK (clocked by clk_out1_system_clk_wiz_0_0) and system_i/microblaze_0/U0/MicroBlaze_Core_I/Performance.Core/Data_Flow_I/exception_registers_I1/Using_FPGA_LUT6.Gen_Ret_Addr[5].WB_PC_FDRE/Using_FPGA.Native/CE (clocked by clk_out1_system_clk_wiz_0_0). Large setup violations at the end of those stages might be difficult to fix during the post-placement implementation flow and could be the result of non-optimal XDC constraints or non-optimal design architecture
Related violations: <none>

TIMING-16#145 Warning
Large setup violation  
There is a large setup violation of -1.471 ns between system_i/microblaze_0/U0/MicroBlaze_Core_I/Performance.Core/Data_Flow_I/Using_Stack_Protection.stack_protection_I/shr_reg_reg[21]/C (clocked by clk_out1_system_clk_wiz_0_0) and system_i/microblaze_0/U0/MicroBlaze_Core_I/Performance.Core/Data_Flow_I/exception_registers_I1/Use_LUT6.mem_BTR_reg[25]/D (clocked by clk_out1_system_clk_wiz_0_0). Large setup violations at the end of those stages might be difficult to fix during the post-placement implementation flow and could be the result of non-optimal XDC constraints or non-optimal design architecture
Related violations: <none>

TIMING-16#146 Warning
Large setup violation  
There is a large setup violation of -1.478 ns between system_i/microblaze_0/U0/MicroBlaze_Core_I/Performance.Core/Use_DBUS.DAXI_Interface_I1/WB_DAXI_Data_Strobe_reg/C (clocked by clk_out1_system_clk_wiz_0_0) and system_i/microblaze_0/U0/MicroBlaze_Core_I/Performance.Core/Data_Flow_I/Operand_Select_I/EX_Op1_reg[21]/D (clocked by clk_out1_system_clk_wiz_0_0). Large setup violations at the end of those stages might be difficult to fix during the post-placement implementation flow and could be the result of non-optimal XDC constraints or non-optimal design architecture
Related violations: <none>

TIMING-16#147 Warning
Large setup violation  
There is a large setup violation of -1.478 ns between system_i/microblaze_0/U0/MicroBlaze_Core_I/Performance.Core/Using_DCache.Using_WriteBack.DCache_wb_I1/TAG_RAM_Module/Not_Using_XPM.Using_B36_S36.The_BRAMs[0].RAMB36_I1/Using_FPGA.Native/CLKARDCLK (clocked by clk_out1_system_clk_wiz_0_0) and system_i/microblaze_0/U0/MicroBlaze_Core_I/Performance.Core/Data_Flow_I/Using_Stack_Protection.stack_protection_I/SHR_Value_DFF_reg[21]/CE (clocked by clk_out1_system_clk_wiz_0_0). Large setup violations at the end of those stages might be difficult to fix during the post-placement implementation flow and could be the result of non-optimal XDC constraints or non-optimal design architecture
Related violations: <none>

TIMING-16#148 Warning
Large setup violation  
There is a large setup violation of -1.478 ns between system_i/microblaze_0/U0/MicroBlaze_Core_I/Performance.Core/Using_DCache.Using_WriteBack.DCache_wb_I1/TAG_RAM_Module/Not_Using_XPM.Using_B36_S36.The_BRAMs[0].RAMB36_I1/Using_FPGA.Native/CLKARDCLK (clocked by clk_out1_system_clk_wiz_0_0) and system_i/microblaze_0/U0/MicroBlaze_Core_I/Performance.Core/Data_Flow_I/Using_Stack_Protection.stack_protection_I/SHR_Value_DFF_reg[22]/CE (clocked by clk_out1_system_clk_wiz_0_0). Large setup violations at the end of those stages might be difficult to fix during the post-placement implementation flow and could be the result of non-optimal XDC constraints or non-optimal design architecture
Related violations: <none>

TIMING-16#149 Warning
Large setup violation  
There is a large setup violation of -1.478 ns between system_i/microblaze_0/U0/MicroBlaze_Core_I/Performance.Core/Using_DCache.Using_WriteBack.DCache_wb_I1/TAG_RAM_Module/Not_Using_XPM.Using_B36_S36.The_BRAMs[0].RAMB36_I1/Using_FPGA.Native/CLKARDCLK (clocked by clk_out1_system_clk_wiz_0_0) and system_i/microblaze_0/U0/MicroBlaze_Core_I/Performance.Core/Data_Flow_I/Using_Stack_Protection.stack_protection_I/SHR_Value_DFF_reg[24]/CE (clocked by clk_out1_system_clk_wiz_0_0). Large setup violations at the end of those stages might be difficult to fix during the post-placement implementation flow and could be the result of non-optimal XDC constraints or non-optimal design architecture
Related violations: <none>

TIMING-16#150 Warning
Large setup violation  
There is a large setup violation of -1.478 ns between system_i/microblaze_0/U0/MicroBlaze_Core_I/Performance.Core/Using_DCache.Using_WriteBack.DCache_wb_I1/TAG_RAM_Module/Not_Using_XPM.Using_B36_S36.The_BRAMs[0].RAMB36_I1/Using_FPGA.Native/CLKARDCLK (clocked by clk_out1_system_clk_wiz_0_0) and system_i/microblaze_0/U0/MicroBlaze_Core_I/Performance.Core/Data_Flow_I/Using_Stack_Protection.stack_protection_I/SHR_Value_DFF_reg[25]/CE (clocked by clk_out1_system_clk_wiz_0_0). Large setup violations at the end of those stages might be difficult to fix during the post-placement implementation flow and could be the result of non-optimal XDC constraints or non-optimal design architecture
Related violations: <none>

TIMING-16#151 Warning
Large setup violation  
There is a large setup violation of -1.478 ns between system_i/microblaze_0/U0/MicroBlaze_Core_I/Performance.Core/Using_DCache.Using_WriteBack.DCache_wb_I1/TAG_RAM_Module/Not_Using_XPM.Using_B36_S36.The_BRAMs[0].RAMB36_I1/Using_FPGA.Native/CLKARDCLK (clocked by clk_out1_system_clk_wiz_0_0) and system_i/microblaze_0/U0/MicroBlaze_Core_I/Performance.Core/Data_Flow_I/Using_Stack_Protection.stack_protection_I/SHR_Value_DFF_reg[27]/CE (clocked by clk_out1_system_clk_wiz_0_0). Large setup violations at the end of those stages might be difficult to fix during the post-placement implementation flow and could be the result of non-optimal XDC constraints or non-optimal design architecture
Related violations: <none>

TIMING-16#152 Warning
Large setup violation  
There is a large setup violation of -1.478 ns between system_i/microblaze_0/U0/MicroBlaze_Core_I/Performance.Core/Using_DCache.Using_WriteBack.DCache_wb_I1/TAG_RAM_Module/Not_Using_XPM.Using_B36_S36.The_BRAMs[0].RAMB36_I1/Using_FPGA.Native/CLKARDCLK (clocked by clk_out1_system_clk_wiz_0_0) and system_i/microblaze_0/U0/MicroBlaze_Core_I/Performance.Core/Data_Flow_I/Using_Stack_Protection.stack_protection_I/SHR_Value_DFF_reg[28]/CE (clocked by clk_out1_system_clk_wiz_0_0). Large setup violations at the end of those stages might be difficult to fix during the post-placement implementation flow and could be the result of non-optimal XDC constraints or non-optimal design architecture
Related violations: <none>

TIMING-16#153 Warning
Large setup violation  
There is a large setup violation of -1.478 ns between system_i/microblaze_0/U0/MicroBlaze_Core_I/Performance.Core/Using_DCache.Using_WriteBack.DCache_wb_I1/TAG_RAM_Module/Not_Using_XPM.Using_B36_S36.The_BRAMs[0].RAMB36_I1/Using_FPGA.Native/CLKARDCLK (clocked by clk_out1_system_clk_wiz_0_0) and system_i/microblaze_0/U0/MicroBlaze_Core_I/Performance.Core/Data_Flow_I/Using_Stack_Protection.stack_protection_I/SHR_Value_DFF_reg[29]/CE (clocked by clk_out1_system_clk_wiz_0_0). Large setup violations at the end of those stages might be difficult to fix during the post-placement implementation flow and could be the result of non-optimal XDC constraints or non-optimal design architecture
Related violations: <none>

TIMING-16#154 Warning
Large setup violation  
There is a large setup violation of -1.478 ns between system_i/microblaze_0/U0/MicroBlaze_Core_I/Performance.Core/Using_DCache.Using_WriteBack.DCache_wb_I1/TAG_RAM_Module/Not_Using_XPM.Using_B36_S36.The_BRAMs[0].RAMB36_I1/Using_FPGA.Native/CLKARDCLK (clocked by clk_out1_system_clk_wiz_0_0) and system_i/microblaze_0/U0/MicroBlaze_Core_I/Performance.Core/Data_Flow_I/Using_Stack_Protection.stack_protection_I/SHR_Value_DFF_reg[30]/CE (clocked by clk_out1_system_clk_wiz_0_0). Large setup violations at the end of those stages might be difficult to fix during the post-placement implementation flow and could be the result of non-optimal XDC constraints or non-optimal design architecture
Related violations: <none>

TIMING-16#155 Warning
Large setup violation  
There is a large setup violation of -1.480 ns between system_i/microblaze_0/U0/MicroBlaze_Core_I/Performance.Core/Decode_I/wb_exception_i_reg/C (clocked by clk_out1_system_clk_wiz_0_0) and system_i/microblaze_0/U0/MicroBlaze_Core_I/Performance.Core/Data_Flow_I/Operand_Select_I/EX_Op2_reg[13]/D (clocked by clk_out1_system_clk_wiz_0_0). Large setup violations at the end of those stages might be difficult to fix during the post-placement implementation flow and could be the result of non-optimal XDC constraints or non-optimal design architecture
Related violations: <none>

TIMING-16#156 Warning
Large setup violation  
There is a large setup violation of -1.481 ns between system_i/microblaze_0/U0/MicroBlaze_Core_I/Performance.Core/Use_DBUS.DAXI_Interface_I1/WB_DAXI_Data_Strobe_reg/C (clocked by clk_out1_system_clk_wiz_0_0) and system_i/microblaze_0/U0/MicroBlaze_Core_I/Performance.Core/Data_Flow_I/Register_File_I/Using_LUT6.All_RAM32M[10].ram32m_i/Using_FPGA.Native/RAMC/I (clocked by clk_out1_system_clk_wiz_0_0). Large setup violations at the end of those stages might be difficult to fix during the post-placement implementation flow and could be the result of non-optimal XDC constraints or non-optimal design architecture
Related violations: <none>

TIMING-16#157 Warning
Large setup violation  
There is a large setup violation of -1.486 ns between system_i/microblaze_0/U0/MicroBlaze_Core_I/Performance.Core/Using_DCache.Using_WriteBack.DCache_wb_I1/TAG_RAM_Module/Not_Using_XPM.Using_B36_S36.The_BRAMs[0].RAMB36_I1/Using_FPGA.Native/CLKARDCLK (clocked by clk_out1_system_clk_wiz_0_0) and system_i/microblaze_0/U0/MicroBlaze_Core_I/Performance.Core/Data_Flow_I/msr_reg_i/MEM_MSR_Bits[29].Using_FDR.MSR_I/Using_FPGA.Native/D (clocked by clk_out1_system_clk_wiz_0_0). Large setup violations at the end of those stages might be difficult to fix during the post-placement implementation flow and could be the result of non-optimal XDC constraints or non-optimal design architecture
Related violations: <none>

TIMING-16#158 Warning
Large setup violation  
There is a large setup violation of -1.488 ns between system_i/microblaze_0/U0/MicroBlaze_Core_I/Performance.Core/Use_DBUS.DAXI_Interface_I1/WB_DAXI_Data_Strobe_reg/C (clocked by clk_out1_system_clk_wiz_0_0) and system_i/microblaze_0/U0/MicroBlaze_Core_I/Performance.Core/Data_Flow_I/Operand_Select_I/EX_Op1_reg[8]/D (clocked by clk_out1_system_clk_wiz_0_0). Large setup violations at the end of those stages might be difficult to fix during the post-placement implementation flow and could be the result of non-optimal XDC constraints or non-optimal design architecture
Related violations: <none>

TIMING-16#159 Warning
Large setup violation  
There is a large setup violation of -1.488 ns between system_i/microblaze_0/U0/MicroBlaze_Core_I/Performance.Core/Using_DCache.Using_WriteBack.DCache_wb_I1/TAG_RAM_Module/Not_Using_XPM.Using_B36_S36.The_BRAMs[0].RAMB36_I1/Using_FPGA.Native/CLKARDCLK (clocked by clk_out1_system_clk_wiz_0_0) and system_i/microblaze_0/U0/MicroBlaze_Core_I/Performance.Core/Data_Flow_I/msr_reg_i/MEM_MSR_Bits[24].Using_FDR.MSR_I/Using_FPGA.Native/D (clocked by clk_out1_system_clk_wiz_0_0). Large setup violations at the end of those stages might be difficult to fix during the post-placement implementation flow and could be the result of non-optimal XDC constraints or non-optimal design architecture
Related violations: <none>

TIMING-16#160 Warning
Large setup violation  
There is a large setup violation of -1.489 ns between system_i/microblaze_0/U0/MicroBlaze_Core_I/Performance.Core/Use_DBUS.DAXI_Interface_I1/WB_DAXI_Data_Strobe_reg/C (clocked by clk_out1_system_clk_wiz_0_0) and system_i/microblaze_0/U0/MicroBlaze_Core_I/Performance.Core/Data_Flow_I/Operand_Select_I/EX_Op3_reg[7]/D (clocked by clk_out1_system_clk_wiz_0_0). Large setup violations at the end of those stages might be difficult to fix during the post-placement implementation flow and could be the result of non-optimal XDC constraints or non-optimal design architecture
Related violations: <none>

TIMING-16#161 Warning
Large setup violation  
There is a large setup violation of -1.491 ns between system_i/microblaze_0/U0/MicroBlaze_Core_I/Performance.Core/Using_DCache.Using_WriteBack.DCache_wb_I1/Using_Perf_4.WB_DCache_Valid_Read_data_reg[12]/C (clocked by clk_out1_system_clk_wiz_0_0) and system_i/microblaze_0/U0/MicroBlaze_Core_I/Performance.Core/Data_Flow_I/Register_File_I/Using_LUT6.All_RAM32M[10].ram32m_i/Using_FPGA.Native/RAMC_D1/I (clocked by clk_out1_system_clk_wiz_0_0). Large setup violations at the end of those stages might be difficult to fix during the post-placement implementation flow and could be the result of non-optimal XDC constraints or non-optimal design architecture
Related violations: <none>

TIMING-16#162 Warning
Large setup violation  
There is a large setup violation of -1.493 ns between system_i/microblaze_0/U0/MicroBlaze_Core_I/Performance.Core/Use_DBUS.DAXI_Interface_I1/WB_DAXI_Data_Strobe_reg/C (clocked by clk_out1_system_clk_wiz_0_0) and system_i/microblaze_0/U0/MicroBlaze_Core_I/Performance.Core/Data_Flow_I/Operand_Select_I/EX_Op1_reg[27]/D (clocked by clk_out1_system_clk_wiz_0_0). Large setup violations at the end of those stages might be difficult to fix during the post-placement implementation flow and could be the result of non-optimal XDC constraints or non-optimal design architecture
Related violations: <none>

TIMING-16#163 Warning
Large setup violation  
There is a large setup violation of -1.493 ns between system_i/microblaze_0/U0/MicroBlaze_Core_I/Performance.Core/Use_DBUS.DAXI_Interface_I1/WB_DAXI_Data_Strobe_reg/C (clocked by clk_out1_system_clk_wiz_0_0) and system_i/microblaze_0/U0/MicroBlaze_Core_I/Performance.Core/Data_Flow_I/Register_File_I/Using_LUT6.All_RAM32M[10].ram32m_i/Using_FPGA.Native/RAMB/I (clocked by clk_out1_system_clk_wiz_0_0). Large setup violations at the end of those stages might be difficult to fix during the post-placement implementation flow and could be the result of non-optimal XDC constraints or non-optimal design architecture
Related violations: <none>

TIMING-16#164 Warning
Large setup violation  
There is a large setup violation of -1.496 ns between system_i/microblaze_0/U0/MicroBlaze_Core_I/Performance.Core/Decode_I/wb_gpr_write_addr_reg[0]/C (clocked by clk_out1_system_clk_wiz_0_0) and system_i/microblaze_0/U0/MicroBlaze_Core_I/Performance.Core/Data_Flow_I/Operand_Select_I/EX_Op3_reg[11]/D (clocked by clk_out1_system_clk_wiz_0_0). Large setup violations at the end of those stages might be difficult to fix during the post-placement implementation flow and could be the result of non-optimal XDC constraints or non-optimal design architecture
Related violations: <none>

TIMING-16#165 Warning
Large setup violation  
There is a large setup violation of -1.498 ns between system_i/microblaze_0/U0/MicroBlaze_Core_I/Performance.Core/Using_DCache.Using_WriteBack.DCache_wb_I1/TAG_RAM_Module/Not_Using_XPM.Using_B36_S36.The_BRAMs[0].RAMB36_I1/Using_FPGA.Native/CLKARDCLK (clocked by clk_out1_system_clk_wiz_0_0) and system_i/microblaze_0/U0/MicroBlaze_Core_I/Performance.Core/Data_Flow_I/exception_registers_I1/WB_EAR_reg[17]/CE (clocked by clk_out1_system_clk_wiz_0_0). Large setup violations at the end of those stages might be difficult to fix during the post-placement implementation flow and could be the result of non-optimal XDC constraints or non-optimal design architecture
Related violations: <none>

TIMING-16#166 Warning
Large setup violation  
There is a large setup violation of -1.498 ns between system_i/microblaze_0/U0/MicroBlaze_Core_I/Performance.Core/Using_DCache.Using_WriteBack.DCache_wb_I1/TAG_RAM_Module/Not_Using_XPM.Using_B36_S36.The_BRAMs[0].RAMB36_I1/Using_FPGA.Native/CLKARDCLK (clocked by clk_out1_system_clk_wiz_0_0) and system_i/microblaze_0/U0/MicroBlaze_Core_I/Performance.Core/Data_Flow_I/exception_registers_I1/WB_EAR_reg[18]/CE (clocked by clk_out1_system_clk_wiz_0_0). Large setup violations at the end of those stages might be difficult to fix during the post-placement implementation flow and could be the result of non-optimal XDC constraints or non-optimal design architecture
Related violations: <none>

TIMING-16#167 Warning
Large setup violation  
There is a large setup violation of -1.498 ns between system_i/microblaze_0/U0/MicroBlaze_Core_I/Performance.Core/Using_DCache.Using_WriteBack.DCache_wb_I1/TAG_RAM_Module/Not_Using_XPM.Using_B36_S36.The_BRAMs[0].RAMB36_I1/Using_FPGA.Native/CLKARDCLK (clocked by clk_out1_system_clk_wiz_0_0) and system_i/microblaze_0/U0/MicroBlaze_Core_I/Performance.Core/Data_Flow_I/exception_registers_I1/WB_EAR_reg[26]/CE (clocked by clk_out1_system_clk_wiz_0_0). Large setup violations at the end of those stages might be difficult to fix during the post-placement implementation flow and could be the result of non-optimal XDC constraints or non-optimal design architecture
Related violations: <none>

TIMING-16#168 Warning
Large setup violation  
There is a large setup violation of -1.498 ns between system_i/microblaze_0/U0/MicroBlaze_Core_I/Performance.Core/Using_DCache.Using_WriteBack.DCache_wb_I1/TAG_RAM_Module/Not_Using_XPM.Using_B36_S36.The_BRAMs[0].RAMB36_I1/Using_FPGA.Native/CLKARDCLK (clocked by clk_out1_system_clk_wiz_0_0) and system_i/microblaze_0/U0/MicroBlaze_Core_I/Performance.Core/Data_Flow_I/exception_registers_I1/WB_EAR_reg[8]/CE (clocked by clk_out1_system_clk_wiz_0_0). Large setup violations at the end of those stages might be difficult to fix during the post-placement implementation flow and could be the result of non-optimal XDC constraints or non-optimal design architecture
Related violations: <none>

TIMING-16#169 Warning
Large setup violation  
There is a large setup violation of -1.507 ns between system_i/microblaze_0/U0/MicroBlaze_Core_I/Performance.Core/Using_DCache.Using_WriteBack.DCache_wb_I1/TAG_RAM_Module/Not_Using_XPM.Using_B36_S36.The_BRAMs[0].RAMB36_I1/Using_FPGA.Native/CLKARDCLK (clocked by clk_out1_system_clk_wiz_0_0) and system_i/microblaze_0/U0/MicroBlaze_Core_I/Performance.Core/Data_Flow_I/exception_registers_I1/Using_FPGA_LUT6.Gen_Ret_Addr[24].WB_PC_FDRE/Using_FPGA.Native/CE (clocked by clk_out1_system_clk_wiz_0_0). Large setup violations at the end of those stages might be difficult to fix during the post-placement implementation flow and could be the result of non-optimal XDC constraints or non-optimal design architecture
Related violations: <none>

TIMING-16#170 Warning
Large setup violation  
There is a large setup violation of -1.509 ns between system_i/microblaze_0/U0/MicroBlaze_Core_I/Performance.Core/Use_DBUS.DAXI_Interface_I1/WB_DAXI_Data_Strobe_reg/C (clocked by clk_out1_system_clk_wiz_0_0) and system_i/microblaze_0/U0/MicroBlaze_Core_I/Performance.Core/Data_Flow_I/Register_File_I/Using_LUT6.All_RAM32M[8].ram32m_i/Using_FPGA.Native/RAMC_D1/I (clocked by clk_out1_system_clk_wiz_0_0). Large setup violations at the end of those stages might be difficult to fix during the post-placement implementation flow and could be the result of non-optimal XDC constraints or non-optimal design architecture
Related violations: <none>

TIMING-16#171 Warning
Large setup violation  
There is a large setup violation of -1.509 ns between system_i/microblaze_0/U0/MicroBlaze_Core_I/Performance.Core/Using_DCache.Using_WriteBack.DCache_wb_I1/TAG_RAM_Module/Not_Using_XPM.Using_B36_S36.The_BRAMs[0].RAMB36_I1/Using_FPGA.Native/CLKARDCLK (clocked by clk_out1_system_clk_wiz_0_0) and system_i/microblaze_0/U0/MicroBlaze_Core_I/Performance.Core/Data_Flow_I/Using_Stack_Protection.stack_protection_I/SLR_Value_DFF_reg[0]/CE (clocked by clk_out1_system_clk_wiz_0_0). Large setup violations at the end of those stages might be difficult to fix during the post-placement implementation flow and could be the result of non-optimal XDC constraints or non-optimal design architecture
Related violations: <none>

TIMING-16#172 Warning
Large setup violation  
There is a large setup violation of -1.509 ns between system_i/microblaze_0/U0/MicroBlaze_Core_I/Performance.Core/Using_DCache.Using_WriteBack.DCache_wb_I1/TAG_RAM_Module/Not_Using_XPM.Using_B36_S36.The_BRAMs[0].RAMB36_I1/Using_FPGA.Native/CLKARDCLK (clocked by clk_out1_system_clk_wiz_0_0) and system_i/microblaze_0/U0/MicroBlaze_Core_I/Performance.Core/Data_Flow_I/Using_Stack_Protection.stack_protection_I/SLR_Value_DFF_reg[1]/CE (clocked by clk_out1_system_clk_wiz_0_0). Large setup violations at the end of those stages might be difficult to fix during the post-placement implementation flow and could be the result of non-optimal XDC constraints or non-optimal design architecture
Related violations: <none>

TIMING-16#173 Warning
Large setup violation  
There is a large setup violation of -1.509 ns between system_i/microblaze_0/U0/MicroBlaze_Core_I/Performance.Core/Using_DCache.Using_WriteBack.DCache_wb_I1/TAG_RAM_Module/Not_Using_XPM.Using_B36_S36.The_BRAMs[0].RAMB36_I1/Using_FPGA.Native/CLKARDCLK (clocked by clk_out1_system_clk_wiz_0_0) and system_i/microblaze_0/U0/MicroBlaze_Core_I/Performance.Core/Data_Flow_I/Using_Stack_Protection.stack_protection_I/SLR_Value_DFF_reg[21]/CE (clocked by clk_out1_system_clk_wiz_0_0). Large setup violations at the end of those stages might be difficult to fix during the post-placement implementation flow and could be the result of non-optimal XDC constraints or non-optimal design architecture
Related violations: <none>

TIMING-16#174 Warning
Large setup violation  
There is a large setup violation of -1.509 ns between system_i/microblaze_0/U0/MicroBlaze_Core_I/Performance.Core/Using_DCache.Using_WriteBack.DCache_wb_I1/TAG_RAM_Module/Not_Using_XPM.Using_B36_S36.The_BRAMs[0].RAMB36_I1/Using_FPGA.Native/CLKARDCLK (clocked by clk_out1_system_clk_wiz_0_0) and system_i/microblaze_0/U0/MicroBlaze_Core_I/Performance.Core/Data_Flow_I/Using_Stack_Protection.stack_protection_I/SLR_Value_DFF_reg[2]/CE (clocked by clk_out1_system_clk_wiz_0_0). Large setup violations at the end of those stages might be difficult to fix during the post-placement implementation flow and could be the result of non-optimal XDC constraints or non-optimal design architecture
Related violations: <none>

TIMING-16#175 Warning
Large setup violation  
There is a large setup violation of -1.509 ns between system_i/microblaze_0/U0/MicroBlaze_Core_I/Performance.Core/Using_DCache.Using_WriteBack.DCache_wb_I1/TAG_RAM_Module/Not_Using_XPM.Using_B36_S36.The_BRAMs[0].RAMB36_I1/Using_FPGA.Native/CLKARDCLK (clocked by clk_out1_system_clk_wiz_0_0) and system_i/microblaze_0/U0/MicroBlaze_Core_I/Performance.Core/Data_Flow_I/Using_Stack_Protection.stack_protection_I/SLR_Value_DFF_reg[3]/CE (clocked by clk_out1_system_clk_wiz_0_0). Large setup violations at the end of those stages might be difficult to fix during the post-placement implementation flow and could be the result of non-optimal XDC constraints or non-optimal design architecture
Related violations: <none>

TIMING-16#176 Warning
Large setup violation  
There is a large setup violation of -1.509 ns between system_i/microblaze_0/U0/MicroBlaze_Core_I/Performance.Core/Using_DCache.Using_WriteBack.DCache_wb_I1/TAG_RAM_Module/Not_Using_XPM.Using_B36_S36.The_BRAMs[0].RAMB36_I1/Using_FPGA.Native/CLKARDCLK (clocked by clk_out1_system_clk_wiz_0_0) and system_i/microblaze_0/U0/MicroBlaze_Core_I/Performance.Core/Data_Flow_I/Using_Stack_Protection.stack_protection_I/SLR_Value_DFF_reg[6]/CE (clocked by clk_out1_system_clk_wiz_0_0). Large setup violations at the end of those stages might be difficult to fix during the post-placement implementation flow and could be the result of non-optimal XDC constraints or non-optimal design architecture
Related violations: <none>

TIMING-16#177 Warning
Large setup violation  
There is a large setup violation of -1.509 ns between system_i/microblaze_0/U0/MicroBlaze_Core_I/Performance.Core/Using_DCache.Using_WriteBack.DCache_wb_I1/TAG_RAM_Module/Not_Using_XPM.Using_B36_S36.The_BRAMs[0].RAMB36_I1/Using_FPGA.Native/CLKARDCLK (clocked by clk_out1_system_clk_wiz_0_0) and system_i/microblaze_0/U0/MicroBlaze_Core_I/Performance.Core/Data_Flow_I/Using_Stack_Protection.stack_protection_I/SLR_Value_DFF_reg[7]/CE (clocked by clk_out1_system_clk_wiz_0_0). Large setup violations at the end of those stages might be difficult to fix during the post-placement implementation flow and could be the result of non-optimal XDC constraints or non-optimal design architecture
Related violations: <none>

TIMING-16#178 Warning
Large setup violation  
There is a large setup violation of -1.509 ns between system_i/microblaze_0/U0/MicroBlaze_Core_I/Performance.Core/Using_DCache.Using_WriteBack.DCache_wb_I1/TAG_RAM_Module/Not_Using_XPM.Using_B36_S36.The_BRAMs[0].RAMB36_I1/Using_FPGA.Native/CLKARDCLK (clocked by clk_out1_system_clk_wiz_0_0) and system_i/microblaze_0/U0/MicroBlaze_Core_I/Performance.Core/Data_Flow_I/Using_Stack_Protection.stack_protection_I/SLR_Value_DFF_reg[8]/CE (clocked by clk_out1_system_clk_wiz_0_0). Large setup violations at the end of those stages might be difficult to fix during the post-placement implementation flow and could be the result of non-optimal XDC constraints or non-optimal design architecture
Related violations: <none>

TIMING-16#179 Warning
Large setup violation  
There is a large setup violation of -1.517 ns between system_i/microblaze_0/U0/MicroBlaze_Core_I/Performance.Core/Data_Flow_I/Operand_Select_I/EX_Op1_reg[29]/C (clocked by clk_out1_system_clk_wiz_0_0) and system_i/microblaze_0/U0/MicroBlaze_Core_I/Performance.Core/Data_Flow_I/Operand_Select_I/EX_Op1_reg[15]/D (clocked by clk_out1_system_clk_wiz_0_0). Large setup violations at the end of those stages might be difficult to fix during the post-placement implementation flow and could be the result of non-optimal XDC constraints or non-optimal design architecture
Related violations: <none>

TIMING-16#180 Warning
Large setup violation  
There is a large setup violation of -1.521 ns between system_i/microblaze_0/U0/MicroBlaze_Core_I/Performance.Core/Data_Flow_I/Barrel_Shifter_I/Use_HW_BS.mem_mux3_reg[6]/C (clocked by clk_out1_system_clk_wiz_0_0) and system_i/microblaze_0/U0/MicroBlaze_Core_I/Performance.Core/Data_Flow_I/Operand_Select_I/EX_Op3_reg[25]/D (clocked by clk_out1_system_clk_wiz_0_0). Large setup violations at the end of those stages might be difficult to fix during the post-placement implementation flow and could be the result of non-optimal XDC constraints or non-optimal design architecture
Related violations: <none>

TIMING-16#181 Warning
Large setup violation  
There is a large setup violation of -1.530 ns between system_i/microblaze_0/U0/MicroBlaze_Core_I/Performance.Core/Data_Flow_I/Using_Stack_Protection.stack_protection_I/shr_reg_reg[21]/C (clocked by clk_out1_system_clk_wiz_0_0) and system_i/microblaze_0/U0/MicroBlaze_Core_I/Performance.Core/Data_Flow_I/exception_registers_I1/Use_LUT6.mem_BTR_reg[3]/D (clocked by clk_out1_system_clk_wiz_0_0). Large setup violations at the end of those stages might be difficult to fix during the post-placement implementation flow and could be the result of non-optimal XDC constraints or non-optimal design architecture
Related violations: <none>

TIMING-16#182 Warning
Large setup violation  
There is a large setup violation of -1.537 ns between system_i/microblaze_0/U0/MicroBlaze_Core_I/Performance.Core/Using_DCache.Using_WriteBack.DCache_wb_I1/Using_Perf_4.WB_DCache_Valid_Read_data_reg[14]/C (clocked by clk_out1_system_clk_wiz_0_0) and system_i/microblaze_0/U0/MicroBlaze_Core_I/Performance.Core/Data_Flow_I/Operand_Select_I/EX_Op3_reg[22]/D (clocked by clk_out1_system_clk_wiz_0_0). Large setup violations at the end of those stages might be difficult to fix during the post-placement implementation flow and could be the result of non-optimal XDC constraints or non-optimal design architecture
Related violations: <none>

TIMING-16#183 Warning
Large setup violation  
There is a large setup violation of -1.542 ns between system_i/microblaze_0/U0/MicroBlaze_Core_I/Performance.Core/Decode_I/mem_gpr_write_reg/C (clocked by clk_out1_system_clk_wiz_0_0) and system_i/microblaze_0/U0/MicroBlaze_Core_I/Performance.Core/Data_Flow_I/Operand_Select_I/EX_Op2_reg[15]/D (clocked by clk_out1_system_clk_wiz_0_0). Large setup violations at the end of those stages might be difficult to fix during the post-placement implementation flow and could be the result of non-optimal XDC constraints or non-optimal design architecture
Related violations: <none>

TIMING-16#184 Warning
Large setup violation  
There is a large setup violation of -1.546 ns between system_i/microblaze_0/U0/MicroBlaze_Core_I/Performance.Core/Using_DCache.Using_WriteBack.DCache_wb_I1/TAG_RAM_Module/Not_Using_XPM.Using_B36_S36.The_BRAMs[0].RAMB36_I1/Using_FPGA.Native/CLKARDCLK (clocked by clk_out1_system_clk_wiz_0_0) and system_i/microblaze_0/U0/MicroBlaze_Core_I/Performance.Core/Data_Flow_I/Data_Flow_Logic_I/WB_MEM_Result_reg[15]/CE (clocked by clk_out1_system_clk_wiz_0_0). Large setup violations at the end of those stages might be difficult to fix during the post-placement implementation flow and could be the result of non-optimal XDC constraints or non-optimal design architecture
Related violations: <none>

TIMING-16#185 Warning
Large setup violation  
There is a large setup violation of -1.546 ns between system_i/microblaze_0/U0/MicroBlaze_Core_I/Performance.Core/Using_DCache.Using_WriteBack.DCache_wb_I1/TAG_RAM_Module/Not_Using_XPM.Using_B36_S36.The_BRAMs[0].RAMB36_I1/Using_FPGA.Native/CLKARDCLK (clocked by clk_out1_system_clk_wiz_0_0) and system_i/microblaze_0/U0/MicroBlaze_Core_I/Performance.Core/Data_Flow_I/Data_Flow_Logic_I/WB_MEM_Result_reg[1]/CE (clocked by clk_out1_system_clk_wiz_0_0). Large setup violations at the end of those stages might be difficult to fix during the post-placement implementation flow and could be the result of non-optimal XDC constraints or non-optimal design architecture
Related violations: <none>

TIMING-16#186 Warning
Large setup violation  
There is a large setup violation of -1.546 ns between system_i/microblaze_0/U0/MicroBlaze_Core_I/Performance.Core/Using_DCache.Using_WriteBack.DCache_wb_I1/TAG_RAM_Module/Not_Using_XPM.Using_B36_S36.The_BRAMs[0].RAMB36_I1/Using_FPGA.Native/CLKARDCLK (clocked by clk_out1_system_clk_wiz_0_0) and system_i/microblaze_0/U0/MicroBlaze_Core_I/Performance.Core/Data_Flow_I/Data_Flow_Logic_I/WB_MEM_Result_reg[20]/CE (clocked by clk_out1_system_clk_wiz_0_0). Large setup violations at the end of those stages might be difficult to fix during the post-placement implementation flow and could be the result of non-optimal XDC constraints or non-optimal design architecture
Related violations: <none>

TIMING-16#187 Warning
Large setup violation  
There is a large setup violation of -1.546 ns between system_i/microblaze_0/U0/MicroBlaze_Core_I/Performance.Core/Using_DCache.Using_WriteBack.DCache_wb_I1/TAG_RAM_Module/Not_Using_XPM.Using_B36_S36.The_BRAMs[0].RAMB36_I1/Using_FPGA.Native/CLKARDCLK (clocked by clk_out1_system_clk_wiz_0_0) and system_i/microblaze_0/U0/MicroBlaze_Core_I/Performance.Core/Data_Flow_I/Data_Flow_Logic_I/WB_MEM_Result_reg[28]/CE (clocked by clk_out1_system_clk_wiz_0_0). Large setup violations at the end of those stages might be difficult to fix during the post-placement implementation flow and could be the result of non-optimal XDC constraints or non-optimal design architecture
Related violations: <none>

TIMING-16#188 Warning
Large setup violation  
There is a large setup violation of -1.546 ns between system_i/microblaze_0/U0/MicroBlaze_Core_I/Performance.Core/Using_DCache.Using_WriteBack.DCache_wb_I1/TAG_RAM_Module/Not_Using_XPM.Using_B36_S36.The_BRAMs[0].RAMB36_I1/Using_FPGA.Native/CLKARDCLK (clocked by clk_out1_system_clk_wiz_0_0) and system_i/microblaze_0/U0/MicroBlaze_Core_I/Performance.Core/Data_Flow_I/Data_Flow_Logic_I/WB_MEM_Result_reg[29]/CE (clocked by clk_out1_system_clk_wiz_0_0). Large setup violations at the end of those stages might be difficult to fix during the post-placement implementation flow and could be the result of non-optimal XDC constraints or non-optimal design architecture
Related violations: <none>

TIMING-16#189 Warning
Large setup violation  
There is a large setup violation of -1.546 ns between system_i/microblaze_0/U0/MicroBlaze_Core_I/Performance.Core/Using_DCache.Using_WriteBack.DCache_wb_I1/TAG_RAM_Module/Not_Using_XPM.Using_B36_S36.The_BRAMs[0].RAMB36_I1/Using_FPGA.Native/CLKARDCLK (clocked by clk_out1_system_clk_wiz_0_0) and system_i/microblaze_0/U0/MicroBlaze_Core_I/Performance.Core/Data_Flow_I/Data_Flow_Logic_I/WB_MEM_Result_reg[3]/CE (clocked by clk_out1_system_clk_wiz_0_0). Large setup violations at the end of those stages might be difficult to fix during the post-placement implementation flow and could be the result of non-optimal XDC constraints or non-optimal design architecture
Related violations: <none>

TIMING-16#190 Warning
Large setup violation  
There is a large setup violation of -1.548 ns between system_i/microblaze_0/U0/MicroBlaze_Core_I/Performance.Core/Using_DCache.Using_WriteBack.DCache_wb_I1/TAG_RAM_Module/Not_Using_XPM.Using_B36_S36.The_BRAMs[0].RAMB36_I1/Using_FPGA.Native/CLKARDCLK (clocked by clk_out1_system_clk_wiz_0_0) and system_i/microblaze_0/U0/MicroBlaze_Core_I/Performance.Core/Data_Flow_I/exception_registers_I1/WB_EAR_reg[10]/CE (clocked by clk_out1_system_clk_wiz_0_0). Large setup violations at the end of those stages might be difficult to fix during the post-placement implementation flow and could be the result of non-optimal XDC constraints or non-optimal design architecture
Related violations: <none>

TIMING-16#191 Warning
Large setup violation  
There is a large setup violation of -1.548 ns between system_i/microblaze_0/U0/MicroBlaze_Core_I/Performance.Core/Using_DCache.Using_WriteBack.DCache_wb_I1/TAG_RAM_Module/Not_Using_XPM.Using_B36_S36.The_BRAMs[0].RAMB36_I1/Using_FPGA.Native/CLKARDCLK (clocked by clk_out1_system_clk_wiz_0_0) and system_i/microblaze_0/U0/MicroBlaze_Core_I/Performance.Core/Data_Flow_I/exception_registers_I1/WB_EAR_reg[15]/CE (clocked by clk_out1_system_clk_wiz_0_0). Large setup violations at the end of those stages might be difficult to fix during the post-placement implementation flow and could be the result of non-optimal XDC constraints or non-optimal design architecture
Related violations: <none>

TIMING-16#192 Warning
Large setup violation  
There is a large setup violation of -1.548 ns between system_i/microblaze_0/U0/MicroBlaze_Core_I/Performance.Core/Using_DCache.Using_WriteBack.DCache_wb_I1/TAG_RAM_Module/Not_Using_XPM.Using_B36_S36.The_BRAMs[0].RAMB36_I1/Using_FPGA.Native/CLKARDCLK (clocked by clk_out1_system_clk_wiz_0_0) and system_i/microblaze_0/U0/MicroBlaze_Core_I/Performance.Core/Data_Flow_I/exception_registers_I1/WB_EAR_reg[16]/CE (clocked by clk_out1_system_clk_wiz_0_0). Large setup violations at the end of those stages might be difficult to fix during the post-placement implementation flow and could be the result of non-optimal XDC constraints or non-optimal design architecture
Related violations: <none>

TIMING-16#193 Warning
Large setup violation  
There is a large setup violation of -1.548 ns between system_i/microblaze_0/U0/MicroBlaze_Core_I/Performance.Core/Using_DCache.Using_WriteBack.DCache_wb_I1/TAG_RAM_Module/Not_Using_XPM.Using_B36_S36.The_BRAMs[0].RAMB36_I1/Using_FPGA.Native/CLKARDCLK (clocked by clk_out1_system_clk_wiz_0_0) and system_i/microblaze_0/U0/MicroBlaze_Core_I/Performance.Core/Data_Flow_I/exception_registers_I1/WB_EAR_reg[29]/CE (clocked by clk_out1_system_clk_wiz_0_0). Large setup violations at the end of those stages might be difficult to fix during the post-placement implementation flow and could be the result of non-optimal XDC constraints or non-optimal design architecture
Related violations: <none>

TIMING-16#194 Warning
Large setup violation  
There is a large setup violation of -1.548 ns between system_i/microblaze_0/U0/MicroBlaze_Core_I/Performance.Core/Using_DCache.Using_WriteBack.DCache_wb_I1/TAG_RAM_Module/Not_Using_XPM.Using_B36_S36.The_BRAMs[0].RAMB36_I1/Using_FPGA.Native/CLKARDCLK (clocked by clk_out1_system_clk_wiz_0_0) and system_i/microblaze_0/U0/MicroBlaze_Core_I/Performance.Core/Data_Flow_I/exception_registers_I1/WB_EAR_reg[4]/CE (clocked by clk_out1_system_clk_wiz_0_0). Large setup violations at the end of those stages might be difficult to fix during the post-placement implementation flow and could be the result of non-optimal XDC constraints or non-optimal design architecture
Related violations: <none>

TIMING-16#195 Warning
Large setup violation  
There is a large setup violation of -1.548 ns between system_i/microblaze_0/U0/MicroBlaze_Core_I/Performance.Core/Using_DCache.Using_WriteBack.DCache_wb_I1/TAG_RAM_Module/Not_Using_XPM.Using_B36_S36.The_BRAMs[0].RAMB36_I1/Using_FPGA.Native/CLKARDCLK (clocked by clk_out1_system_clk_wiz_0_0) and system_i/microblaze_0/U0/MicroBlaze_Core_I/Performance.Core/Data_Flow_I/exception_registers_I1/WB_EAR_reg[5]/CE (clocked by clk_out1_system_clk_wiz_0_0). Large setup violations at the end of those stages might be difficult to fix during the post-placement implementation flow and could be the result of non-optimal XDC constraints or non-optimal design architecture
Related violations: <none>

TIMING-16#196 Warning
Large setup violation  
There is a large setup violation of -1.553 ns between system_i/microblaze_0/U0/MicroBlaze_Core_I/Performance.Core/Data_Flow_I/MUL_Unit_I/Use_HW_MUL.Using_DSP48_Architectures.No_MUL64.dsp_module_I3/Using_DSP48E1.DSP48E1_I1/Using_FPGA.DSP48E1_I1/CLK (clocked by clk_out1_system_clk_wiz_0_0) and system_i/microblaze_0/U0/MicroBlaze_Core_I/Performance.Core/Data_Flow_I/Operand_Select_I/EX_Op3_reg[4]/D (clocked by clk_out1_system_clk_wiz_0_0). Large setup violations at the end of those stages might be difficult to fix during the post-placement implementation flow and could be the result of non-optimal XDC constraints or non-optimal design architecture
Related violations: <none>

TIMING-16#197 Warning
Large setup violation  
There is a large setup violation of -1.555 ns between system_i/microblaze_0/U0/MicroBlaze_Core_I/Performance.Core/Using_DCache.Using_WriteBack.DCache_wb_I1/TAG_RAM_Module/Not_Using_XPM.Using_B36_S36.The_BRAMs[0].RAMB36_I1/Using_FPGA.Native/CLKARDCLK (clocked by clk_out1_system_clk_wiz_0_0) and system_i/microblaze_0/U0/MicroBlaze_Core_I/Performance.Core/Data_Flow_I/Using_Stack_Protection.stack_protection_I/SLR_Value_DFF_reg[10]/CE (clocked by clk_out1_system_clk_wiz_0_0). Large setup violations at the end of those stages might be difficult to fix during the post-placement implementation flow and could be the result of non-optimal XDC constraints or non-optimal design architecture
Related violations: <none>

TIMING-16#198 Warning
Large setup violation  
There is a large setup violation of -1.555 ns between system_i/microblaze_0/U0/MicroBlaze_Core_I/Performance.Core/Using_DCache.Using_WriteBack.DCache_wb_I1/TAG_RAM_Module/Not_Using_XPM.Using_B36_S36.The_BRAMs[0].RAMB36_I1/Using_FPGA.Native/CLKARDCLK (clocked by clk_out1_system_clk_wiz_0_0) and system_i/microblaze_0/U0/MicroBlaze_Core_I/Performance.Core/Data_Flow_I/Using_Stack_Protection.stack_protection_I/SLR_Value_DFF_reg[15]/CE (clocked by clk_out1_system_clk_wiz_0_0). Large setup violations at the end of those stages might be difficult to fix during the post-placement implementation flow and could be the result of non-optimal XDC constraints or non-optimal design architecture
Related violations: <none>

TIMING-16#199 Warning
Large setup violation  
There is a large setup violation of -1.555 ns between system_i/microblaze_0/U0/MicroBlaze_Core_I/Performance.Core/Using_DCache.Using_WriteBack.DCache_wb_I1/TAG_RAM_Module/Not_Using_XPM.Using_B36_S36.The_BRAMs[0].RAMB36_I1/Using_FPGA.Native/CLKARDCLK (clocked by clk_out1_system_clk_wiz_0_0) and system_i/microblaze_0/U0/MicroBlaze_Core_I/Performance.Core/Data_Flow_I/Using_Stack_Protection.stack_protection_I/SLR_Value_DFF_reg[22]/CE (clocked by clk_out1_system_clk_wiz_0_0). Large setup violations at the end of those stages might be difficult to fix during the post-placement implementation flow and could be the result of non-optimal XDC constraints or non-optimal design architecture
Related violations: <none>

TIMING-16#200 Warning
Large setup violation  
There is a large setup violation of -1.555 ns between system_i/microblaze_0/U0/MicroBlaze_Core_I/Performance.Core/Using_DCache.Using_WriteBack.DCache_wb_I1/TAG_RAM_Module/Not_Using_XPM.Using_B36_S36.The_BRAMs[0].RAMB36_I1/Using_FPGA.Native/CLKARDCLK (clocked by clk_out1_system_clk_wiz_0_0) and system_i/microblaze_0/U0/MicroBlaze_Core_I/Performance.Core/Data_Flow_I/Using_Stack_Protection.stack_protection_I/SLR_Value_DFF_reg[30]/CE (clocked by clk_out1_system_clk_wiz_0_0). Large setup violations at the end of those stages might be difficult to fix during the post-placement implementation flow and could be the result of non-optimal XDC constraints or non-optimal design architecture
Related violations: <none>

TIMING-16#201 Warning
Large setup violation  
There is a large setup violation of -1.555 ns between system_i/microblaze_0/U0/MicroBlaze_Core_I/Performance.Core/Using_DCache.Using_WriteBack.DCache_wb_I1/TAG_RAM_Module/Not_Using_XPM.Using_B36_S36.The_BRAMs[0].RAMB36_I1/Using_FPGA.Native/CLKARDCLK (clocked by clk_out1_system_clk_wiz_0_0) and system_i/microblaze_0/U0/MicroBlaze_Core_I/Performance.Core/Data_Flow_I/Using_Stack_Protection.stack_protection_I/SLR_Value_DFF_reg[4]/CE (clocked by clk_out1_system_clk_wiz_0_0). Large setup violations at the end of those stages might be difficult to fix during the post-placement implementation flow and could be the result of non-optimal XDC constraints or non-optimal design architecture
Related violations: <none>

TIMING-16#202 Warning
Large setup violation  
There is a large setup violation of -1.555 ns between system_i/microblaze_0/U0/MicroBlaze_Core_I/Performance.Core/Using_DCache.Using_WriteBack.DCache_wb_I1/TAG_RAM_Module/Not_Using_XPM.Using_B36_S36.The_BRAMs[0].RAMB36_I1/Using_FPGA.Native/CLKARDCLK (clocked by clk_out1_system_clk_wiz_0_0) and system_i/microblaze_0/U0/MicroBlaze_Core_I/Performance.Core/Data_Flow_I/Using_Stack_Protection.stack_protection_I/SLR_Value_DFF_reg[5]/CE (clocked by clk_out1_system_clk_wiz_0_0). Large setup violations at the end of those stages might be difficult to fix during the post-placement implementation flow and could be the result of non-optimal XDC constraints or non-optimal design architecture
Related violations: <none>

TIMING-16#203 Warning
Large setup violation  
There is a large setup violation of -1.556 ns between system_i/microblaze_0/U0/MicroBlaze_Core_I/Performance.Core/Using_DCache.Using_WriteBack.DCache_wb_I1/TAG_RAM_Module/Not_Using_XPM.Using_B36_S36.The_BRAMs[0].RAMB36_I1/Using_FPGA.Native/CLKARDCLK (clocked by clk_out1_system_clk_wiz_0_0) and system_i/microblaze_0/U0/MicroBlaze_Core_I/Performance.Core/Data_Flow_I/exception_registers_I1/wb_EAR_i_reg[13]/CE (clocked by clk_out1_system_clk_wiz_0_0). Large setup violations at the end of those stages might be difficult to fix during the post-placement implementation flow and could be the result of non-optimal XDC constraints or non-optimal design architecture
Related violations: <none>

TIMING-16#204 Warning
Large setup violation  
There is a large setup violation of -1.556 ns between system_i/microblaze_0/U0/MicroBlaze_Core_I/Performance.Core/Using_DCache.Using_WriteBack.DCache_wb_I1/TAG_RAM_Module/Not_Using_XPM.Using_B36_S36.The_BRAMs[0].RAMB36_I1/Using_FPGA.Native/CLKARDCLK (clocked by clk_out1_system_clk_wiz_0_0) and system_i/microblaze_0/U0/MicroBlaze_Core_I/Performance.Core/Data_Flow_I/exception_registers_I1/wb_EAR_i_reg[24]/CE (clocked by clk_out1_system_clk_wiz_0_0). Large setup violations at the end of those stages might be difficult to fix during the post-placement implementation flow and could be the result of non-optimal XDC constraints or non-optimal design architecture
Related violations: <none>

TIMING-16#205 Warning
Large setup violation  
There is a large setup violation of -1.556 ns between system_i/microblaze_0/U0/MicroBlaze_Core_I/Performance.Core/Using_DCache.Using_WriteBack.DCache_wb_I1/TAG_RAM_Module/Not_Using_XPM.Using_B36_S36.The_BRAMs[0].RAMB36_I1/Using_FPGA.Native/CLKARDCLK (clocked by clk_out1_system_clk_wiz_0_0) and system_i/microblaze_0/U0/MicroBlaze_Core_I/Performance.Core/Data_Flow_I/exception_registers_I1/wb_EAR_i_reg[27]/CE (clocked by clk_out1_system_clk_wiz_0_0). Large setup violations at the end of those stages might be difficult to fix during the post-placement implementation flow and could be the result of non-optimal XDC constraints or non-optimal design architecture
Related violations: <none>

TIMING-16#206 Warning
Large setup violation  
There is a large setup violation of -1.556 ns between system_i/microblaze_0/U0/MicroBlaze_Core_I/Performance.Core/Using_DCache.Using_WriteBack.DCache_wb_I1/TAG_RAM_Module/Not_Using_XPM.Using_B36_S36.The_BRAMs[0].RAMB36_I1/Using_FPGA.Native/CLKARDCLK (clocked by clk_out1_system_clk_wiz_0_0) and system_i/microblaze_0/U0/MicroBlaze_Core_I/Performance.Core/Data_Flow_I/exception_registers_I1/wb_EAR_i_reg[30]/CE (clocked by clk_out1_system_clk_wiz_0_0). Large setup violations at the end of those stages might be difficult to fix during the post-placement implementation flow and could be the result of non-optimal XDC constraints or non-optimal design architecture
Related violations: <none>

TIMING-16#207 Warning
Large setup violation  
There is a large setup violation of -1.557 ns between system_i/microblaze_0/U0/MicroBlaze_Core_I/Performance.Core/Use_DBUS.DAXI_Interface_I1/WB_DAXI_Data_Strobe_reg/C (clocked by clk_out1_system_clk_wiz_0_0) and system_i/microblaze_0/U0/MicroBlaze_Core_I/Performance.Core/Data_Flow_I/Operand_Select_I/EX_Op1_reg[23]/D (clocked by clk_out1_system_clk_wiz_0_0). Large setup violations at the end of those stages might be difficult to fix during the post-placement implementation flow and could be the result of non-optimal XDC constraints or non-optimal design architecture
Related violations: <none>

TIMING-16#208 Warning
Large setup violation  
There is a large setup violation of -1.557 ns between system_i/microblaze_0/U0/MicroBlaze_Core_I/Performance.Core/Using_DCache.Using_WriteBack.DCache_wb_I1/TAG_RAM_Module/Not_Using_XPM.Using_B36_S36.The_BRAMs[0].RAMB36_I1/Using_FPGA.Native/CLKARDCLK (clocked by clk_out1_system_clk_wiz_0_0) and system_i/microblaze_0/U0/MicroBlaze_Core_I/Performance.Core/Data_Flow_I/exception_registers_I1/WB_ESR_reg[23]/CE (clocked by clk_out1_system_clk_wiz_0_0). Large setup violations at the end of those stages might be difficult to fix during the post-placement implementation flow and could be the result of non-optimal XDC constraints or non-optimal design architecture
Related violations: <none>

TIMING-16#209 Warning
Large setup violation  
There is a large setup violation of -1.557 ns between system_i/microblaze_0/U0/MicroBlaze_Core_I/Performance.Core/Using_DCache.Using_WriteBack.DCache_wb_I1/TAG_RAM_Module/Not_Using_XPM.Using_B36_S36.The_BRAMs[0].RAMB36_I1/Using_FPGA.Native/CLKARDCLK (clocked by clk_out1_system_clk_wiz_0_0) and system_i/microblaze_0/U0/MicroBlaze_Core_I/Performance.Core/Data_Flow_I/exception_registers_I1/WB_ESR_reg[24]/CE (clocked by clk_out1_system_clk_wiz_0_0). Large setup violations at the end of those stages might be difficult to fix during the post-placement implementation flow and could be the result of non-optimal XDC constraints or non-optimal design architecture
Related violations: <none>

TIMING-16#210 Warning
Large setup violation  
There is a large setup violation of -1.557 ns between system_i/microblaze_0/U0/MicroBlaze_Core_I/Performance.Core/Using_DCache.Using_WriteBack.DCache_wb_I1/TAG_RAM_Module/Not_Using_XPM.Using_B36_S36.The_BRAMs[0].RAMB36_I1/Using_FPGA.Native/CLKARDCLK (clocked by clk_out1_system_clk_wiz_0_0) and system_i/microblaze_0/U0/MicroBlaze_Core_I/Performance.Core/Data_Flow_I/exception_registers_I1/WB_ESR_reg[26]/CE (clocked by clk_out1_system_clk_wiz_0_0). Large setup violations at the end of those stages might be difficult to fix during the post-placement implementation flow and could be the result of non-optimal XDC constraints or non-optimal design architecture
Related violations: <none>

TIMING-16#211 Warning
Large setup violation  
There is a large setup violation of -1.557 ns between system_i/microblaze_0/U0/MicroBlaze_Core_I/Performance.Core/Using_DCache.Using_WriteBack.DCache_wb_I1/TAG_RAM_Module/Not_Using_XPM.Using_B36_S36.The_BRAMs[0].RAMB36_I1/Using_FPGA.Native/CLKARDCLK (clocked by clk_out1_system_clk_wiz_0_0) and system_i/microblaze_0/U0/MicroBlaze_Core_I/Performance.Core/Data_Flow_I/exception_registers_I1/WB_ESR_reg[29]/CE (clocked by clk_out1_system_clk_wiz_0_0). Large setup violations at the end of those stages might be difficult to fix during the post-placement implementation flow and could be the result of non-optimal XDC constraints or non-optimal design architecture
Related violations: <none>

TIMING-16#212 Warning
Large setup violation  
There is a large setup violation of -1.557 ns between system_i/microblaze_0/U0/MicroBlaze_Core_I/Performance.Core/Using_DCache.Using_WriteBack.DCache_wb_I1/TAG_RAM_Module/Not_Using_XPM.Using_B36_S36.The_BRAMs[0].RAMB36_I1/Using_FPGA.Native/CLKARDCLK (clocked by clk_out1_system_clk_wiz_0_0) and system_i/microblaze_0/U0/MicroBlaze_Core_I/Performance.Core/Data_Flow_I/exception_registers_I1/WB_ESR_reg[30]/CE (clocked by clk_out1_system_clk_wiz_0_0). Large setup violations at the end of those stages might be difficult to fix during the post-placement implementation flow and could be the result of non-optimal XDC constraints or non-optimal design architecture
Related violations: <none>

TIMING-16#213 Warning
Large setup violation  
There is a large setup violation of -1.559 ns between system_i/microblaze_0/U0/MicroBlaze_Core_I/Performance.Core/Using_DCache.Using_WriteBack.DCache_wb_I1/TAG_RAM_Module/Not_Using_XPM.Using_B36_S36.The_BRAMs[0].RAMB36_I1/Using_FPGA.Native/CLKARDCLK (clocked by clk_out1_system_clk_wiz_0_0) and system_i/microblaze_0/U0/MicroBlaze_Core_I/Performance.Core/Data_Flow_I/Using_Stack_Protection.stack_protection_I/SHR_Value_DFF_reg[10]/CE (clocked by clk_out1_system_clk_wiz_0_0). Large setup violations at the end of those stages might be difficult to fix during the post-placement implementation flow and could be the result of non-optimal XDC constraints or non-optimal design architecture
Related violations: <none>

TIMING-16#214 Warning
Large setup violation  
There is a large setup violation of -1.559 ns between system_i/microblaze_0/U0/MicroBlaze_Core_I/Performance.Core/Using_DCache.Using_WriteBack.DCache_wb_I1/TAG_RAM_Module/Not_Using_XPM.Using_B36_S36.The_BRAMs[0].RAMB36_I1/Using_FPGA.Native/CLKARDCLK (clocked by clk_out1_system_clk_wiz_0_0) and system_i/microblaze_0/U0/MicroBlaze_Core_I/Performance.Core/Data_Flow_I/Using_Stack_Protection.stack_protection_I/SHR_Value_DFF_reg[16]/CE (clocked by clk_out1_system_clk_wiz_0_0). Large setup violations at the end of those stages might be difficult to fix during the post-placement implementation flow and could be the result of non-optimal XDC constraints or non-optimal design architecture
Related violations: <none>

TIMING-16#215 Warning
Large setup violation  
There is a large setup violation of -1.559 ns between system_i/microblaze_0/U0/MicroBlaze_Core_I/Performance.Core/Using_DCache.Using_WriteBack.DCache_wb_I1/TAG_RAM_Module/Not_Using_XPM.Using_B36_S36.The_BRAMs[0].RAMB36_I1/Using_FPGA.Native/CLKARDCLK (clocked by clk_out1_system_clk_wiz_0_0) and system_i/microblaze_0/U0/MicroBlaze_Core_I/Performance.Core/Data_Flow_I/Using_Stack_Protection.stack_protection_I/SHR_Value_DFF_reg[18]/CE (clocked by clk_out1_system_clk_wiz_0_0). Large setup violations at the end of those stages might be difficult to fix during the post-placement implementation flow and could be the result of non-optimal XDC constraints or non-optimal design architecture
Related violations: <none>

TIMING-16#216 Warning
Large setup violation  
There is a large setup violation of -1.559 ns between system_i/microblaze_0/U0/MicroBlaze_Core_I/Performance.Core/Using_DCache.Using_WriteBack.DCache_wb_I1/TAG_RAM_Module/Not_Using_XPM.Using_B36_S36.The_BRAMs[0].RAMB36_I1/Using_FPGA.Native/CLKARDCLK (clocked by clk_out1_system_clk_wiz_0_0) and system_i/microblaze_0/U0/MicroBlaze_Core_I/Performance.Core/Data_Flow_I/Using_Stack_Protection.stack_protection_I/SHR_Value_DFF_reg[23]/CE (clocked by clk_out1_system_clk_wiz_0_0). Large setup violations at the end of those stages might be difficult to fix during the post-placement implementation flow and could be the result of non-optimal XDC constraints or non-optimal design architecture
Related violations: <none>

TIMING-16#217 Warning
Large setup violation  
There is a large setup violation of -1.559 ns between system_i/microblaze_0/U0/MicroBlaze_Core_I/Performance.Core/Using_DCache.Using_WriteBack.DCache_wb_I1/TAG_RAM_Module/Not_Using_XPM.Using_B36_S36.The_BRAMs[0].RAMB36_I1/Using_FPGA.Native/CLKARDCLK (clocked by clk_out1_system_clk_wiz_0_0) and system_i/microblaze_0/U0/MicroBlaze_Core_I/Performance.Core/Data_Flow_I/Using_Stack_Protection.stack_protection_I/SHR_Value_DFF_reg[26]/CE (clocked by clk_out1_system_clk_wiz_0_0). Large setup violations at the end of those stages might be difficult to fix during the post-placement implementation flow and could be the result of non-optimal XDC constraints or non-optimal design architecture
Related violations: <none>

TIMING-16#218 Warning
Large setup violation  
There is a large setup violation of -1.559 ns between system_i/microblaze_0/U0/MicroBlaze_Core_I/Performance.Core/Using_DCache.Using_WriteBack.DCache_wb_I1/TAG_RAM_Module/Not_Using_XPM.Using_B36_S36.The_BRAMs[0].RAMB36_I1/Using_FPGA.Native/CLKARDCLK (clocked by clk_out1_system_clk_wiz_0_0) and system_i/microblaze_0/U0/MicroBlaze_Core_I/Performance.Core/Data_Flow_I/Using_Stack_Protection.stack_protection_I/SLR_Value_DFF_reg[12]/CE (clocked by clk_out1_system_clk_wiz_0_0). Large setup violations at the end of those stages might be difficult to fix during the post-placement implementation flow and could be the result of non-optimal XDC constraints or non-optimal design architecture
Related violations: <none>

TIMING-16#219 Warning
Large setup violation  
There is a large setup violation of -1.559 ns between system_i/microblaze_0/U0/MicroBlaze_Core_I/Performance.Core/Using_DCache.Using_WriteBack.DCache_wb_I1/TAG_RAM_Module/Not_Using_XPM.Using_B36_S36.The_BRAMs[0].RAMB36_I1/Using_FPGA.Native/CLKARDCLK (clocked by clk_out1_system_clk_wiz_0_0) and system_i/microblaze_0/U0/MicroBlaze_Core_I/Performance.Core/Data_Flow_I/Using_Stack_Protection.stack_protection_I/SLR_Value_DFF_reg[13]/CE (clocked by clk_out1_system_clk_wiz_0_0). Large setup violations at the end of those stages might be difficult to fix during the post-placement implementation flow and could be the result of non-optimal XDC constraints or non-optimal design architecture
Related violations: <none>

TIMING-16#220 Warning
Large setup violation  
There is a large setup violation of -1.559 ns between system_i/microblaze_0/U0/MicroBlaze_Core_I/Performance.Core/Using_DCache.Using_WriteBack.DCache_wb_I1/TAG_RAM_Module/Not_Using_XPM.Using_B36_S36.The_BRAMs[0].RAMB36_I1/Using_FPGA.Native/CLKARDCLK (clocked by clk_out1_system_clk_wiz_0_0) and system_i/microblaze_0/U0/MicroBlaze_Core_I/Performance.Core/Data_Flow_I/Using_Stack_Protection.stack_protection_I/SLR_Value_DFF_reg[16]/CE (clocked by clk_out1_system_clk_wiz_0_0). Large setup violations at the end of those stages might be difficult to fix during the post-placement implementation flow and could be the result of non-optimal XDC constraints or non-optimal design architecture
Related violations: <none>

TIMING-16#221 Warning
Large setup violation  
There is a large setup violation of -1.559 ns between system_i/microblaze_0/U0/MicroBlaze_Core_I/Performance.Core/Using_DCache.Using_WriteBack.DCache_wb_I1/TAG_RAM_Module/Not_Using_XPM.Using_B36_S36.The_BRAMs[0].RAMB36_I1/Using_FPGA.Native/CLKARDCLK (clocked by clk_out1_system_clk_wiz_0_0) and system_i/microblaze_0/U0/MicroBlaze_Core_I/Performance.Core/Data_Flow_I/Using_Stack_Protection.stack_protection_I/SLR_Value_DFF_reg[24]/CE (clocked by clk_out1_system_clk_wiz_0_0). Large setup violations at the end of those stages might be difficult to fix during the post-placement implementation flow and could be the result of non-optimal XDC constraints or non-optimal design architecture
Related violations: <none>

TIMING-16#222 Warning
Large setup violation  
There is a large setup violation of -1.559 ns between system_i/microblaze_0/U0/MicroBlaze_Core_I/Performance.Core/Using_DCache.Using_WriteBack.DCache_wb_I1/TAG_RAM_Module/Not_Using_XPM.Using_B36_S36.The_BRAMs[0].RAMB36_I1/Using_FPGA.Native/CLKARDCLK (clocked by clk_out1_system_clk_wiz_0_0) and system_i/microblaze_0/U0/MicroBlaze_Core_I/Performance.Core/Data_Flow_I/exception_registers_I1/wb_EAR_i_reg[17]/CE (clocked by clk_out1_system_clk_wiz_0_0). Large setup violations at the end of those stages might be difficult to fix during the post-placement implementation flow and could be the result of non-optimal XDC constraints or non-optimal design architecture
Related violations: <none>

TIMING-16#223 Warning
Large setup violation  
There is a large setup violation of -1.559 ns between system_i/microblaze_0/U0/MicroBlaze_Core_I/Performance.Core/Using_DCache.Using_WriteBack.DCache_wb_I1/TAG_RAM_Module/Not_Using_XPM.Using_B36_S36.The_BRAMs[0].RAMB36_I1/Using_FPGA.Native/CLKARDCLK (clocked by clk_out1_system_clk_wiz_0_0) and system_i/microblaze_0/U0/MicroBlaze_Core_I/Performance.Core/Data_Flow_I/exception_registers_I1/wb_EAR_i_reg[18]/CE (clocked by clk_out1_system_clk_wiz_0_0). Large setup violations at the end of those stages might be difficult to fix during the post-placement implementation flow and could be the result of non-optimal XDC constraints or non-optimal design architecture
Related violations: <none>

TIMING-16#224 Warning
Large setup violation  
There is a large setup violation of -1.559 ns between system_i/microblaze_0/U0/MicroBlaze_Core_I/Performance.Core/Using_DCache.Using_WriteBack.DCache_wb_I1/TAG_RAM_Module/Not_Using_XPM.Using_B36_S36.The_BRAMs[0].RAMB36_I1/Using_FPGA.Native/CLKARDCLK (clocked by clk_out1_system_clk_wiz_0_0) and system_i/microblaze_0/U0/MicroBlaze_Core_I/Performance.Core/Data_Flow_I/exception_registers_I1/wb_EAR_i_reg[25]/CE (clocked by clk_out1_system_clk_wiz_0_0). Large setup violations at the end of those stages might be difficult to fix during the post-placement implementation flow and could be the result of non-optimal XDC constraints or non-optimal design architecture
Related violations: <none>

TIMING-16#225 Warning
Large setup violation  
There is a large setup violation of -1.559 ns between system_i/microblaze_0/U0/MicroBlaze_Core_I/Performance.Core/Using_DCache.Using_WriteBack.DCache_wb_I1/TAG_RAM_Module/Not_Using_XPM.Using_B36_S36.The_BRAMs[0].RAMB36_I1/Using_FPGA.Native/CLKARDCLK (clocked by clk_out1_system_clk_wiz_0_0) and system_i/microblaze_0/U0/MicroBlaze_Core_I/Performance.Core/Data_Flow_I/exception_registers_I1/wb_EAR_i_reg[28]/CE (clocked by clk_out1_system_clk_wiz_0_0). Large setup violations at the end of those stages might be difficult to fix during the post-placement implementation flow and could be the result of non-optimal XDC constraints or non-optimal design architecture
Related violations: <none>

TIMING-16#226 Warning
Large setup violation  
There is a large setup violation of -1.561 ns between system_i/microblaze_0/U0/MicroBlaze_Core_I/Performance.Core/Using_DCache.Using_WriteBack.DCache_wb_I1/TAG_RAM_Module/Not_Using_XPM.Using_B36_S36.The_BRAMs[0].RAMB36_I1/Using_FPGA.Native/CLKARDCLK (clocked by clk_out1_system_clk_wiz_0_0) and system_i/microblaze_0/U0/MicroBlaze_Core_I/Performance.Core/Data_Flow_I/exception_registers_I1/wb_EAR_i_reg[2]/CE (clocked by clk_out1_system_clk_wiz_0_0). Large setup violations at the end of those stages might be difficult to fix during the post-placement implementation flow and could be the result of non-optimal XDC constraints or non-optimal design architecture
Related violations: <none>

TIMING-16#227 Warning
Large setup violation  
There is a large setup violation of -1.563 ns between system_i/microblaze_0/U0/MicroBlaze_Core_I/Performance.Core/Use_DLMB.wb_dlmb_valid_read_data_reg[25]/C (clocked by clk_out1_system_clk_wiz_0_0) and system_i/microblaze_0/U0/MicroBlaze_Core_I/Performance.Core/Data_Flow_I/Operand_Select_I/EX_Op1_reg[17]/D (clocked by clk_out1_system_clk_wiz_0_0). Large setup violations at the end of those stages might be difficult to fix during the post-placement implementation flow and could be the result of non-optimal XDC constraints or non-optimal design architecture
Related violations: <none>

TIMING-16#228 Warning
Large setup violation  
There is a large setup violation of -1.563 ns between system_i/microblaze_0/U0/MicroBlaze_Core_I/Performance.Core/Using_DCache.Using_WriteBack.DCache_wb_I1/Using_Perf_4.WB_DCache_Valid_Read_data_reg[27]/C (clocked by clk_out1_system_clk_wiz_0_0) and system_i/microblaze_0/U0/MicroBlaze_Core_I/Performance.Core/Data_Flow_I/Register_File_I/Using_LUT6.All_RAM32M[9].ram32m_i/Using_FPGA.Native/RAMD/I (clocked by clk_out1_system_clk_wiz_0_0). Large setup violations at the end of those stages might be difficult to fix during the post-placement implementation flow and could be the result of non-optimal XDC constraints or non-optimal design architecture
Related violations: <none>

TIMING-16#229 Warning
Large setup violation  
There is a large setup violation of -1.566 ns between system_i/microblaze_0/U0/MicroBlaze_Core_I/Performance.Core/Using_DCache.Using_WriteBack.DCache_wb_I1/Using_Perf_4.WB_DCache_Valid_Read_data_reg[24]/C (clocked by clk_out1_system_clk_wiz_0_0) and system_i/microblaze_0/U0/MicroBlaze_Core_I/Performance.Core/Data_Flow_I/Operand_Select_I/EX_Op3_reg[0]/D (clocked by clk_out1_system_clk_wiz_0_0). Large setup violations at the end of those stages might be difficult to fix during the post-placement implementation flow and could be the result of non-optimal XDC constraints or non-optimal design architecture
Related violations: <none>

TIMING-16#230 Warning
Large setup violation  
There is a large setup violation of -1.567 ns between system_i/microblaze_0/U0/MicroBlaze_Core_I/Performance.Core/Use_DBUS.DAXI_Interface_I1/WB_DAXI_Data_Strobe_reg/C (clocked by clk_out1_system_clk_wiz_0_0) and system_i/microblaze_0/U0/MicroBlaze_Core_I/Performance.Core/Data_Flow_I/Operand_Select_I/EX_Op3_reg[14]/D (clocked by clk_out1_system_clk_wiz_0_0). Large setup violations at the end of those stages might be difficult to fix during the post-placement implementation flow and could be the result of non-optimal XDC constraints or non-optimal design architecture
Related violations: <none>

TIMING-16#231 Warning
Large setup violation  
There is a large setup violation of -1.574 ns between system_i/microblaze_0/U0/MicroBlaze_Core_I/Performance.Core/Data_Flow_I/Using_Stack_Protection.stack_protection_I/shr_reg_reg[21]/C (clocked by clk_out1_system_clk_wiz_0_0) and system_i/microblaze_0/U0/MicroBlaze_Core_I/Performance.Core/Data_Flow_I/exception_registers_I1/Use_LUT6.mem_BTR_reg[19]/D (clocked by clk_out1_system_clk_wiz_0_0). Large setup violations at the end of those stages might be difficult to fix during the post-placement implementation flow and could be the result of non-optimal XDC constraints or non-optimal design architecture
Related violations: <none>

TIMING-16#232 Warning
Large setup violation  
There is a large setup violation of -1.574 ns between system_i/microblaze_0/U0/MicroBlaze_Core_I/Performance.Core/Using_ICache.ICache_I1/Tag_RAM_Module/Not_Using_XPM.Using_B36_S36.The_BRAMs[0].RAMB36_I1/Using_FPGA.Native/CLKARDCLK (clocked by clk_out1_system_clk_wiz_0_0) and system_i/microblaze_0/U0/MicroBlaze_Core_I/Performance.Core/Decode_I/PC_Module_I/PC_Buffer_reg[3][10]_srl4/CE (clocked by clk_out1_system_clk_wiz_0_0). Large setup violations at the end of those stages might be difficult to fix during the post-placement implementation flow and could be the result of non-optimal XDC constraints or non-optimal design architecture
Related violations: <none>

TIMING-16#233 Warning
Large setup violation  
There is a large setup violation of -1.574 ns between system_i/microblaze_0/U0/MicroBlaze_Core_I/Performance.Core/Using_ICache.ICache_I1/Tag_RAM_Module/Not_Using_XPM.Using_B36_S36.The_BRAMs[0].RAMB36_I1/Using_FPGA.Native/CLKARDCLK (clocked by clk_out1_system_clk_wiz_0_0) and system_i/microblaze_0/U0/MicroBlaze_Core_I/Performance.Core/Decode_I/PC_Module_I/PC_Buffer_reg[3][11]_srl4/CE (clocked by clk_out1_system_clk_wiz_0_0). Large setup violations at the end of those stages might be difficult to fix during the post-placement implementation flow and could be the result of non-optimal XDC constraints or non-optimal design architecture
Related violations: <none>

TIMING-16#234 Warning
Large setup violation  
There is a large setup violation of -1.574 ns between system_i/microblaze_0/U0/MicroBlaze_Core_I/Performance.Core/Using_ICache.ICache_I1/Tag_RAM_Module/Not_Using_XPM.Using_B36_S36.The_BRAMs[0].RAMB36_I1/Using_FPGA.Native/CLKARDCLK (clocked by clk_out1_system_clk_wiz_0_0) and system_i/microblaze_0/U0/MicroBlaze_Core_I/Performance.Core/Decode_I/PC_Module_I/PC_Buffer_reg[3][12]_srl4/CE (clocked by clk_out1_system_clk_wiz_0_0). Large setup violations at the end of those stages might be difficult to fix during the post-placement implementation flow and could be the result of non-optimal XDC constraints or non-optimal design architecture
Related violations: <none>

TIMING-16#235 Warning
Large setup violation  
There is a large setup violation of -1.574 ns between system_i/microblaze_0/U0/MicroBlaze_Core_I/Performance.Core/Using_ICache.ICache_I1/Tag_RAM_Module/Not_Using_XPM.Using_B36_S36.The_BRAMs[0].RAMB36_I1/Using_FPGA.Native/CLKARDCLK (clocked by clk_out1_system_clk_wiz_0_0) and system_i/microblaze_0/U0/MicroBlaze_Core_I/Performance.Core/Decode_I/PC_Module_I/PC_Buffer_reg[3][13]_srl4/CE (clocked by clk_out1_system_clk_wiz_0_0). Large setup violations at the end of those stages might be difficult to fix during the post-placement implementation flow and could be the result of non-optimal XDC constraints or non-optimal design architecture
Related violations: <none>

TIMING-16#236 Warning
Large setup violation  
There is a large setup violation of -1.574 ns between system_i/microblaze_0/U0/MicroBlaze_Core_I/Performance.Core/Using_ICache.ICache_I1/Tag_RAM_Module/Not_Using_XPM.Using_B36_S36.The_BRAMs[0].RAMB36_I1/Using_FPGA.Native/CLKARDCLK (clocked by clk_out1_system_clk_wiz_0_0) and system_i/microblaze_0/U0/MicroBlaze_Core_I/Performance.Core/Decode_I/PC_Module_I/PC_Buffer_reg[3][14]_srl4/CE (clocked by clk_out1_system_clk_wiz_0_0). Large setup violations at the end of those stages might be difficult to fix during the post-placement implementation flow and could be the result of non-optimal XDC constraints or non-optimal design architecture
Related violations: <none>

TIMING-16#237 Warning
Large setup violation  
There is a large setup violation of -1.575 ns between system_i/microblaze_0/U0/MicroBlaze_Core_I/Performance.Core/Using_DCache.Using_WriteBack.DCache_wb_I1/TAG_RAM_Module/Not_Using_XPM.Using_B36_S36.The_BRAMs[0].RAMB36_I1/Using_FPGA.Native/CLKARDCLK (clocked by clk_out1_system_clk_wiz_0_0) and system_i/microblaze_0/U0/MicroBlaze_Core_I/Performance.Core/Data_Flow_I/Using_Stack_Protection.stack_protection_I/SHR_Value_DFF_reg[12]/CE (clocked by clk_out1_system_clk_wiz_0_0). Large setup violations at the end of those stages might be difficult to fix during the post-placement implementation flow and could be the result of non-optimal XDC constraints or non-optimal design architecture
Related violations: <none>

TIMING-16#238 Warning
Large setup violation  
There is a large setup violation of -1.575 ns between system_i/microblaze_0/U0/MicroBlaze_Core_I/Performance.Core/Using_DCache.Using_WriteBack.DCache_wb_I1/TAG_RAM_Module/Not_Using_XPM.Using_B36_S36.The_BRAMs[0].RAMB36_I1/Using_FPGA.Native/CLKARDCLK (clocked by clk_out1_system_clk_wiz_0_0) and system_i/microblaze_0/U0/MicroBlaze_Core_I/Performance.Core/Data_Flow_I/Using_Stack_Protection.stack_protection_I/SHR_Value_DFF_reg[13]/CE (clocked by clk_out1_system_clk_wiz_0_0). Large setup violations at the end of those stages might be difficult to fix during the post-placement implementation flow and could be the result of non-optimal XDC constraints or non-optimal design architecture
Related violations: <none>

TIMING-16#239 Warning
Large setup violation  
There is a large setup violation of -1.575 ns between system_i/microblaze_0/U0/MicroBlaze_Core_I/Performance.Core/Using_DCache.Using_WriteBack.DCache_wb_I1/TAG_RAM_Module/Not_Using_XPM.Using_B36_S36.The_BRAMs[0].RAMB36_I1/Using_FPGA.Native/CLKARDCLK (clocked by clk_out1_system_clk_wiz_0_0) and system_i/microblaze_0/U0/MicroBlaze_Core_I/Performance.Core/Data_Flow_I/Using_Stack_Protection.stack_protection_I/SHR_Value_DFF_reg[19]/CE (clocked by clk_out1_system_clk_wiz_0_0). Large setup violations at the end of those stages might be difficult to fix during the post-placement implementation flow and could be the result of non-optimal XDC constraints or non-optimal design architecture
Related violations: <none>

TIMING-16#240 Warning
Large setup violation  
There is a large setup violation of -1.575 ns between system_i/microblaze_0/U0/MicroBlaze_Core_I/Performance.Core/Using_DCache.Using_WriteBack.DCache_wb_I1/TAG_RAM_Module/Not_Using_XPM.Using_B36_S36.The_BRAMs[0].RAMB36_I1/Using_FPGA.Native/CLKARDCLK (clocked by clk_out1_system_clk_wiz_0_0) and system_i/microblaze_0/U0/MicroBlaze_Core_I/Performance.Core/Data_Flow_I/Using_Stack_Protection.stack_protection_I/SHR_Value_DFF_reg[20]/CE (clocked by clk_out1_system_clk_wiz_0_0). Large setup violations at the end of those stages might be difficult to fix during the post-placement implementation flow and could be the result of non-optimal XDC constraints or non-optimal design architecture
Related violations: <none>

TIMING-16#241 Warning
Large setup violation  
There is a large setup violation of -1.575 ns between system_i/microblaze_0/U0/MicroBlaze_Core_I/Performance.Core/Using_DCache.Using_WriteBack.DCache_wb_I1/TAG_RAM_Module/Not_Using_XPM.Using_B36_S36.The_BRAMs[0].RAMB36_I1/Using_FPGA.Native/CLKARDCLK (clocked by clk_out1_system_clk_wiz_0_0) and system_i/microblaze_0/U0/MicroBlaze_Core_I/Performance.Core/Data_Flow_I/Using_Stack_Protection.stack_protection_I/SHR_Value_DFF_reg[31]/CE (clocked by clk_out1_system_clk_wiz_0_0). Large setup violations at the end of those stages might be difficult to fix during the post-placement implementation flow and could be the result of non-optimal XDC constraints or non-optimal design architecture
Related violations: <none>

TIMING-16#242 Warning
Large setup violation  
There is a large setup violation of -1.577 ns between system_i/microblaze_0/U0/MicroBlaze_Core_I/Performance.Core/Decode_I/mem_gpr_write_reg/C (clocked by clk_out1_system_clk_wiz_0_0) and system_i/microblaze_0/U0/MicroBlaze_Core_I/Performance.Core/Data_Flow_I/Operand_Select_I/EX_Op2_reg[22]/D (clocked by clk_out1_system_clk_wiz_0_0). Large setup violations at the end of those stages might be difficult to fix during the post-placement implementation flow and could be the result of non-optimal XDC constraints or non-optimal design architecture
Related violations: <none>

TIMING-16#243 Warning
Large setup violation  
There is a large setup violation of -1.579 ns between system_i/microblaze_0/U0/MicroBlaze_Core_I/Performance.Core/Data_Flow_I/Using_Stack_Protection.stack_protection_I/shr_reg_reg[21]/C (clocked by clk_out1_system_clk_wiz_0_0) and system_i/microblaze_0/U0/MicroBlaze_Core_I/Performance.Core/Data_Flow_I/exception_registers_I1/Use_LUT6.mem_BTR_reg[26]/D (clocked by clk_out1_system_clk_wiz_0_0). Large setup violations at the end of those stages might be difficult to fix during the post-placement implementation flow and could be the result of non-optimal XDC constraints or non-optimal design architecture
Related violations: <none>

TIMING-16#244 Warning
Large setup violation  
There is a large setup violation of -1.581 ns between system_i/microblaze_0/U0/MicroBlaze_Core_I/Performance.Core/Data_Flow_I/Using_Stack_Protection.stack_protection_I/shr_reg_reg[21]/C (clocked by clk_out1_system_clk_wiz_0_0) and system_i/microblaze_0/U0/MicroBlaze_Core_I/Performance.Core/Data_Flow_I/exception_registers_I1/Use_LUT6.mem_BTR_reg[30]/D (clocked by clk_out1_system_clk_wiz_0_0). Large setup violations at the end of those stages might be difficult to fix during the post-placement implementation flow and could be the result of non-optimal XDC constraints or non-optimal design architecture
Related violations: <none>

TIMING-16#245 Warning
Large setup violation  
There is a large setup violation of -1.582 ns between system_i/microblaze_0/U0/MicroBlaze_Core_I/Performance.Core/Decode_I/wb_gpr_write_addr_reg[0]/C (clocked by clk_out1_system_clk_wiz_0_0) and system_i/microblaze_0/U0/MicroBlaze_Core_I/Performance.Core/Data_Flow_I/Operand_Select_I/EX_Op3_reg[13]/D (clocked by clk_out1_system_clk_wiz_0_0). Large setup violations at the end of those stages might be difficult to fix during the post-placement implementation flow and could be the result of non-optimal XDC constraints or non-optimal design architecture
Related violations: <none>

TIMING-16#246 Warning
Large setup violation  
There is a large setup violation of -1.582 ns between system_i/microblaze_0/U0/MicroBlaze_Core_I/Performance.Core/Using_DCache.Using_WriteBack.DCache_wb_I1/TAG_RAM_Module/Not_Using_XPM.Using_B36_S36.The_BRAMs[0].RAMB36_I1/Using_FPGA.Native/CLKARDCLK (clocked by clk_out1_system_clk_wiz_0_0) and system_i/microblaze_0/U0/MicroBlaze_Core_I/Performance.Core/Data_Flow_I/Data_Flow_Logic_I/WB_MEM_Result_reg[19]/CE (clocked by clk_out1_system_clk_wiz_0_0). Large setup violations at the end of those stages might be difficult to fix during the post-placement implementation flow and could be the result of non-optimal XDC constraints or non-optimal design architecture
Related violations: <none>

TIMING-16#247 Warning
Large setup violation  
There is a large setup violation of -1.582 ns between system_i/microblaze_0/U0/MicroBlaze_Core_I/Performance.Core/Using_DCache.Using_WriteBack.DCache_wb_I1/TAG_RAM_Module/Not_Using_XPM.Using_B36_S36.The_BRAMs[0].RAMB36_I1/Using_FPGA.Native/CLKARDCLK (clocked by clk_out1_system_clk_wiz_0_0) and system_i/microblaze_0/U0/MicroBlaze_Core_I/Performance.Core/Data_Flow_I/exception_registers_I1/WB_BTR_reg[17]/CE (clocked by clk_out1_system_clk_wiz_0_0). Large setup violations at the end of those stages might be difficult to fix during the post-placement implementation flow and could be the result of non-optimal XDC constraints or non-optimal design architecture
Related violations: <none>

TIMING-16#248 Warning
Large setup violation  
There is a large setup violation of -1.582 ns between system_i/microblaze_0/U0/MicroBlaze_Core_I/Performance.Core/Using_DCache.Using_WriteBack.DCache_wb_I1/TAG_RAM_Module/Not_Using_XPM.Using_B36_S36.The_BRAMs[0].RAMB36_I1/Using_FPGA.Native/CLKARDCLK (clocked by clk_out1_system_clk_wiz_0_0) and system_i/microblaze_0/U0/MicroBlaze_Core_I/Performance.Core/Data_Flow_I/exception_registers_I1/WB_BTR_reg[21]/CE (clocked by clk_out1_system_clk_wiz_0_0). Large setup violations at the end of those stages might be difficult to fix during the post-placement implementation flow and could be the result of non-optimal XDC constraints or non-optimal design architecture
Related violations: <none>

TIMING-16#249 Warning
Large setup violation  
There is a large setup violation of -1.582 ns between system_i/microblaze_0/U0/MicroBlaze_Core_I/Performance.Core/Using_DCache.Using_WriteBack.DCache_wb_I1/TAG_RAM_Module/Not_Using_XPM.Using_B36_S36.The_BRAMs[0].RAMB36_I1/Using_FPGA.Native/CLKARDCLK (clocked by clk_out1_system_clk_wiz_0_0) and system_i/microblaze_0/U0/MicroBlaze_Core_I/Performance.Core/Data_Flow_I/exception_registers_I1/WB_BTR_reg[3]/CE (clocked by clk_out1_system_clk_wiz_0_0). Large setup violations at the end of those stages might be difficult to fix during the post-placement implementation flow and could be the result of non-optimal XDC constraints or non-optimal design architecture
Related violations: <none>

TIMING-16#250 Warning
Large setup violation  
There is a large setup violation of -1.582 ns between system_i/microblaze_0/U0/MicroBlaze_Core_I/Performance.Core/Using_DCache.Using_WriteBack.DCache_wb_I1/TAG_RAM_Module/Not_Using_XPM.Using_B36_S36.The_BRAMs[0].RAMB36_I1/Using_FPGA.Native/CLKARDCLK (clocked by clk_out1_system_clk_wiz_0_0) and system_i/microblaze_0/U0/MicroBlaze_Core_I/Performance.Core/Data_Flow_I/exception_registers_I1/WB_BTR_reg[4]/CE (clocked by clk_out1_system_clk_wiz_0_0). Large setup violations at the end of those stages might be difficult to fix during the post-placement implementation flow and could be the result of non-optimal XDC constraints or non-optimal design architecture
Related violations: <none>

TIMING-16#251 Warning
Large setup violation  
There is a large setup violation of -1.582 ns between system_i/microblaze_0/U0/MicroBlaze_Core_I/Performance.Core/Using_DCache.Using_WriteBack.DCache_wb_I1/TAG_RAM_Module/Not_Using_XPM.Using_B36_S36.The_BRAMs[0].RAMB36_I1/Using_FPGA.Native/CLKARDCLK (clocked by clk_out1_system_clk_wiz_0_0) and system_i/microblaze_0/U0/MicroBlaze_Core_I/Performance.Core/Data_Flow_I/exception_registers_I1/WB_BTR_reg[5]/CE (clocked by clk_out1_system_clk_wiz_0_0). Large setup violations at the end of those stages might be difficult to fix during the post-placement implementation flow and could be the result of non-optimal XDC constraints or non-optimal design architecture
Related violations: <none>

TIMING-16#252 Warning
Large setup violation  
There is a large setup violation of -1.582 ns between system_i/microblaze_0/U0/MicroBlaze_Core_I/Performance.Core/Using_DCache.Using_WriteBack.DCache_wb_I1/TAG_RAM_Module/Not_Using_XPM.Using_B36_S36.The_BRAMs[0].RAMB36_I1/Using_FPGA.Native/CLKARDCLK (clocked by clk_out1_system_clk_wiz_0_0) and system_i/microblaze_0/U0/MicroBlaze_Core_I/Performance.Core/Data_Flow_I/exception_registers_I1/WB_BTR_reg[6]/CE (clocked by clk_out1_system_clk_wiz_0_0). Large setup violations at the end of those stages might be difficult to fix during the post-placement implementation flow and could be the result of non-optimal XDC constraints or non-optimal design architecture
Related violations: <none>

TIMING-16#253 Warning
Large setup violation  
There is a large setup violation of -1.583 ns between system_i/microblaze_0/U0/MicroBlaze_Core_I/Performance.Core/Using_DCache.Using_WriteBack.DCache_wb_I1/Using_Perf_4.WB_DCache_Valid_Read_data_reg[12]/C (clocked by clk_out1_system_clk_wiz_0_0) and system_i/microblaze_0/U0/MicroBlaze_Core_I/Performance.Core/Data_Flow_I/Register_File_I/Using_LUT6.All_RAM32M[10].ram32m_i/Using_FPGA.Native/RAMB_D1/I (clocked by clk_out1_system_clk_wiz_0_0). Large setup violations at the end of those stages might be difficult to fix during the post-placement implementation flow and could be the result of non-optimal XDC constraints or non-optimal design architecture
Related violations: <none>

TIMING-16#254 Warning
Large setup violation  
There is a large setup violation of -1.584 ns between system_i/microblaze_0/U0/MicroBlaze_Core_I/Performance.Core/Use_DBUS.DAXI_Interface_I1/WB_DAXI_Data_Strobe_reg/C (clocked by clk_out1_system_clk_wiz_0_0) and system_i/microblaze_0/U0/MicroBlaze_Core_I/Performance.Core/Data_Flow_I/Operand_Select_I/EX_Op3_reg[8]/D (clocked by clk_out1_system_clk_wiz_0_0). Large setup violations at the end of those stages might be difficult to fix during the post-placement implementation flow and could be the result of non-optimal XDC constraints or non-optimal design architecture
Related violations: <none>

TIMING-16#255 Warning
Large setup violation  
There is a large setup violation of -1.588 ns between system_i/microblaze_0/U0/MicroBlaze_Core_I/Performance.Core/Using_DCache.Using_WriteBack.DCache_wb_I1/TAG_RAM_Module/Not_Using_XPM.Using_B36_S36.The_BRAMs[0].RAMB36_I1/Using_FPGA.Native/CLKARDCLK (clocked by clk_out1_system_clk_wiz_0_0) and system_i/microblaze_0/U0/MicroBlaze_Core_I/Performance.Core/Data_Flow_I/Barrel_Shifter_I/Use_HW_BS.mem_mux3_reg[11]/CE (clocked by clk_out1_system_clk_wiz_0_0). Large setup violations at the end of those stages might be difficult to fix during the post-placement implementation flow and could be the result of non-optimal XDC constraints or non-optimal design architecture
Related violations: <none>

TIMING-16#256 Warning
Large setup violation  
There is a large setup violation of -1.588 ns between system_i/microblaze_0/U0/MicroBlaze_Core_I/Performance.Core/Using_DCache.Using_WriteBack.DCache_wb_I1/TAG_RAM_Module/Not_Using_XPM.Using_B36_S36.The_BRAMs[0].RAMB36_I1/Using_FPGA.Native/CLKARDCLK (clocked by clk_out1_system_clk_wiz_0_0) and system_i/microblaze_0/U0/MicroBlaze_Core_I/Performance.Core/Data_Flow_I/Barrel_Shifter_I/Use_HW_BS.mem_mux3_reg[13]/CE (clocked by clk_out1_system_clk_wiz_0_0). Large setup violations at the end of those stages might be difficult to fix during the post-placement implementation flow and could be the result of non-optimal XDC constraints or non-optimal design architecture
Related violations: <none>

TIMING-16#257 Warning
Large setup violation  
There is a large setup violation of -1.588 ns between system_i/microblaze_0/U0/MicroBlaze_Core_I/Performance.Core/Using_DCache.Using_WriteBack.DCache_wb_I1/TAG_RAM_Module/Not_Using_XPM.Using_B36_S36.The_BRAMs[0].RAMB36_I1/Using_FPGA.Native/CLKARDCLK (clocked by clk_out1_system_clk_wiz_0_0) and system_i/microblaze_0/U0/MicroBlaze_Core_I/Performance.Core/Data_Flow_I/Barrel_Shifter_I/Use_HW_BS.mem_mux3_reg[15]/CE (clocked by clk_out1_system_clk_wiz_0_0). Large setup violations at the end of those stages might be difficult to fix during the post-placement implementation flow and could be the result of non-optimal XDC constraints or non-optimal design architecture
Related violations: <none>

TIMING-16#258 Warning
Large setup violation  
There is a large setup violation of -1.588 ns between system_i/microblaze_0/U0/MicroBlaze_Core_I/Performance.Core/Using_DCache.Using_WriteBack.DCache_wb_I1/TAG_RAM_Module/Not_Using_XPM.Using_B36_S36.The_BRAMs[0].RAMB36_I1/Using_FPGA.Native/CLKARDCLK (clocked by clk_out1_system_clk_wiz_0_0) and system_i/microblaze_0/U0/MicroBlaze_Core_I/Performance.Core/Data_Flow_I/Barrel_Shifter_I/Use_HW_BS.mem_mux3_reg[19]/CE (clocked by clk_out1_system_clk_wiz_0_0). Large setup violations at the end of those stages might be difficult to fix during the post-placement implementation flow and could be the result of non-optimal XDC constraints or non-optimal design architecture
Related violations: <none>

TIMING-16#259 Warning
Large setup violation  
There is a large setup violation of -1.588 ns between system_i/microblaze_0/U0/MicroBlaze_Core_I/Performance.Core/Using_DCache.Using_WriteBack.DCache_wb_I1/TAG_RAM_Module/Not_Using_XPM.Using_B36_S36.The_BRAMs[0].RAMB36_I1/Using_FPGA.Native/CLKARDCLK (clocked by clk_out1_system_clk_wiz_0_0) and system_i/microblaze_0/U0/MicroBlaze_Core_I/Performance.Core/Data_Flow_I/Barrel_Shifter_I/Use_HW_BS.mem_mux3_reg[1]/CE (clocked by clk_out1_system_clk_wiz_0_0). Large setup violations at the end of those stages might be difficult to fix during the post-placement implementation flow and could be the result of non-optimal XDC constraints or non-optimal design architecture
Related violations: <none>

TIMING-16#260 Warning
Large setup violation  
There is a large setup violation of -1.588 ns between system_i/microblaze_0/U0/MicroBlaze_Core_I/Performance.Core/Using_DCache.Using_WriteBack.DCache_wb_I1/TAG_RAM_Module/Not_Using_XPM.Using_B36_S36.The_BRAMs[0].RAMB36_I1/Using_FPGA.Native/CLKARDCLK (clocked by clk_out1_system_clk_wiz_0_0) and system_i/microblaze_0/U0/MicroBlaze_Core_I/Performance.Core/Data_Flow_I/Barrel_Shifter_I/Use_HW_BS.mem_mux3_reg[23]/CE (clocked by clk_out1_system_clk_wiz_0_0). Large setup violations at the end of those stages might be difficult to fix during the post-placement implementation flow and could be the result of non-optimal XDC constraints or non-optimal design architecture
Related violations: <none>

TIMING-16#261 Warning
Large setup violation  
There is a large setup violation of -1.588 ns between system_i/microblaze_0/U0/MicroBlaze_Core_I/Performance.Core/Using_DCache.Using_WriteBack.DCache_wb_I1/TAG_RAM_Module/Not_Using_XPM.Using_B36_S36.The_BRAMs[0].RAMB36_I1/Using_FPGA.Native/CLKARDCLK (clocked by clk_out1_system_clk_wiz_0_0) and system_i/microblaze_0/U0/MicroBlaze_Core_I/Performance.Core/Data_Flow_I/Barrel_Shifter_I/Use_HW_BS.mem_mux3_reg[5]/CE (clocked by clk_out1_system_clk_wiz_0_0). Large setup violations at the end of those stages might be difficult to fix during the post-placement implementation flow and could be the result of non-optimal XDC constraints or non-optimal design architecture
Related violations: <none>

TIMING-16#262 Warning
Large setup violation  
There is a large setup violation of -1.588 ns between system_i/microblaze_0/U0/MicroBlaze_Core_I/Performance.Core/Using_DCache.Using_WriteBack.DCache_wb_I1/TAG_RAM_Module/Not_Using_XPM.Using_B36_S36.The_BRAMs[0].RAMB36_I1/Using_FPGA.Native/CLKARDCLK (clocked by clk_out1_system_clk_wiz_0_0) and system_i/microblaze_0/U0/MicroBlaze_Core_I/Performance.Core/Data_Flow_I/Barrel_Shifter_I/Use_HW_BS.mem_mux3_reg[9]/CE (clocked by clk_out1_system_clk_wiz_0_0). Large setup violations at the end of those stages might be difficult to fix during the post-placement implementation flow and could be the result of non-optimal XDC constraints or non-optimal design architecture
Related violations: <none>

TIMING-16#263 Warning
Large setup violation  
There is a large setup violation of -1.593 ns between system_i/microblaze_0/U0/MicroBlaze_Core_I/Performance.Core/Using_DCache.Using_WriteBack.DCache_wb_I1/TAG_RAM_Module/Not_Using_XPM.Using_B36_S36.The_BRAMs[0].RAMB36_I1/Using_FPGA.Native/CLKARDCLK (clocked by clk_out1_system_clk_wiz_0_0) and system_i/microblaze_0/U0/MicroBlaze_Core_I/Performance.Core/Data_Flow_I/msr_reg_i/OF_EX_MSR_Bits[28].Using_FDR.MSR_ex_I/Using_FPGA.Native/D (clocked by clk_out1_system_clk_wiz_0_0). Large setup violations at the end of those stages might be difficult to fix during the post-placement implementation flow and could be the result of non-optimal XDC constraints or non-optimal design architecture
Related violations: <none>

TIMING-16#264 Warning
Large setup violation  
There is a large setup violation of -1.594 ns between system_i/microblaze_0/U0/MicroBlaze_Core_I/Performance.Core/Using_DCache.Using_WriteBack.DCache_wb_I1/Using_Perf_4.WB_DCache_Valid_Read_data_reg[14]/C (clocked by clk_out1_system_clk_wiz_0_0) and system_i/microblaze_0/U0/MicroBlaze_Core_I/Performance.Core/Data_Flow_I/Register_File_I/Using_LUT6.All_RAM32M[11].ram32m_i/Using_FPGA.Native/RAMB_D1/I (clocked by clk_out1_system_clk_wiz_0_0). Large setup violations at the end of those stages might be difficult to fix during the post-placement implementation flow and could be the result of non-optimal XDC constraints or non-optimal design architecture
Related violations: <none>

TIMING-16#265 Warning
Large setup violation  
There is a large setup violation of -1.595 ns between system_i/microblaze_0/U0/MicroBlaze_Core_I/Performance.Core/Using_DCache.Using_WriteBack.DCache_wb_I1/TAG_RAM_Module/Not_Using_XPM.Using_B36_S36.The_BRAMs[0].RAMB36_I1/Using_FPGA.Native/CLKARDCLK (clocked by clk_out1_system_clk_wiz_0_0) and system_i/microblaze_0/U0/MicroBlaze_Core_I/Performance.Core/Data_Flow_I/exception_registers_I1/WB_BTR_reg[12]/CE (clocked by clk_out1_system_clk_wiz_0_0). Large setup violations at the end of those stages might be difficult to fix during the post-placement implementation flow and could be the result of non-optimal XDC constraints or non-optimal design architecture
Related violations: <none>

TIMING-16#266 Warning
Large setup violation  
There is a large setup violation of -1.595 ns between system_i/microblaze_0/U0/MicroBlaze_Core_I/Performance.Core/Using_DCache.Using_WriteBack.DCache_wb_I1/TAG_RAM_Module/Not_Using_XPM.Using_B36_S36.The_BRAMs[0].RAMB36_I1/Using_FPGA.Native/CLKARDCLK (clocked by clk_out1_system_clk_wiz_0_0) and system_i/microblaze_0/U0/MicroBlaze_Core_I/Performance.Core/Data_Flow_I/exception_registers_I1/WB_BTR_reg[13]/CE (clocked by clk_out1_system_clk_wiz_0_0). Large setup violations at the end of those stages might be difficult to fix during the post-placement implementation flow and could be the result of non-optimal XDC constraints or non-optimal design architecture
Related violations: <none>

TIMING-16#267 Warning
Large setup violation  
There is a large setup violation of -1.595 ns between system_i/microblaze_0/U0/MicroBlaze_Core_I/Performance.Core/Using_DCache.Using_WriteBack.DCache_wb_I1/TAG_RAM_Module/Not_Using_XPM.Using_B36_S36.The_BRAMs[0].RAMB36_I1/Using_FPGA.Native/CLKARDCLK (clocked by clk_out1_system_clk_wiz_0_0) and system_i/microblaze_0/U0/MicroBlaze_Core_I/Performance.Core/Data_Flow_I/exception_registers_I1/WB_BTR_reg[20]/CE (clocked by clk_out1_system_clk_wiz_0_0). Large setup violations at the end of those stages might be difficult to fix during the post-placement implementation flow and could be the result of non-optimal XDC constraints or non-optimal design architecture
Related violations: <none>

TIMING-16#268 Warning
Large setup violation  
There is a large setup violation of -1.595 ns between system_i/microblaze_0/U0/MicroBlaze_Core_I/Performance.Core/Using_DCache.Using_WriteBack.DCache_wb_I1/TAG_RAM_Module/Not_Using_XPM.Using_B36_S36.The_BRAMs[0].RAMB36_I1/Using_FPGA.Native/CLKARDCLK (clocked by clk_out1_system_clk_wiz_0_0) and system_i/microblaze_0/U0/MicroBlaze_Core_I/Performance.Core/Data_Flow_I/exception_registers_I1/WB_BTR_reg[24]/CE (clocked by clk_out1_system_clk_wiz_0_0). Large setup violations at the end of those stages might be difficult to fix during the post-placement implementation flow and could be the result of non-optimal XDC constraints or non-optimal design architecture
Related violations: <none>

TIMING-16#269 Warning
Large setup violation  
There is a large setup violation of -1.595 ns between system_i/microblaze_0/U0/MicroBlaze_Core_I/Performance.Core/Using_DCache.Using_WriteBack.DCache_wb_I1/TAG_RAM_Module/Not_Using_XPM.Using_B36_S36.The_BRAMs[0].RAMB36_I1/Using_FPGA.Native/CLKARDCLK (clocked by clk_out1_system_clk_wiz_0_0) and system_i/microblaze_0/U0/MicroBlaze_Core_I/Performance.Core/Data_Flow_I/exception_registers_I1/WB_BTR_reg[29]/CE (clocked by clk_out1_system_clk_wiz_0_0). Large setup violations at the end of those stages might be difficult to fix during the post-placement implementation flow and could be the result of non-optimal XDC constraints or non-optimal design architecture
Related violations: <none>

TIMING-16#270 Warning
Large setup violation  
There is a large setup violation of -1.595 ns between system_i/microblaze_0/U0/MicroBlaze_Core_I/Performance.Core/Using_DCache.Using_WriteBack.DCache_wb_I1/TAG_RAM_Module/Not_Using_XPM.Using_B36_S36.The_BRAMs[0].RAMB36_I1/Using_FPGA.Native/CLKARDCLK (clocked by clk_out1_system_clk_wiz_0_0) and system_i/microblaze_0/U0/MicroBlaze_Core_I/Performance.Core/Data_Flow_I/exception_registers_I1/WB_BTR_reg[30]/CE (clocked by clk_out1_system_clk_wiz_0_0). Large setup violations at the end of those stages might be difficult to fix during the post-placement implementation flow and could be the result of non-optimal XDC constraints or non-optimal design architecture
Related violations: <none>

TIMING-16#271 Warning
Large setup violation  
There is a large setup violation of -1.595 ns between system_i/microblaze_0/U0/MicroBlaze_Core_I/Performance.Core/Using_DCache.Using_WriteBack.DCache_wb_I1/TAG_RAM_Module/Not_Using_XPM.Using_B36_S36.The_BRAMs[0].RAMB36_I1/Using_FPGA.Native/CLKARDCLK (clocked by clk_out1_system_clk_wiz_0_0) and system_i/microblaze_0/U0/MicroBlaze_Core_I/Performance.Core/Data_Flow_I/exception_registers_I1/WB_BTR_reg[9]/CE (clocked by clk_out1_system_clk_wiz_0_0). Large setup violations at the end of those stages might be difficult to fix during the post-placement implementation flow and could be the result of non-optimal XDC constraints or non-optimal design architecture
Related violations: <none>

TIMING-16#272 Warning
Large setup violation  
There is a large setup violation of -1.595 ns between system_i/microblaze_0/U0/MicroBlaze_Core_I/Performance.Core/Using_DCache.Using_WriteBack.DCache_wb_I1/TAG_RAM_Module/Not_Using_XPM.Using_B36_S36.The_BRAMs[0].RAMB36_I1/Using_FPGA.Native/CLKARDCLK (clocked by clk_out1_system_clk_wiz_0_0) and system_i/microblaze_0/U0/MicroBlaze_Core_I/Performance.Core/Data_Flow_I/exception_registers_I1/wb_EAR_i_reg[0]/CE (clocked by clk_out1_system_clk_wiz_0_0). Large setup violations at the end of those stages might be difficult to fix during the post-placement implementation flow and could be the result of non-optimal XDC constraints or non-optimal design architecture
Related violations: <none>

TIMING-16#273 Warning
Large setup violation  
There is a large setup violation of -1.595 ns between system_i/microblaze_0/U0/MicroBlaze_Core_I/Performance.Core/Using_DCache.Using_WriteBack.DCache_wb_I1/TAG_RAM_Module/Not_Using_XPM.Using_B36_S36.The_BRAMs[0].RAMB36_I1/Using_FPGA.Native/CLKARDCLK (clocked by clk_out1_system_clk_wiz_0_0) and system_i/microblaze_0/U0/MicroBlaze_Core_I/Performance.Core/Data_Flow_I/exception_registers_I1/wb_EAR_i_reg[6]/CE (clocked by clk_out1_system_clk_wiz_0_0). Large setup violations at the end of those stages might be difficult to fix during the post-placement implementation flow and could be the result of non-optimal XDC constraints or non-optimal design architecture
Related violations: <none>

TIMING-16#274 Warning
Large setup violation  
There is a large setup violation of -1.596 ns between system_i/microblaze_0/U0/MicroBlaze_Core_I/Performance.Core/Use_DBUS.DAXI_Interface_I1/WB_DAXI_Data_Strobe_reg/C (clocked by clk_out1_system_clk_wiz_0_0) and system_i/microblaze_0/U0/MicroBlaze_Core_I/Performance.Core/Data_Flow_I/Register_File_I/Using_LUT6.All_RAM32M[11].ram32m_i/Using_FPGA.Native/RAMD/I (clocked by clk_out1_system_clk_wiz_0_0). Large setup violations at the end of those stages might be difficult to fix during the post-placement implementation flow and could be the result of non-optimal XDC constraints or non-optimal design architecture
Related violations: <none>

TIMING-16#275 Warning
Large setup violation  
There is a large setup violation of -1.596 ns between system_i/microblaze_0/U0/MicroBlaze_Core_I/Performance.Core/Using_DCache.Using_WriteBack.DCache_wb_I1/Using_Perf_4.WB_DCache_Valid_Read_data_reg[27]/C (clocked by clk_out1_system_clk_wiz_0_0) and system_i/microblaze_0/U0/MicroBlaze_Core_I/Performance.Core/Data_Flow_I/Operand_Select_I/EX_Op1_reg[19]/D (clocked by clk_out1_system_clk_wiz_0_0). Large setup violations at the end of those stages might be difficult to fix during the post-placement implementation flow and could be the result of non-optimal XDC constraints or non-optimal design architecture
Related violations: <none>

TIMING-16#276 Warning
Large setup violation  
There is a large setup violation of -1.599 ns between system_i/microblaze_0/U0/MicroBlaze_Core_I/Performance.Core/Using_DCache.Using_WriteBack.DCache_wb_I1/TAG_RAM_Module/Not_Using_XPM.Using_B36_S36.The_BRAMs[0].RAMB36_I1/Using_FPGA.Native/CLKARDCLK (clocked by clk_out1_system_clk_wiz_0_0) and system_i/microblaze_0/U0/MicroBlaze_Core_I/Performance.Core/Data_Flow_I/exception_registers_I1/Using_FPGA_LUT6.Gen_Ret_Addr[10].WB_PC_FDRE/Using_FPGA.Native/CE (clocked by clk_out1_system_clk_wiz_0_0). Large setup violations at the end of those stages might be difficult to fix during the post-placement implementation flow and could be the result of non-optimal XDC constraints or non-optimal design architecture
Related violations: <none>

TIMING-16#277 Warning
Large setup violation  
There is a large setup violation of -1.599 ns between system_i/microblaze_0/U0/MicroBlaze_Core_I/Performance.Core/Using_DCache.Using_WriteBack.DCache_wb_I1/TAG_RAM_Module/Not_Using_XPM.Using_B36_S36.The_BRAMs[0].RAMB36_I1/Using_FPGA.Native/CLKARDCLK (clocked by clk_out1_system_clk_wiz_0_0) and system_i/microblaze_0/U0/MicroBlaze_Core_I/Performance.Core/Data_Flow_I/exception_registers_I1/Using_FPGA_LUT6.Gen_Ret_Addr[14].WB_PC_FDRE/Using_FPGA.Native/CE (clocked by clk_out1_system_clk_wiz_0_0). Large setup violations at the end of those stages might be difficult to fix during the post-placement implementation flow and could be the result of non-optimal XDC constraints or non-optimal design architecture
Related violations: <none>

TIMING-16#278 Warning
Large setup violation  
There is a large setup violation of -1.599 ns between system_i/microblaze_0/U0/MicroBlaze_Core_I/Performance.Core/Using_DCache.Using_WriteBack.DCache_wb_I1/TAG_RAM_Module/Not_Using_XPM.Using_B36_S36.The_BRAMs[0].RAMB36_I1/Using_FPGA.Native/CLKARDCLK (clocked by clk_out1_system_clk_wiz_0_0) and system_i/microblaze_0/U0/MicroBlaze_Core_I/Performance.Core/Data_Flow_I/exception_registers_I1/Using_FPGA_LUT6.Gen_Ret_Addr[16].WB_PC_FDRE/Using_FPGA.Native/CE (clocked by clk_out1_system_clk_wiz_0_0). Large setup violations at the end of those stages might be difficult to fix during the post-placement implementation flow and could be the result of non-optimal XDC constraints or non-optimal design architecture
Related violations: <none>

TIMING-16#279 Warning
Large setup violation  
There is a large setup violation of -1.599 ns between system_i/microblaze_0/U0/MicroBlaze_Core_I/Performance.Core/Using_DCache.Using_WriteBack.DCache_wb_I1/TAG_RAM_Module/Not_Using_XPM.Using_B36_S36.The_BRAMs[0].RAMB36_I1/Using_FPGA.Native/CLKARDCLK (clocked by clk_out1_system_clk_wiz_0_0) and system_i/microblaze_0/U0/MicroBlaze_Core_I/Performance.Core/Data_Flow_I/exception_registers_I1/Using_FPGA_LUT6.Gen_Ret_Addr[25].WB_PC_FDRE/Using_FPGA.Native/CE (clocked by clk_out1_system_clk_wiz_0_0). Large setup violations at the end of those stages might be difficult to fix during the post-placement implementation flow and could be the result of non-optimal XDC constraints or non-optimal design architecture
Related violations: <none>

TIMING-16#280 Warning
Large setup violation  
There is a large setup violation of -1.599 ns between system_i/microblaze_0/U0/MicroBlaze_Core_I/Performance.Core/Using_DCache.Using_WriteBack.DCache_wb_I1/TAG_RAM_Module/Not_Using_XPM.Using_B36_S36.The_BRAMs[0].RAMB36_I1/Using_FPGA.Native/CLKARDCLK (clocked by clk_out1_system_clk_wiz_0_0) and system_i/microblaze_0/U0/MicroBlaze_Core_I/Performance.Core/Data_Flow_I/exception_registers_I1/Using_FPGA_LUT6.Gen_Ret_Addr[9].WB_PC_FDRE/Using_FPGA.Native/CE (clocked by clk_out1_system_clk_wiz_0_0). Large setup violations at the end of those stages might be difficult to fix during the post-placement implementation flow and could be the result of non-optimal XDC constraints or non-optimal design architecture
Related violations: <none>

TIMING-16#281 Warning
Large setup violation  
There is a large setup violation of -1.600 ns between system_i/microblaze_0/U0/MicroBlaze_Core_I/Performance.Core/Data_Flow_I/Using_Stack_Protection.stack_protection_I/shr_reg_reg[21]/C (clocked by clk_out1_system_clk_wiz_0_0) and system_i/microblaze_0/U0/MicroBlaze_Core_I/Performance.Core/Data_Flow_I/exception_registers_I1/Use_LUT6.mem_BTR_reg[27]/D (clocked by clk_out1_system_clk_wiz_0_0). Large setup violations at the end of those stages might be difficult to fix during the post-placement implementation flow and could be the result of non-optimal XDC constraints or non-optimal design architecture
Related violations: <none>

TIMING-16#282 Warning
Large setup violation  
There is a large setup violation of -1.604 ns between system_i/microblaze_0/U0/MicroBlaze_Core_I/Performance.Core/Decode_I/mem_gpr_write_reg/C (clocked by clk_out1_system_clk_wiz_0_0) and system_i/microblaze_0/U0/MicroBlaze_Core_I/Performance.Core/Data_Flow_I/Operand_Select_I/EX_Op2_reg[2]/D (clocked by clk_out1_system_clk_wiz_0_0). Large setup violations at the end of those stages might be difficult to fix during the post-placement implementation flow and could be the result of non-optimal XDC constraints or non-optimal design architecture
Related violations: <none>

TIMING-16#283 Warning
Large setup violation  
There is a large setup violation of -1.605 ns between system_i/microblaze_0/U0/MicroBlaze_Core_I/Performance.Core/Using_DCache.Using_WriteBack.DCache_wb_I1/TAG_RAM_Module/Not_Using_XPM.Using_B36_S36.The_BRAMs[0].RAMB36_I1/Using_FPGA.Native/CLKARDCLK (clocked by clk_out1_system_clk_wiz_0_0) and system_i/microblaze_0/U0/MicroBlaze_Core_I/Performance.Core/Data_Flow_I/exception_registers_I1/Using_FPGA_LUT6.Gen_Ret_Addr[21].WB_PC_FDRE/Using_FPGA.Native/CE (clocked by clk_out1_system_clk_wiz_0_0). Large setup violations at the end of those stages might be difficult to fix during the post-placement implementation flow and could be the result of non-optimal XDC constraints or non-optimal design architecture
Related violations: <none>

TIMING-16#284 Warning
Large setup violation  
There is a large setup violation of -1.606 ns between system_i/microblaze_0/U0/MicroBlaze_Core_I/Performance.Core/Using_DCache.Using_WriteBack.DCache_wb_I1/TAG_RAM_Module/Not_Using_XPM.Using_B36_S36.The_BRAMs[0].RAMB36_I1/Using_FPGA.Native/CLKARDCLK (clocked by clk_out1_system_clk_wiz_0_0) and system_i/microblaze_0/U0/MicroBlaze_Core_I/Performance.Core/Data_Flow_I/exception_registers_I1/WB_EAR_reg[12]/CE (clocked by clk_out1_system_clk_wiz_0_0). Large setup violations at the end of those stages might be difficult to fix during the post-placement implementation flow and could be the result of non-optimal XDC constraints or non-optimal design architecture
Related violations: <none>

TIMING-16#285 Warning
Large setup violation  
There is a large setup violation of -1.606 ns between system_i/microblaze_0/U0/MicroBlaze_Core_I/Performance.Core/Using_DCache.Using_WriteBack.DCache_wb_I1/TAG_RAM_Module/Not_Using_XPM.Using_B36_S36.The_BRAMs[0].RAMB36_I1/Using_FPGA.Native/CLKARDCLK (clocked by clk_out1_system_clk_wiz_0_0) and system_i/microblaze_0/U0/MicroBlaze_Core_I/Performance.Core/Data_Flow_I/exception_registers_I1/WB_EAR_reg[20]/CE (clocked by clk_out1_system_clk_wiz_0_0). Large setup violations at the end of those stages might be difficult to fix during the post-placement implementation flow and could be the result of non-optimal XDC constraints or non-optimal design architecture
Related violations: <none>

TIMING-16#286 Warning
Large setup violation  
There is a large setup violation of -1.606 ns between system_i/microblaze_0/U0/MicroBlaze_Core_I/Performance.Core/Using_DCache.Using_WriteBack.DCache_wb_I1/TAG_RAM_Module/Not_Using_XPM.Using_B36_S36.The_BRAMs[0].RAMB36_I1/Using_FPGA.Native/CLKARDCLK (clocked by clk_out1_system_clk_wiz_0_0) and system_i/microblaze_0/U0/MicroBlaze_Core_I/Performance.Core/Data_Flow_I/exception_registers_I1/WB_EAR_reg[24]/CE (clocked by clk_out1_system_clk_wiz_0_0). Large setup violations at the end of those stages might be difficult to fix during the post-placement implementation flow and could be the result of non-optimal XDC constraints or non-optimal design architecture
Related violations: <none>

TIMING-16#287 Warning
Large setup violation  
There is a large setup violation of -1.606 ns between system_i/microblaze_0/U0/MicroBlaze_Core_I/Performance.Core/Using_DCache.Using_WriteBack.DCache_wb_I1/TAG_RAM_Module/Not_Using_XPM.Using_B36_S36.The_BRAMs[0].RAMB36_I1/Using_FPGA.Native/CLKARDCLK (clocked by clk_out1_system_clk_wiz_0_0) and system_i/microblaze_0/U0/MicroBlaze_Core_I/Performance.Core/Data_Flow_I/exception_registers_I1/WB_EAR_reg[27]/CE (clocked by clk_out1_system_clk_wiz_0_0). Large setup violations at the end of those stages might be difficult to fix during the post-placement implementation flow and could be the result of non-optimal XDC constraints or non-optimal design architecture
Related violations: <none>

TIMING-16#288 Warning
Large setup violation  
There is a large setup violation of -1.606 ns between system_i/microblaze_0/U0/MicroBlaze_Core_I/Performance.Core/Using_DCache.Using_WriteBack.DCache_wb_I1/TAG_RAM_Module/Not_Using_XPM.Using_B36_S36.The_BRAMs[0].RAMB36_I1/Using_FPGA.Native/CLKARDCLK (clocked by clk_out1_system_clk_wiz_0_0) and system_i/microblaze_0/U0/MicroBlaze_Core_I/Performance.Core/Data_Flow_I/exception_registers_I1/WB_EAR_reg[30]/CE (clocked by clk_out1_system_clk_wiz_0_0). Large setup violations at the end of those stages might be difficult to fix during the post-placement implementation flow and could be the result of non-optimal XDC constraints or non-optimal design architecture
Related violations: <none>

TIMING-16#289 Warning
Large setup violation  
There is a large setup violation of -1.606 ns between system_i/microblaze_0/U0/MicroBlaze_Core_I/Performance.Core/Using_DCache.Using_WriteBack.DCache_wb_I1/TAG_RAM_Module/Not_Using_XPM.Using_B36_S36.The_BRAMs[0].RAMB36_I1/Using_FPGA.Native/CLKARDCLK (clocked by clk_out1_system_clk_wiz_0_0) and system_i/microblaze_0/U0/MicroBlaze_Core_I/Performance.Core/Data_Flow_I/exception_registers_I1/WB_EAR_reg[7]/CE (clocked by clk_out1_system_clk_wiz_0_0). Large setup violations at the end of those stages might be difficult to fix during the post-placement implementation flow and could be the result of non-optimal XDC constraints or non-optimal design architecture
Related violations: <none>

TIMING-16#290 Warning
Large setup violation  
There is a large setup violation of -1.606 ns between system_i/microblaze_0/U0/MicroBlaze_Core_I/Performance.Core/Using_DCache.Using_WriteBack.DCache_wb_I1/TAG_RAM_Module/Not_Using_XPM.Using_B36_S36.The_BRAMs[0].RAMB36_I1/Using_FPGA.Native/CLKARDCLK (clocked by clk_out1_system_clk_wiz_0_0) and system_i/microblaze_0/U0/MicroBlaze_Core_I/Performance.Core/Data_Flow_I/exception_registers_I1/WB_EAR_reg[9]/CE (clocked by clk_out1_system_clk_wiz_0_0). Large setup violations at the end of those stages might be difficult to fix during the post-placement implementation flow and could be the result of non-optimal XDC constraints or non-optimal design architecture
Related violations: <none>

TIMING-16#291 Warning
Large setup violation  
There is a large setup violation of -1.611 ns between system_i/microblaze_0/U0/MicroBlaze_Core_I/Performance.Core/Using_DCache.Using_WriteBack.DCache_wb_I1/TAG_RAM_Module/Not_Using_XPM.Using_B36_S36.The_BRAMs[0].RAMB36_I1/Using_FPGA.Native/CLKARDCLK (clocked by clk_out1_system_clk_wiz_0_0) and system_i/microblaze_0/U0/MicroBlaze_Core_I/Performance.Core/Data_Flow_I/Barrel_Shifter_I/Use_HW_BS.Using_BitField.mem_mask0_reg[18]/CE (clocked by clk_out1_system_clk_wiz_0_0). Large setup violations at the end of those stages might be difficult to fix during the post-placement implementation flow and could be the result of non-optimal XDC constraints or non-optimal design architecture
Related violations: <none>

TIMING-16#292 Warning
Large setup violation  
There is a large setup violation of -1.611 ns between system_i/microblaze_0/U0/MicroBlaze_Core_I/Performance.Core/Using_DCache.Using_WriteBack.DCache_wb_I1/TAG_RAM_Module/Not_Using_XPM.Using_B36_S36.The_BRAMs[0].RAMB36_I1/Using_FPGA.Native/CLKARDCLK (clocked by clk_out1_system_clk_wiz_0_0) and system_i/microblaze_0/U0/MicroBlaze_Core_I/Performance.Core/Data_Flow_I/Barrel_Shifter_I/Use_HW_BS.Using_BitField.mem_mask0_reg[22]/CE (clocked by clk_out1_system_clk_wiz_0_0). Large setup violations at the end of those stages might be difficult to fix during the post-placement implementation flow and could be the result of non-optimal XDC constraints or non-optimal design architecture
Related violations: <none>

TIMING-16#293 Warning
Large setup violation  
There is a large setup violation of -1.611 ns between system_i/microblaze_0/U0/MicroBlaze_Core_I/Performance.Core/Using_DCache.Using_WriteBack.DCache_wb_I1/TAG_RAM_Module/Not_Using_XPM.Using_B36_S36.The_BRAMs[0].RAMB36_I1/Using_FPGA.Native/CLKARDCLK (clocked by clk_out1_system_clk_wiz_0_0) and system_i/microblaze_0/U0/MicroBlaze_Core_I/Performance.Core/Data_Flow_I/Barrel_Shifter_I/Use_HW_BS.Using_BitField.mem_mask1_reg[20]/CE (clocked by clk_out1_system_clk_wiz_0_0). Large setup violations at the end of those stages might be difficult to fix during the post-placement implementation flow and could be the result of non-optimal XDC constraints or non-optimal design architecture
Related violations: <none>

TIMING-16#294 Warning
Large setup violation  
There is a large setup violation of -1.611 ns between system_i/microblaze_0/U0/MicroBlaze_Core_I/Performance.Core/Using_DCache.Using_WriteBack.DCache_wb_I1/TAG_RAM_Module/Not_Using_XPM.Using_B36_S36.The_BRAMs[0].RAMB36_I1/Using_FPGA.Native/CLKARDCLK (clocked by clk_out1_system_clk_wiz_0_0) and system_i/microblaze_0/U0/MicroBlaze_Core_I/Performance.Core/Data_Flow_I/Barrel_Shifter_I/Use_HW_BS.Using_BitField.mem_mask1_reg[21]/CE (clocked by clk_out1_system_clk_wiz_0_0). Large setup violations at the end of those stages might be difficult to fix during the post-placement implementation flow and could be the result of non-optimal XDC constraints or non-optimal design architecture
Related violations: <none>

TIMING-16#295 Warning
Large setup violation  
There is a large setup violation of -1.616 ns between system_i/microblaze_0/U0/MicroBlaze_Core_I/Performance.Core/Data_Flow_I/Operand_Select_I/EX_Op2_reg[4]/C (clocked by clk_out1_system_clk_wiz_0_0) and system_i/microblaze_0/U0/MicroBlaze_Core_I/Performance.Core/Data_Flow_I/Data_Flow_Logic_I/Gen_Bits[30].MEM_EX_Result_Inst/Using_FPGA.Native/D (clocked by clk_out1_system_clk_wiz_0_0). Large setup violations at the end of those stages might be difficult to fix during the post-placement implementation flow and could be the result of non-optimal XDC constraints or non-optimal design architecture
Related violations: <none>

TIMING-16#296 Warning
Large setup violation  
There is a large setup violation of -1.617 ns between system_i/microblaze_0/U0/MicroBlaze_Core_I/Performance.Core/Using_DCache.Using_WriteBack.DCache_wb_I1/TAG_RAM_Module/Not_Using_XPM.Using_B36_S36.The_BRAMs[0].RAMB36_I1/Using_FPGA.Native/CLKARDCLK (clocked by clk_out1_system_clk_wiz_0_0) and system_i/microblaze_0/U0/MicroBlaze_Core_I/Performance.Core/Data_Flow_I/exception_registers_I1/WB_BTR_reg[11]/CE (clocked by clk_out1_system_clk_wiz_0_0). Large setup violations at the end of those stages might be difficult to fix during the post-placement implementation flow and could be the result of non-optimal XDC constraints or non-optimal design architecture
Related violations: <none>

TIMING-16#297 Warning
Large setup violation  
There is a large setup violation of -1.617 ns between system_i/microblaze_0/U0/MicroBlaze_Core_I/Performance.Core/Using_DCache.Using_WriteBack.DCache_wb_I1/TAG_RAM_Module/Not_Using_XPM.Using_B36_S36.The_BRAMs[0].RAMB36_I1/Using_FPGA.Native/CLKARDCLK (clocked by clk_out1_system_clk_wiz_0_0) and system_i/microblaze_0/U0/MicroBlaze_Core_I/Performance.Core/Data_Flow_I/exception_registers_I1/WB_BTR_reg[19]/CE (clocked by clk_out1_system_clk_wiz_0_0). Large setup violations at the end of those stages might be difficult to fix during the post-placement implementation flow and could be the result of non-optimal XDC constraints or non-optimal design architecture
Related violations: <none>

TIMING-16#298 Warning
Large setup violation  
There is a large setup violation of -1.617 ns between system_i/microblaze_0/U0/MicroBlaze_Core_I/Performance.Core/Using_DCache.Using_WriteBack.DCache_wb_I1/TAG_RAM_Module/Not_Using_XPM.Using_B36_S36.The_BRAMs[0].RAMB36_I1/Using_FPGA.Native/CLKARDCLK (clocked by clk_out1_system_clk_wiz_0_0) and system_i/microblaze_0/U0/MicroBlaze_Core_I/Performance.Core/Data_Flow_I/exception_registers_I1/WB_BTR_reg[25]/CE (clocked by clk_out1_system_clk_wiz_0_0). Large setup violations at the end of those stages might be difficult to fix during the post-placement implementation flow and could be the result of non-optimal XDC constraints or non-optimal design architecture
Related violations: <none>

TIMING-16#299 Warning
Large setup violation  
There is a large setup violation of -1.617 ns between system_i/microblaze_0/U0/MicroBlaze_Core_I/Performance.Core/Using_DCache.Using_WriteBack.DCache_wb_I1/TAG_RAM_Module/Not_Using_XPM.Using_B36_S36.The_BRAMs[0].RAMB36_I1/Using_FPGA.Native/CLKARDCLK (clocked by clk_out1_system_clk_wiz_0_0) and system_i/microblaze_0/U0/MicroBlaze_Core_I/Performance.Core/Data_Flow_I/exception_registers_I1/WB_BTR_reg[31]/CE (clocked by clk_out1_system_clk_wiz_0_0). Large setup violations at the end of those stages might be difficult to fix during the post-placement implementation flow and could be the result of non-optimal XDC constraints or non-optimal design architecture
Related violations: <none>

TIMING-16#300 Warning
Large setup violation  
There is a large setup violation of -1.618 ns between system_i/microblaze_0/U0/MicroBlaze_Core_I/Performance.Core/Decode_I/mem_gpr_write_reg/C (clocked by clk_out1_system_clk_wiz_0_0) and system_i/microblaze_0/U0/MicroBlaze_Core_I/Performance.Core/Data_Flow_I/Operand_Select_I/EX_Op2_reg[6]/D (clocked by clk_out1_system_clk_wiz_0_0). Large setup violations at the end of those stages might be difficult to fix during the post-placement implementation flow and could be the result of non-optimal XDC constraints or non-optimal design architecture
Related violations: <none>

TIMING-16#301 Warning
Large setup violation  
There is a large setup violation of -1.619 ns between system_i/microblaze_0/U0/MicroBlaze_Core_I/Performance.Core/Data_Flow_I/Using_Stack_Protection.stack_protection_I/shr_reg_reg[21]/C (clocked by clk_out1_system_clk_wiz_0_0) and system_i/microblaze_0/U0/MicroBlaze_Core_I/Performance.Core/Data_Flow_I/exception_registers_I1/Use_LUT6.mem_BTR_reg[6]/D (clocked by clk_out1_system_clk_wiz_0_0). Large setup violations at the end of those stages might be difficult to fix during the post-placement implementation flow and could be the result of non-optimal XDC constraints or non-optimal design architecture
Related violations: <none>

TIMING-16#302 Warning
Large setup violation  
There is a large setup violation of -1.619 ns between system_i/microblaze_0/U0/MicroBlaze_Core_I/Performance.Core/Using_DCache.Using_WriteBack.DCache_wb_I1/TAG_RAM_Module/Not_Using_XPM.Using_B36_S36.The_BRAMs[0].RAMB36_I1/Using_FPGA.Native/CLKARDCLK (clocked by clk_out1_system_clk_wiz_0_0) and system_i/microblaze_0/U0/MicroBlaze_Core_I/Performance.Core/Data_Flow_I/Using_Stack_Protection.stack_protection_I/SLR_Value_DFF_reg[14]/CE (clocked by clk_out1_system_clk_wiz_0_0). Large setup violations at the end of those stages might be difficult to fix during the post-placement implementation flow and could be the result of non-optimal XDC constraints or non-optimal design architecture
Related violations: <none>

TIMING-16#303 Warning
Large setup violation  
There is a large setup violation of -1.619 ns between system_i/microblaze_0/U0/MicroBlaze_Core_I/Performance.Core/Using_DCache.Using_WriteBack.DCache_wb_I1/TAG_RAM_Module/Not_Using_XPM.Using_B36_S36.The_BRAMs[0].RAMB36_I1/Using_FPGA.Native/CLKARDCLK (clocked by clk_out1_system_clk_wiz_0_0) and system_i/microblaze_0/U0/MicroBlaze_Core_I/Performance.Core/Data_Flow_I/Using_Stack_Protection.stack_protection_I/SLR_Value_DFF_reg[17]/CE (clocked by clk_out1_system_clk_wiz_0_0). Large setup violations at the end of those stages might be difficult to fix during the post-placement implementation flow and could be the result of non-optimal XDC constraints or non-optimal design architecture
Related violations: <none>

TIMING-16#304 Warning
Large setup violation  
There is a large setup violation of -1.619 ns between system_i/microblaze_0/U0/MicroBlaze_Core_I/Performance.Core/Using_DCache.Using_WriteBack.DCache_wb_I1/TAG_RAM_Module/Not_Using_XPM.Using_B36_S36.The_BRAMs[0].RAMB36_I1/Using_FPGA.Native/CLKARDCLK (clocked by clk_out1_system_clk_wiz_0_0) and system_i/microblaze_0/U0/MicroBlaze_Core_I/Performance.Core/Data_Flow_I/Using_Stack_Protection.stack_protection_I/SLR_Value_DFF_reg[18]/CE (clocked by clk_out1_system_clk_wiz_0_0). Large setup violations at the end of those stages might be difficult to fix during the post-placement implementation flow and could be the result of non-optimal XDC constraints or non-optimal design architecture
Related violations: <none>

TIMING-16#305 Warning
Large setup violation  
There is a large setup violation of -1.619 ns between system_i/microblaze_0/U0/MicroBlaze_Core_I/Performance.Core/Using_DCache.Using_WriteBack.DCache_wb_I1/TAG_RAM_Module/Not_Using_XPM.Using_B36_S36.The_BRAMs[0].RAMB36_I1/Using_FPGA.Native/CLKARDCLK (clocked by clk_out1_system_clk_wiz_0_0) and system_i/microblaze_0/U0/MicroBlaze_Core_I/Performance.Core/Data_Flow_I/Using_Stack_Protection.stack_protection_I/SLR_Value_DFF_reg[19]/CE (clocked by clk_out1_system_clk_wiz_0_0). Large setup violations at the end of those stages might be difficult to fix during the post-placement implementation flow and could be the result of non-optimal XDC constraints or non-optimal design architecture
Related violations: <none>

TIMING-16#306 Warning
Large setup violation  
There is a large setup violation of -1.619 ns between system_i/microblaze_0/U0/MicroBlaze_Core_I/Performance.Core/Using_DCache.Using_WriteBack.DCache_wb_I1/TAG_RAM_Module/Not_Using_XPM.Using_B36_S36.The_BRAMs[0].RAMB36_I1/Using_FPGA.Native/CLKARDCLK (clocked by clk_out1_system_clk_wiz_0_0) and system_i/microblaze_0/U0/MicroBlaze_Core_I/Performance.Core/Data_Flow_I/Using_Stack_Protection.stack_protection_I/SLR_Value_DFF_reg[20]/CE (clocked by clk_out1_system_clk_wiz_0_0). Large setup violations at the end of those stages might be difficult to fix during the post-placement implementation flow and could be the result of non-optimal XDC constraints or non-optimal design architecture
Related violations: <none>

TIMING-16#307 Warning
Large setup violation  
There is a large setup violation of -1.619 ns between system_i/microblaze_0/U0/MicroBlaze_Core_I/Performance.Core/Using_DCache.Using_WriteBack.DCache_wb_I1/TAG_RAM_Module/Not_Using_XPM.Using_B36_S36.The_BRAMs[0].RAMB36_I1/Using_FPGA.Native/CLKARDCLK (clocked by clk_out1_system_clk_wiz_0_0) and system_i/microblaze_0/U0/MicroBlaze_Core_I/Performance.Core/Data_Flow_I/Using_Stack_Protection.stack_protection_I/SLR_Value_DFF_reg[27]/CE (clocked by clk_out1_system_clk_wiz_0_0). Large setup violations at the end of those stages might be difficult to fix during the post-placement implementation flow and could be the result of non-optimal XDC constraints or non-optimal design architecture
Related violations: <none>

TIMING-16#308 Warning
Large setup violation  
There is a large setup violation of -1.619 ns between system_i/microblaze_0/U0/MicroBlaze_Core_I/Performance.Core/Using_DCache.Using_WriteBack.DCache_wb_I1/TAG_RAM_Module/Not_Using_XPM.Using_B36_S36.The_BRAMs[0].RAMB36_I1/Using_FPGA.Native/CLKARDCLK (clocked by clk_out1_system_clk_wiz_0_0) and system_i/microblaze_0/U0/MicroBlaze_Core_I/Performance.Core/Data_Flow_I/Using_Stack_Protection.stack_protection_I/SLR_Value_DFF_reg[28]/CE (clocked by clk_out1_system_clk_wiz_0_0). Large setup violations at the end of those stages might be difficult to fix during the post-placement implementation flow and could be the result of non-optimal XDC constraints or non-optimal design architecture
Related violations: <none>

TIMING-16#309 Warning
Large setup violation  
There is a large setup violation of -1.619 ns between system_i/microblaze_0/U0/MicroBlaze_Core_I/Performance.Core/Using_DCache.Using_WriteBack.DCache_wb_I1/TAG_RAM_Module/Not_Using_XPM.Using_B36_S36.The_BRAMs[0].RAMB36_I1/Using_FPGA.Native/CLKARDCLK (clocked by clk_out1_system_clk_wiz_0_0) and system_i/microblaze_0/U0/MicroBlaze_Core_I/Performance.Core/Data_Flow_I/Using_Stack_Protection.stack_protection_I/SLR_Value_DFF_reg[31]/CE (clocked by clk_out1_system_clk_wiz_0_0). Large setup violations at the end of those stages might be difficult to fix during the post-placement implementation flow and could be the result of non-optimal XDC constraints or non-optimal design architecture
Related violations: <none>

TIMING-16#310 Warning
Large setup violation  
There is a large setup violation of -1.624 ns between system_i/microblaze_0/U0/MicroBlaze_Core_I/Performance.Core/Using_DCache.Using_WriteBack.DCache_wb_I1/Using_Perf_4.WB_DCache_Valid_Read_data_reg[14]/C (clocked by clk_out1_system_clk_wiz_0_0) and system_i/microblaze_0/U0/MicroBlaze_Core_I/Performance.Core/Data_Flow_I/Register_File_I/Using_LUT6.All_RAM32M[11].ram32m_i/Using_FPGA.Native/RAMA_D1/I (clocked by clk_out1_system_clk_wiz_0_0). Large setup violations at the end of those stages might be difficult to fix during the post-placement implementation flow and could be the result of non-optimal XDC constraints or non-optimal design architecture
Related violations: <none>

TIMING-16#311 Warning
Large setup violation  
There is a large setup violation of -1.631 ns between system_i/microblaze_0/U0/MicroBlaze_Core_I/Performance.Core/Using_DCache.Using_WriteBack.DCache_wb_I1/TAG_RAM_Module/Not_Using_XPM.Using_B36_S36.The_BRAMs[0].RAMB36_I1/Using_FPGA.Native/CLKARDCLK (clocked by clk_out1_system_clk_wiz_0_0) and system_i/microblaze_0/U0/MicroBlaze_Core_I/Performance.Core/Data_Flow_I/exception_registers_I1/wb_EAR_i_reg[15]/CE (clocked by clk_out1_system_clk_wiz_0_0). Large setup violations at the end of those stages might be difficult to fix during the post-placement implementation flow and could be the result of non-optimal XDC constraints or non-optimal design architecture
Related violations: <none>

TIMING-16#312 Warning
Large setup violation  
There is a large setup violation of -1.631 ns between system_i/microblaze_0/U0/MicroBlaze_Core_I/Performance.Core/Using_DCache.Using_WriteBack.DCache_wb_I1/TAG_RAM_Module/Not_Using_XPM.Using_B36_S36.The_BRAMs[0].RAMB36_I1/Using_FPGA.Native/CLKARDCLK (clocked by clk_out1_system_clk_wiz_0_0) and system_i/microblaze_0/U0/MicroBlaze_Core_I/Performance.Core/Data_Flow_I/exception_registers_I1/wb_EAR_i_reg[4]/CE (clocked by clk_out1_system_clk_wiz_0_0). Large setup violations at the end of those stages might be difficult to fix during the post-placement implementation flow and could be the result of non-optimal XDC constraints or non-optimal design architecture
Related violations: <none>

TIMING-16#313 Warning
Large setup violation  
There is a large setup violation of -1.631 ns between system_i/microblaze_0/U0/MicroBlaze_Core_I/Performance.Core/Using_DCache.Using_WriteBack.DCache_wb_I1/TAG_RAM_Module/Not_Using_XPM.Using_B36_S36.The_BRAMs[0].RAMB36_I1/Using_FPGA.Native/CLKARDCLK (clocked by clk_out1_system_clk_wiz_0_0) and system_i/microblaze_0/U0/MicroBlaze_Core_I/Performance.Core/Data_Flow_I/exception_registers_I1/wb_EAR_i_reg[7]/CE (clocked by clk_out1_system_clk_wiz_0_0). Large setup violations at the end of those stages might be difficult to fix during the post-placement implementation flow and could be the result of non-optimal XDC constraints or non-optimal design architecture
Related violations: <none>

TIMING-16#314 Warning
Large setup violation  
There is a large setup violation of -1.635 ns between system_i/microblaze_0/U0/MicroBlaze_Core_I/Performance.Core/Decode_I/wb_gpr_write_addr_reg[0]/C (clocked by clk_out1_system_clk_wiz_0_0) and system_i/microblaze_0/U0/MicroBlaze_Core_I/Performance.Core/Data_Flow_I/Operand_Select_I/EX_Op3_reg[2]/D (clocked by clk_out1_system_clk_wiz_0_0). Large setup violations at the end of those stages might be difficult to fix during the post-placement implementation flow and could be the result of non-optimal XDC constraints or non-optimal design architecture
Related violations: <none>

TIMING-16#315 Warning
Large setup violation  
There is a large setup violation of -1.635 ns between system_i/microblaze_0/U0/MicroBlaze_Core_I/Performance.Core/Using_DCache.Using_WriteBack.DCache_wb_I1/TAG_RAM_Module/Not_Using_XPM.Using_B36_S36.The_BRAMs[0].RAMB36_I1/Using_FPGA.Native/CLKARDCLK (clocked by clk_out1_system_clk_wiz_0_0) and system_i/microblaze_0/U0/MicroBlaze_Core_I/Performance.Core/Data_Flow_I/Data_Flow_Logic_I/WB_MEM_Result_reg[17]/CE (clocked by clk_out1_system_clk_wiz_0_0). Large setup violations at the end of those stages might be difficult to fix during the post-placement implementation flow and could be the result of non-optimal XDC constraints or non-optimal design architecture
Related violations: <none>

TIMING-16#316 Warning
Large setup violation  
There is a large setup violation of -1.635 ns between system_i/microblaze_0/U0/MicroBlaze_Core_I/Performance.Core/Using_DCache.Using_WriteBack.DCache_wb_I1/TAG_RAM_Module/Not_Using_XPM.Using_B36_S36.The_BRAMs[0].RAMB36_I1/Using_FPGA.Native/CLKARDCLK (clocked by clk_out1_system_clk_wiz_0_0) and system_i/microblaze_0/U0/MicroBlaze_Core_I/Performance.Core/Data_Flow_I/Data_Flow_Logic_I/WB_MEM_Result_reg[18]/CE (clocked by clk_out1_system_clk_wiz_0_0). Large setup violations at the end of those stages might be difficult to fix during the post-placement implementation flow and could be the result of non-optimal XDC constraints or non-optimal design architecture
Related violations: <none>

TIMING-16#317 Warning
Large setup violation  
There is a large setup violation of -1.635 ns between system_i/microblaze_0/U0/MicroBlaze_Core_I/Performance.Core/Using_DCache.Using_WriteBack.DCache_wb_I1/TAG_RAM_Module/Not_Using_XPM.Using_B36_S36.The_BRAMs[0].RAMB36_I1/Using_FPGA.Native/CLKARDCLK (clocked by clk_out1_system_clk_wiz_0_0) and system_i/microblaze_0/U0/MicroBlaze_Core_I/Performance.Core/Data_Flow_I/Data_Flow_Logic_I/WB_MEM_Result_reg[22]/CE (clocked by clk_out1_system_clk_wiz_0_0). Large setup violations at the end of those stages might be difficult to fix during the post-placement implementation flow and could be the result of non-optimal XDC constraints or non-optimal design architecture
Related violations: <none>

TIMING-16#318 Warning
Large setup violation  
There is a large setup violation of -1.635 ns between system_i/microblaze_0/U0/MicroBlaze_Core_I/Performance.Core/Using_DCache.Using_WriteBack.DCache_wb_I1/TAG_RAM_Module/Not_Using_XPM.Using_B36_S36.The_BRAMs[0].RAMB36_I1/Using_FPGA.Native/CLKARDCLK (clocked by clk_out1_system_clk_wiz_0_0) and system_i/microblaze_0/U0/MicroBlaze_Core_I/Performance.Core/Data_Flow_I/Data_Flow_Logic_I/WB_MEM_Result_reg[23]/CE (clocked by clk_out1_system_clk_wiz_0_0). Large setup violations at the end of those stages might be difficult to fix during the post-placement implementation flow and could be the result of non-optimal XDC constraints or non-optimal design architecture
Related violations: <none>

TIMING-16#319 Warning
Large setup violation  
There is a large setup violation of -1.635 ns between system_i/microblaze_0/U0/MicroBlaze_Core_I/Performance.Core/Using_DCache.Using_WriteBack.DCache_wb_I1/TAG_RAM_Module/Not_Using_XPM.Using_B36_S36.The_BRAMs[0].RAMB36_I1/Using_FPGA.Native/CLKARDCLK (clocked by clk_out1_system_clk_wiz_0_0) and system_i/microblaze_0/U0/MicroBlaze_Core_I/Performance.Core/Data_Flow_I/Data_Flow_Logic_I/WB_MEM_Result_reg[25]/CE (clocked by clk_out1_system_clk_wiz_0_0). Large setup violations at the end of those stages might be difficult to fix during the post-placement implementation flow and could be the result of non-optimal XDC constraints or non-optimal design architecture
Related violations: <none>

TIMING-16#320 Warning
Large setup violation  
There is a large setup violation of -1.635 ns between system_i/microblaze_0/U0/MicroBlaze_Core_I/Performance.Core/Using_DCache.Using_WriteBack.DCache_wb_I1/TAG_RAM_Module/Not_Using_XPM.Using_B36_S36.The_BRAMs[0].RAMB36_I1/Using_FPGA.Native/CLKARDCLK (clocked by clk_out1_system_clk_wiz_0_0) and system_i/microblaze_0/U0/MicroBlaze_Core_I/Performance.Core/Data_Flow_I/Data_Flow_Logic_I/WB_MEM_Result_reg[4]/CE (clocked by clk_out1_system_clk_wiz_0_0). Large setup violations at the end of those stages might be difficult to fix during the post-placement implementation flow and could be the result of non-optimal XDC constraints or non-optimal design architecture
Related violations: <none>

TIMING-16#321 Warning
Large setup violation  
There is a large setup violation of -1.635 ns between system_i/microblaze_0/U0/MicroBlaze_Core_I/Performance.Core/Using_DCache.Using_WriteBack.DCache_wb_I1/TAG_RAM_Module/Not_Using_XPM.Using_B36_S36.The_BRAMs[0].RAMB36_I1/Using_FPGA.Native/CLKARDCLK (clocked by clk_out1_system_clk_wiz_0_0) and system_i/microblaze_0/U0/MicroBlaze_Core_I/Performance.Core/Data_Flow_I/Data_Flow_Logic_I/WB_MEM_Result_reg[5]/CE (clocked by clk_out1_system_clk_wiz_0_0). Large setup violations at the end of those stages might be difficult to fix during the post-placement implementation flow and could be the result of non-optimal XDC constraints or non-optimal design architecture
Related violations: <none>

TIMING-16#322 Warning
Large setup violation  
There is a large setup violation of -1.637 ns between system_i/microblaze_0/U0/MicroBlaze_Core_I/Performance.Core/Use_DBUS.DAXI_Interface_I1/WB_DAXI_Data_Strobe_reg/C (clocked by clk_out1_system_clk_wiz_0_0) and system_i/microblaze_0/U0/MicroBlaze_Core_I/Performance.Core/Data_Flow_I/Register_File_I/Using_LUT6.All_RAM32M[8].ram32m_i/Using_FPGA.Native/RAMA_D1/I (clocked by clk_out1_system_clk_wiz_0_0). Large setup violations at the end of those stages might be difficult to fix during the post-placement implementation flow and could be the result of non-optimal XDC constraints or non-optimal design architecture
Related violations: <none>

TIMING-16#323 Warning
Large setup violation  
There is a large setup violation of -1.638 ns between system_i/microblaze_0/U0/MicroBlaze_Core_I/Performance.Core/Use_DBUS.DAXI_Interface_I1/WB_DAXI_Data_Strobe_reg/C (clocked by clk_out1_system_clk_wiz_0_0) and system_i/microblaze_0/U0/MicroBlaze_Core_I/Performance.Core/Data_Flow_I/Operand_Select_I/EX_Op1_reg[31]/D (clocked by clk_out1_system_clk_wiz_0_0). Large setup violations at the end of those stages might be difficult to fix during the post-placement implementation flow and could be the result of non-optimal XDC constraints or non-optimal design architecture
Related violations: <none>

TIMING-16#324 Warning
Large setup violation  
There is a large setup violation of -1.641 ns between system_i/microblaze_0/U0/MicroBlaze_Core_I/Performance.Core/Using_DCache.Using_WriteBack.DCache_wb_I1/TAG_RAM_Module/Not_Using_XPM.Using_B36_S36.The_BRAMs[0].RAMB36_I1/Using_FPGA.Native/CLKARDCLK (clocked by clk_out1_system_clk_wiz_0_0) and system_i/microblaze_0/U0/MicroBlaze_Core_I/Performance.Core/Data_Flow_I/exception_registers_I1/wb_EAR_i_reg[10]/CE (clocked by clk_out1_system_clk_wiz_0_0). Large setup violations at the end of those stages might be difficult to fix during the post-placement implementation flow and could be the result of non-optimal XDC constraints or non-optimal design architecture
Related violations: <none>

TIMING-16#325 Warning
Large setup violation  
There is a large setup violation of -1.641 ns between system_i/microblaze_0/U0/MicroBlaze_Core_I/Performance.Core/Using_DCache.Using_WriteBack.DCache_wb_I1/TAG_RAM_Module/Not_Using_XPM.Using_B36_S36.The_BRAMs[0].RAMB36_I1/Using_FPGA.Native/CLKARDCLK (clocked by clk_out1_system_clk_wiz_0_0) and system_i/microblaze_0/U0/MicroBlaze_Core_I/Performance.Core/Data_Flow_I/exception_registers_I1/wb_EAR_i_reg[12]/CE (clocked by clk_out1_system_clk_wiz_0_0). Large setup violations at the end of those stages might be difficult to fix during the post-placement implementation flow and could be the result of non-optimal XDC constraints or non-optimal design architecture
Related violations: <none>

TIMING-16#326 Warning
Large setup violation  
There is a large setup violation of -1.641 ns between system_i/microblaze_0/U0/MicroBlaze_Core_I/Performance.Core/Using_DCache.Using_WriteBack.DCache_wb_I1/TAG_RAM_Module/Not_Using_XPM.Using_B36_S36.The_BRAMs[0].RAMB36_I1/Using_FPGA.Native/CLKARDCLK (clocked by clk_out1_system_clk_wiz_0_0) and system_i/microblaze_0/U0/MicroBlaze_Core_I/Performance.Core/Data_Flow_I/exception_registers_I1/wb_EAR_i_reg[5]/CE (clocked by clk_out1_system_clk_wiz_0_0). Large setup violations at the end of those stages might be difficult to fix during the post-placement implementation flow and could be the result of non-optimal XDC constraints or non-optimal design architecture
Related violations: <none>

TIMING-16#327 Warning
Large setup violation  
There is a large setup violation of -1.642 ns between system_i/microblaze_0/U0/MicroBlaze_Core_I/Performance.Core/Using_DCache.Using_WriteBack.DCache_wb_I1/TAG_RAM_Module/Not_Using_XPM.Using_B36_S36.The_BRAMs[0].RAMB36_I1/Using_FPGA.Native/CLKARDCLK (clocked by clk_out1_system_clk_wiz_0_0) and system_i/microblaze_0/U0/MicroBlaze_Core_I/Performance.Core/Data_Flow_I/Data_Flow_Logic_I/WB_MEM_Result_reg[11]/CE (clocked by clk_out1_system_clk_wiz_0_0). Large setup violations at the end of those stages might be difficult to fix during the post-placement implementation flow and could be the result of non-optimal XDC constraints or non-optimal design architecture
Related violations: <none>

TIMING-16#328 Warning
Large setup violation  
There is a large setup violation of -1.642 ns between system_i/microblaze_0/U0/MicroBlaze_Core_I/Performance.Core/Using_DCache.Using_WriteBack.DCache_wb_I1/TAG_RAM_Module/Not_Using_XPM.Using_B36_S36.The_BRAMs[0].RAMB36_I1/Using_FPGA.Native/CLKARDCLK (clocked by clk_out1_system_clk_wiz_0_0) and system_i/microblaze_0/U0/MicroBlaze_Core_I/Performance.Core/Data_Flow_I/Data_Flow_Logic_I/WB_MEM_Result_reg[14]/CE (clocked by clk_out1_system_clk_wiz_0_0). Large setup violations at the end of those stages might be difficult to fix during the post-placement implementation flow and could be the result of non-optimal XDC constraints or non-optimal design architecture
Related violations: <none>

TIMING-16#329 Warning
Large setup violation  
There is a large setup violation of -1.642 ns between system_i/microblaze_0/U0/MicroBlaze_Core_I/Performance.Core/Using_DCache.Using_WriteBack.DCache_wb_I1/TAG_RAM_Module/Not_Using_XPM.Using_B36_S36.The_BRAMs[0].RAMB36_I1/Using_FPGA.Native/CLKARDCLK (clocked by clk_out1_system_clk_wiz_0_0) and system_i/microblaze_0/U0/MicroBlaze_Core_I/Performance.Core/Data_Flow_I/Data_Flow_Logic_I/WB_MEM_Result_reg[2]/CE (clocked by clk_out1_system_clk_wiz_0_0). Large setup violations at the end of those stages might be difficult to fix during the post-placement implementation flow and could be the result of non-optimal XDC constraints or non-optimal design architecture
Related violations: <none>

TIMING-16#330 Warning
Large setup violation  
There is a large setup violation of -1.642 ns between system_i/microblaze_0/U0/MicroBlaze_Core_I/Performance.Core/Using_DCache.Using_WriteBack.DCache_wb_I1/TAG_RAM_Module/Not_Using_XPM.Using_B36_S36.The_BRAMs[0].RAMB36_I1/Using_FPGA.Native/CLKARDCLK (clocked by clk_out1_system_clk_wiz_0_0) and system_i/microblaze_0/U0/MicroBlaze_Core_I/Performance.Core/Data_Flow_I/Data_Flow_Logic_I/WB_MEM_Result_reg[7]/CE (clocked by clk_out1_system_clk_wiz_0_0). Large setup violations at the end of those stages might be difficult to fix during the post-placement implementation flow and could be the result of non-optimal XDC constraints or non-optimal design architecture
Related violations: <none>

TIMING-16#331 Warning
Large setup violation  
There is a large setup violation of -1.643 ns between system_i/microblaze_0/U0/MicroBlaze_Core_I/Performance.Core/Decode_I/mem_gpr_write_reg/C (clocked by clk_out1_system_clk_wiz_0_0) and system_i/microblaze_0/U0/MicroBlaze_Core_I/Performance.Core/Data_Flow_I/Operand_Select_I/EX_Op2_reg[18]/D (clocked by clk_out1_system_clk_wiz_0_0). Large setup violations at the end of those stages might be difficult to fix during the post-placement implementation flow and could be the result of non-optimal XDC constraints or non-optimal design architecture
Related violations: <none>

TIMING-16#332 Warning
Large setup violation  
There is a large setup violation of -1.649 ns between system_i/microblaze_0/U0/MicroBlaze_Core_I/Performance.Core/Using_DCache.Using_WriteBack.DCache_wb_I1/TAG_RAM_Module/Not_Using_XPM.Using_B36_S36.The_BRAMs[0].RAMB36_I1/Using_FPGA.Native/CLKARDCLK (clocked by clk_out1_system_clk_wiz_0_0) and system_i/microblaze_0/U0/MicroBlaze_Core_I/Performance.Core/Data_Flow_I/MUL_Unit_I/Use_HW_MUL.Using_DSP48_Architectures.No_MUL64.WB_Mul_Result_reg[15]/CE (clocked by clk_out1_system_clk_wiz_0_0). Large setup violations at the end of those stages might be difficult to fix during the post-placement implementation flow and could be the result of non-optimal XDC constraints or non-optimal design architecture
Related violations: <none>

TIMING-16#333 Warning
Large setup violation  
There is a large setup violation of -1.649 ns between system_i/microblaze_0/U0/MicroBlaze_Core_I/Performance.Core/Using_DCache.Using_WriteBack.DCache_wb_I1/TAG_RAM_Module/Not_Using_XPM.Using_B36_S36.The_BRAMs[0].RAMB36_I1/Using_FPGA.Native/CLKARDCLK (clocked by clk_out1_system_clk_wiz_0_0) and system_i/microblaze_0/U0/MicroBlaze_Core_I/Performance.Core/Data_Flow_I/MUL_Unit_I/Use_HW_MUL.Using_DSP48_Architectures.No_MUL64.WB_Mul_Result_reg[16]/CE (clocked by clk_out1_system_clk_wiz_0_0). Large setup violations at the end of those stages might be difficult to fix during the post-placement implementation flow and could be the result of non-optimal XDC constraints or non-optimal design architecture
Related violations: <none>

TIMING-16#334 Warning
Large setup violation  
There is a large setup violation of -1.649 ns between system_i/microblaze_0/U0/MicroBlaze_Core_I/Performance.Core/Using_DCache.Using_WriteBack.DCache_wb_I1/TAG_RAM_Module/Not_Using_XPM.Using_B36_S36.The_BRAMs[0].RAMB36_I1/Using_FPGA.Native/CLKARDCLK (clocked by clk_out1_system_clk_wiz_0_0) and system_i/microblaze_0/U0/MicroBlaze_Core_I/Performance.Core/Data_Flow_I/MUL_Unit_I/Use_HW_MUL.Using_DSP48_Architectures.No_MUL64.WB_Mul_Result_reg[17]/CE (clocked by clk_out1_system_clk_wiz_0_0). Large setup violations at the end of those stages might be difficult to fix during the post-placement implementation flow and could be the result of non-optimal XDC constraints or non-optimal design architecture
Related violations: <none>

TIMING-16#335 Warning
Large setup violation  
There is a large setup violation of -1.649 ns between system_i/microblaze_0/U0/MicroBlaze_Core_I/Performance.Core/Using_DCache.Using_WriteBack.DCache_wb_I1/TAG_RAM_Module/Not_Using_XPM.Using_B36_S36.The_BRAMs[0].RAMB36_I1/Using_FPGA.Native/CLKARDCLK (clocked by clk_out1_system_clk_wiz_0_0) and system_i/microblaze_0/U0/MicroBlaze_Core_I/Performance.Core/Data_Flow_I/MUL_Unit_I/Use_HW_MUL.Using_DSP48_Architectures.No_MUL64.WB_Mul_Result_reg[18]/CE (clocked by clk_out1_system_clk_wiz_0_0). Large setup violations at the end of those stages might be difficult to fix during the post-placement implementation flow and could be the result of non-optimal XDC constraints or non-optimal design architecture
Related violations: <none>

TIMING-16#336 Warning
Large setup violation  
There is a large setup violation of -1.649 ns between system_i/microblaze_0/U0/MicroBlaze_Core_I/Performance.Core/Using_DCache.Using_WriteBack.DCache_wb_I1/TAG_RAM_Module/Not_Using_XPM.Using_B36_S36.The_BRAMs[0].RAMB36_I1/Using_FPGA.Native/CLKARDCLK (clocked by clk_out1_system_clk_wiz_0_0) and system_i/microblaze_0/U0/MicroBlaze_Core_I/Performance.Core/Data_Flow_I/msr_reg_i/MEM_MSR_Bits[26].Using_FDR.MSR_I/Using_FPGA.Native/D (clocked by clk_out1_system_clk_wiz_0_0). Large setup violations at the end of those stages might be difficult to fix during the post-placement implementation flow and could be the result of non-optimal XDC constraints or non-optimal design architecture
Related violations: <none>

TIMING-16#337 Warning
Large setup violation  
There is a large setup violation of -1.654 ns between system_i/microblaze_0/U0/MicroBlaze_Core_I/Performance.Core/Using_DCache.Using_WriteBack.DCache_wb_I1/TAG_RAM_Module/Not_Using_XPM.Using_B36_S36.The_BRAMs[0].RAMB36_I1/Using_FPGA.Native/CLKARDCLK (clocked by clk_out1_system_clk_wiz_0_0) and system_i/microblaze_0/U0/MicroBlaze_Core_I/Performance.Core/Data_Flow_I/exception_registers_I1/wb_EAR_i_reg[19]/CE (clocked by clk_out1_system_clk_wiz_0_0). Large setup violations at the end of those stages might be difficult to fix during the post-placement implementation flow and could be the result of non-optimal XDC constraints or non-optimal design architecture
Related violations: <none>

TIMING-16#338 Warning
Large setup violation  
There is a large setup violation of -1.659 ns between system_i/microblaze_0/U0/MicroBlaze_Core_I/Performance.Core/Decode_I/mem_gpr_write_reg/C (clocked by clk_out1_system_clk_wiz_0_0) and system_i/microblaze_0/U0/MicroBlaze_Core_I/Performance.Core/Data_Flow_I/Operand_Select_I/EX_Op2_reg[24]/D (clocked by clk_out1_system_clk_wiz_0_0). Large setup violations at the end of those stages might be difficult to fix during the post-placement implementation flow and could be the result of non-optimal XDC constraints or non-optimal design architecture
Related violations: <none>

TIMING-16#339 Warning
Large setup violation  
There is a large setup violation of -1.662 ns between system_i/microblaze_0/U0/MicroBlaze_Core_I/Performance.Core/Using_DCache.Using_WriteBack.DCache_wb_I1/TAG_RAM_Module/Not_Using_XPM.Using_B36_S36.The_BRAMs[0].RAMB36_I1/Using_FPGA.Native/CLKARDCLK (clocked by clk_out1_system_clk_wiz_0_0) and system_i/microblaze_0/U0/MicroBlaze_Core_I/Performance.Core/Data_Flow_I/Using_Stack_Protection.stack_protection_I/SHR_Value_DFF_reg[14]/CE (clocked by clk_out1_system_clk_wiz_0_0). Large setup violations at the end of those stages might be difficult to fix during the post-placement implementation flow and could be the result of non-optimal XDC constraints or non-optimal design architecture
Related violations: <none>

TIMING-16#340 Warning
Large setup violation  
There is a large setup violation of -1.662 ns between system_i/microblaze_0/U0/MicroBlaze_Core_I/Performance.Core/Using_DCache.Using_WriteBack.DCache_wb_I1/TAG_RAM_Module/Not_Using_XPM.Using_B36_S36.The_BRAMs[0].RAMB36_I1/Using_FPGA.Native/CLKARDCLK (clocked by clk_out1_system_clk_wiz_0_0) and system_i/microblaze_0/U0/MicroBlaze_Core_I/Performance.Core/Data_Flow_I/Using_Stack_Protection.stack_protection_I/SHR_Value_DFF_reg[15]/CE (clocked by clk_out1_system_clk_wiz_0_0). Large setup violations at the end of those stages might be difficult to fix during the post-placement implementation flow and could be the result of non-optimal XDC constraints or non-optimal design architecture
Related violations: <none>

TIMING-16#341 Warning
Large setup violation  
There is a large setup violation of -1.662 ns between system_i/microblaze_0/U0/MicroBlaze_Core_I/Performance.Core/Using_DCache.Using_WriteBack.DCache_wb_I1/TAG_RAM_Module/Not_Using_XPM.Using_B36_S36.The_BRAMs[0].RAMB36_I1/Using_FPGA.Native/CLKARDCLK (clocked by clk_out1_system_clk_wiz_0_0) and system_i/microblaze_0/U0/MicroBlaze_Core_I/Performance.Core/Data_Flow_I/Using_Stack_Protection.stack_protection_I/SHR_Value_DFF_reg[17]/CE (clocked by clk_out1_system_clk_wiz_0_0). Large setup violations at the end of those stages might be difficult to fix during the post-placement implementation flow and could be the result of non-optimal XDC constraints or non-optimal design architecture
Related violations: <none>

TIMING-16#342 Warning
Large setup violation  
There is a large setup violation of -1.662 ns between system_i/microblaze_0/U0/MicroBlaze_Core_I/Performance.Core/Using_DCache.Using_WriteBack.DCache_wb_I1/TAG_RAM_Module/Not_Using_XPM.Using_B36_S36.The_BRAMs[0].RAMB36_I1/Using_FPGA.Native/CLKARDCLK (clocked by clk_out1_system_clk_wiz_0_0) and system_i/microblaze_0/U0/MicroBlaze_Core_I/Performance.Core/Data_Flow_I/Using_Stack_Protection.stack_protection_I/SHR_Value_DFF_reg[4]/CE (clocked by clk_out1_system_clk_wiz_0_0). Large setup violations at the end of those stages might be difficult to fix during the post-placement implementation flow and could be the result of non-optimal XDC constraints or non-optimal design architecture
Related violations: <none>

TIMING-16#343 Warning
Large setup violation  
There is a large setup violation of -1.662 ns between system_i/microblaze_0/U0/MicroBlaze_Core_I/Performance.Core/Using_DCache.Using_WriteBack.DCache_wb_I1/TAG_RAM_Module/Not_Using_XPM.Using_B36_S36.The_BRAMs[0].RAMB36_I1/Using_FPGA.Native/CLKARDCLK (clocked by clk_out1_system_clk_wiz_0_0) and system_i/microblaze_0/U0/MicroBlaze_Core_I/Performance.Core/Data_Flow_I/Using_Stack_Protection.stack_protection_I/SHR_Value_DFF_reg[9]/CE (clocked by clk_out1_system_clk_wiz_0_0). Large setup violations at the end of those stages might be difficult to fix during the post-placement implementation flow and could be the result of non-optimal XDC constraints or non-optimal design architecture
Related violations: <none>

TIMING-16#344 Warning
Large setup violation  
There is a large setup violation of -1.664 ns between system_i/microblaze_0/U0/MicroBlaze_Core_I/Performance.Core/Use_DBUS.DAXI_Interface_I1/WB_DAXI_Data_Strobe_reg/C (clocked by clk_out1_system_clk_wiz_0_0) and system_i/microblaze_0/U0/MicroBlaze_Core_I/Performance.Core/Data_Flow_I/Operand_Select_I/EX_Op1_reg[6]/D (clocked by clk_out1_system_clk_wiz_0_0). Large setup violations at the end of those stages might be difficult to fix during the post-placement implementation flow and could be the result of non-optimal XDC constraints or non-optimal design architecture
Related violations: <none>

TIMING-16#345 Warning
Large setup violation  
There is a large setup violation of -1.666 ns between system_i/microblaze_0/U0/MicroBlaze_Core_I/Performance.Core/Using_DCache.Using_WriteBack.DCache_wb_I1/TAG_RAM_Module/Not_Using_XPM.Using_B36_S36.The_BRAMs[0].RAMB36_I1/Using_FPGA.Native/CLKARDCLK (clocked by clk_out1_system_clk_wiz_0_0) and system_i/microblaze_0/U0/MicroBlaze_Core_I/Performance.Core/Data_Flow_I/exception_registers_I1/wb_EAR_i_reg[26]/CE (clocked by clk_out1_system_clk_wiz_0_0). Large setup violations at the end of those stages might be difficult to fix during the post-placement implementation flow and could be the result of non-optimal XDC constraints or non-optimal design architecture
Related violations: <none>

TIMING-16#346 Warning
Large setup violation  
There is a large setup violation of -1.667 ns between system_i/microblaze_0/U0/MicroBlaze_Core_I/Performance.Core/Using_DCache.Using_WriteBack.DCache_wb_I1/TAG_RAM_Module/Not_Using_XPM.Using_B36_S36.The_BRAMs[0].RAMB36_I1/Using_FPGA.Native/CLKARDCLK (clocked by clk_out1_system_clk_wiz_0_0) and system_i/microblaze_0/U0/MicroBlaze_Core_I/Performance.Core/Data_Flow_I/exception_registers_I1/wb_EAR_i_reg[3]/CE (clocked by clk_out1_system_clk_wiz_0_0). Large setup violations at the end of those stages might be difficult to fix during the post-placement implementation flow and could be the result of non-optimal XDC constraints or non-optimal design architecture
Related violations: <none>

TIMING-16#347 Warning
Large setup violation  
There is a large setup violation of -1.667 ns between system_i/microblaze_0/U0/MicroBlaze_Core_I/Performance.Core/Using_DCache.Using_WriteBack.DCache_wb_I1/TAG_RAM_Module/Not_Using_XPM.Using_B36_S36.The_BRAMs[0].RAMB36_I1/Using_FPGA.Native/CLKARDCLK (clocked by clk_out1_system_clk_wiz_0_0) and system_i/microblaze_0/U0/MicroBlaze_Core_I/Performance.Core/Data_Flow_I/exception_registers_I1/wb_EAR_i_reg[9]/CE (clocked by clk_out1_system_clk_wiz_0_0). Large setup violations at the end of those stages might be difficult to fix during the post-placement implementation flow and could be the result of non-optimal XDC constraints or non-optimal design architecture
Related violations: <none>

TIMING-16#348 Warning
Large setup violation  
There is a large setup violation of -1.668 ns between system_i/microblaze_0/U0/MicroBlaze_Core_I/Performance.Core/Data_Flow_I/Using_Stack_Protection.stack_protection_I/shr_reg_reg[21]/C (clocked by clk_out1_system_clk_wiz_0_0) and system_i/microblaze_0/U0/MicroBlaze_Core_I/Performance.Core/Data_Flow_I/exception_registers_I1/Use_LUT6.mem_BTR_reg[22]/D (clocked by clk_out1_system_clk_wiz_0_0). Large setup violations at the end of those stages might be difficult to fix during the post-placement implementation flow and could be the result of non-optimal XDC constraints or non-optimal design architecture
Related violations: <none>

TIMING-16#349 Warning
Large setup violation  
There is a large setup violation of -1.670 ns between system_i/microblaze_0/U0/MicroBlaze_Core_I/Performance.Core/Data_Flow_I/Using_Stack_Protection.stack_protection_I/shr_reg_reg[21]/C (clocked by clk_out1_system_clk_wiz_0_0) and system_i/microblaze_0/U0/MicroBlaze_Core_I/Performance.Core/Data_Flow_I/exception_registers_I1/Use_LUT6.mem_BTR_reg[16]/D (clocked by clk_out1_system_clk_wiz_0_0). Large setup violations at the end of those stages might be difficult to fix during the post-placement implementation flow and could be the result of non-optimal XDC constraints or non-optimal design architecture
Related violations: <none>

TIMING-16#350 Warning
Large setup violation  
There is a large setup violation of -1.674 ns between system_i/microblaze_0/U0/MicroBlaze_Core_I/Performance.Core/Using_DCache.Using_WriteBack.DCache_wb_I1/Using_Perf_4.WB_DCache_Valid_Read_data_reg[27]/C (clocked by clk_out1_system_clk_wiz_0_0) and system_i/microblaze_0/U0/MicroBlaze_Core_I/Performance.Core/Data_Flow_I/Operand_Select_I/EX_Branch_CMP_Op1_reg[3]/D (clocked by clk_out1_system_clk_wiz_0_0). Large setup violations at the end of those stages might be difficult to fix during the post-placement implementation flow and could be the result of non-optimal XDC constraints or non-optimal design architecture
Related violations: <none>

TIMING-16#351 Warning
Large setup violation  
There is a large setup violation of -1.675 ns between system_i/microblaze_0/U0/MicroBlaze_Core_I/Performance.Core/Data_Flow_I/Using_Stack_Protection.stack_protection_I/shr_reg_reg[21]/C (clocked by clk_out1_system_clk_wiz_0_0) and system_i/microblaze_0/U0/MicroBlaze_Core_I/Performance.Core/Data_Flow_I/exception_registers_I1/Use_LUT6.mem_BTR_reg[1]/D (clocked by clk_out1_system_clk_wiz_0_0). Large setup violations at the end of those stages might be difficult to fix during the post-placement implementation flow and could be the result of non-optimal XDC constraints or non-optimal design architecture
Related violations: <none>

TIMING-16#352 Warning
Large setup violation  
There is a large setup violation of -1.675 ns between system_i/microblaze_0/U0/MicroBlaze_Core_I/Performance.Core/Decode_I/mem_gpr_write_reg/C (clocked by clk_out1_system_clk_wiz_0_0) and system_i/microblaze_0/U0/MicroBlaze_Core_I/Performance.Core/Data_Flow_I/Operand_Select_I/EX_Op2_reg[19]/D (clocked by clk_out1_system_clk_wiz_0_0). Large setup violations at the end of those stages might be difficult to fix during the post-placement implementation flow and could be the result of non-optimal XDC constraints or non-optimal design architecture
Related violations: <none>

TIMING-16#353 Warning
Large setup violation  
There is a large setup violation of -1.675 ns between system_i/microblaze_0/U0/MicroBlaze_Core_I/Performance.Core/Use_DLMB.wb_dlmb_valid_read_data_reg[25]/C (clocked by clk_out1_system_clk_wiz_0_0) and system_i/microblaze_0/U0/MicroBlaze_Core_I/Performance.Core/Data_Flow_I/Register_File_I/Using_LUT6.All_RAM32M[8].ram32m_i/Using_FPGA.Native/RAMD/I (clocked by clk_out1_system_clk_wiz_0_0). Large setup violations at the end of those stages might be difficult to fix during the post-placement implementation flow and could be the result of non-optimal XDC constraints or non-optimal design architecture
Related violations: <none>

TIMING-16#354 Warning
Large setup violation  
There is a large setup violation of -1.677 ns between system_i/microblaze_0/U0/MicroBlaze_Core_I/Performance.Core/Use_DBUS.DAXI_Interface_I1/WB_DAXI_Data_Strobe_reg/C (clocked by clk_out1_system_clk_wiz_0_0) and system_i/microblaze_0/U0/MicroBlaze_Core_I/Performance.Core/Data_Flow_I/Register_File_I/Using_LUT6.All_RAM32M[8].ram32m_i/Using_FPGA.Native/RAMB_D1/I (clocked by clk_out1_system_clk_wiz_0_0). Large setup violations at the end of those stages might be difficult to fix during the post-placement implementation flow and could be the result of non-optimal XDC constraints or non-optimal design architecture
Related violations: <none>

TIMING-16#355 Warning
Large setup violation  
There is a large setup violation of -1.682 ns between system_i/microblaze_0/U0/MicroBlaze_Core_I/Performance.Core/Using_DCache.Using_WriteBack.DCache_wb_I1/TAG_RAM_Module/Not_Using_XPM.Using_B36_S36.The_BRAMs[0].RAMB36_I1/Using_FPGA.Native/CLKARDCLK (clocked by clk_out1_system_clk_wiz_0_0) and system_i/microblaze_0/U0/MicroBlaze_Core_I/Performance.Core/Decode_I/EX_CMP_Op_reg/CE (clocked by clk_out1_system_clk_wiz_0_0). Large setup violations at the end of those stages might be difficult to fix during the post-placement implementation flow and could be the result of non-optimal XDC constraints or non-optimal design architecture
Related violations: <none>

TIMING-16#356 Warning
Large setup violation  
There is a large setup violation of -1.682 ns between system_i/microblaze_0/U0/MicroBlaze_Core_I/Performance.Core/Using_DCache.Using_WriteBack.DCache_wb_I1/TAG_RAM_Module/Not_Using_XPM.Using_B36_S36.The_BRAMs[0].RAMB36_I1/Using_FPGA.Native/CLKARDCLK (clocked by clk_out1_system_clk_wiz_0_0) and system_i/microblaze_0/U0/MicroBlaze_Core_I/Performance.Core/Decode_I/EX_Left_Shift_reg/CE (clocked by clk_out1_system_clk_wiz_0_0). Large setup violations at the end of those stages might be difficult to fix during the post-placement implementation flow and could be the result of non-optimal XDC constraints or non-optimal design architecture
Related violations: <none>

TIMING-16#357 Warning
Large setup violation  
There is a large setup violation of -1.682 ns between system_i/microblaze_0/U0/MicroBlaze_Core_I/Performance.Core/Using_DCache.Using_WriteBack.DCache_wb_I1/TAG_RAM_Module/Not_Using_XPM.Using_B36_S36.The_BRAMs[0].RAMB36_I1/Using_FPGA.Native/CLKARDCLK (clocked by clk_out1_system_clk_wiz_0_0) and system_i/microblaze_0/U0/MicroBlaze_Core_I/Performance.Core/Decode_I/EX_Logic_Op_reg[0]/CE (clocked by clk_out1_system_clk_wiz_0_0). Large setup violations at the end of those stages might be difficult to fix during the post-placement implementation flow and could be the result of non-optimal XDC constraints or non-optimal design architecture
Related violations: <none>

TIMING-16#358 Warning
Large setup violation  
There is a large setup violation of -1.689 ns between system_i/microblaze_0/U0/MicroBlaze_Core_I/Performance.Core/Data_Flow_I/Barrel_Shifter_I/Use_HW_BS.mem_mux3_reg[13]/C (clocked by clk_out1_system_clk_wiz_0_0) and system_i/microblaze_0/U0/MicroBlaze_Core_I/Performance.Core/Data_Flow_I/Operand_Select_I/EX_Op3_reg[26]/D (clocked by clk_out1_system_clk_wiz_0_0). Large setup violations at the end of those stages might be difficult to fix during the post-placement implementation flow and could be the result of non-optimal XDC constraints or non-optimal design architecture
Related violations: <none>

TIMING-16#359 Warning
Large setup violation  
There is a large setup violation of -1.689 ns between system_i/microblaze_0/U0/MicroBlaze_Core_I/Performance.Core/Using_DCache.Using_WriteBack.DCache_wb_I1/TAG_RAM_Module/Not_Using_XPM.Using_B36_S36.The_BRAMs[0].RAMB36_I1/Using_FPGA.Native/CLKARDCLK (clocked by clk_out1_system_clk_wiz_0_0) and system_i/microblaze_0/U0/MicroBlaze_Core_I/Performance.Core/Data_Flow_I/msr_reg_i/OF_EX_MSR_Bits[30].Using_FDR.MSR_ex_I/Using_FPGA.Native/D (clocked by clk_out1_system_clk_wiz_0_0). Large setup violations at the end of those stages might be difficult to fix during the post-placement implementation flow and could be the result of non-optimal XDC constraints or non-optimal design architecture
Related violations: <none>

TIMING-16#360 Warning
Large setup violation  
There is a large setup violation of -1.689 ns between system_i/microblaze_0/U0/MicroBlaze_Core_I/Performance.Core/Using_DCache.Using_WriteBack.DCache_wb_I1/Using_Perf_4.WB_DCache_Valid_Read_data_reg[12]/C (clocked by clk_out1_system_clk_wiz_0_0) and system_i/microblaze_0/U0/MicroBlaze_Core_I/Performance.Core/Data_Flow_I/Register_File_I/Using_LUT6.All_RAM32M[10].ram32m_i/Using_FPGA.Native/RAMA_D1/I (clocked by clk_out1_system_clk_wiz_0_0). Large setup violations at the end of those stages might be difficult to fix during the post-placement implementation flow and could be the result of non-optimal XDC constraints or non-optimal design architecture
Related violations: <none>

TIMING-16#361 Warning
Large setup violation  
There is a large setup violation of -1.698 ns between system_i/microblaze_0/U0/MicroBlaze_Core_I/Performance.Core/Data_Flow_I/Operand_Select_I/EX_Op1_reg[29]/C (clocked by clk_out1_system_clk_wiz_0_0) and system_i/microblaze_0/U0/MicroBlaze_Core_I/Performance.Core/Data_Flow_I/Operand_Select_I/EX_Op2_reg[7]/D (clocked by clk_out1_system_clk_wiz_0_0). Large setup violations at the end of those stages might be difficult to fix during the post-placement implementation flow and could be the result of non-optimal XDC constraints or non-optimal design architecture
Related violations: <none>

TIMING-16#362 Warning
Large setup violation  
There is a large setup violation of -1.698 ns between system_i/microblaze_0/U0/MicroBlaze_Core_I/Performance.Core/Decode_I/mem_gpr_write_reg/C (clocked by clk_out1_system_clk_wiz_0_0) and system_i/microblaze_0/U0/MicroBlaze_Core_I/Performance.Core/Data_Flow_I/Operand_Select_I/EX_Op2_reg[25]/D (clocked by clk_out1_system_clk_wiz_0_0). Large setup violations at the end of those stages might be difficult to fix during the post-placement implementation flow and could be the result of non-optimal XDC constraints or non-optimal design architecture
Related violations: <none>

TIMING-16#363 Warning
Large setup violation  
There is a large setup violation of -1.699 ns between system_i/microblaze_0/U0/MicroBlaze_Core_I/Performance.Core/Data_Flow_I/Operand_Select_I/EX_Op1_reg[29]/C (clocked by clk_out1_system_clk_wiz_0_0) and system_i/microblaze_0/U0/MicroBlaze_Core_I/Performance.Core/Data_Flow_I/Operand_Select_I/EX_Branch_CMP_Op1_reg[14]/D (clocked by clk_out1_system_clk_wiz_0_0). Large setup violations at the end of those stages might be difficult to fix during the post-placement implementation flow and could be the result of non-optimal XDC constraints or non-optimal design architecture
Related violations: <none>

TIMING-16#364 Warning
Large setup violation  
There is a large setup violation of -1.699 ns between system_i/microblaze_0/U0/MicroBlaze_Core_I/Performance.Core/Using_DCache.Using_WriteBack.DCache_wb_I1/TAG_RAM_Module/Not_Using_XPM.Using_B36_S36.The_BRAMs[0].RAMB36_I1/Using_FPGA.Native/CLKARDCLK (clocked by clk_out1_system_clk_wiz_0_0) and system_i/microblaze_0/U0/MicroBlaze_Core_I/Performance.Core/Decode_I/EX_Div_Unsigned_reg/CE (clocked by clk_out1_system_clk_wiz_0_0). Large setup violations at the end of those stages might be difficult to fix during the post-placement implementation flow and could be the result of non-optimal XDC constraints or non-optimal design architecture
Related violations: <none>

TIMING-16#365 Warning
Large setup violation  
There is a large setup violation of -1.703 ns between system_i/microblaze_0/U0/MicroBlaze_Core_I/Performance.Core/Using_DCache.Using_WriteBack.DCache_wb_I1/TAG_RAM_Module/Not_Using_XPM.Using_B36_S36.The_BRAMs[0].RAMB36_I1/Using_FPGA.Native/CLKARDCLK (clocked by clk_out1_system_clk_wiz_0_0) and system_i/microblaze_0/U0/MicroBlaze_Core_I/Performance.Core/Data_Flow_I/Data_Flow_Logic_I/WB_MEM_Result_reg[12]/CE (clocked by clk_out1_system_clk_wiz_0_0). Large setup violations at the end of those stages might be difficult to fix during the post-placement implementation flow and could be the result of non-optimal XDC constraints or non-optimal design architecture
Related violations: <none>

TIMING-16#366 Warning
Large setup violation  
There is a large setup violation of -1.703 ns between system_i/microblaze_0/U0/MicroBlaze_Core_I/Performance.Core/Using_DCache.Using_WriteBack.DCache_wb_I1/TAG_RAM_Module/Not_Using_XPM.Using_B36_S36.The_BRAMs[0].RAMB36_I1/Using_FPGA.Native/CLKARDCLK (clocked by clk_out1_system_clk_wiz_0_0) and system_i/microblaze_0/U0/MicroBlaze_Core_I/Performance.Core/Data_Flow_I/Data_Flow_Logic_I/WB_MEM_Result_reg[13]/CE (clocked by clk_out1_system_clk_wiz_0_0). Large setup violations at the end of those stages might be difficult to fix during the post-placement implementation flow and could be the result of non-optimal XDC constraints or non-optimal design architecture
Related violations: <none>

TIMING-16#367 Warning
Large setup violation  
There is a large setup violation of -1.703 ns between system_i/microblaze_0/U0/MicroBlaze_Core_I/Performance.Core/Using_DCache.Using_WriteBack.DCache_wb_I1/TAG_RAM_Module/Not_Using_XPM.Using_B36_S36.The_BRAMs[0].RAMB36_I1/Using_FPGA.Native/CLKARDCLK (clocked by clk_out1_system_clk_wiz_0_0) and system_i/microblaze_0/U0/MicroBlaze_Core_I/Performance.Core/Data_Flow_I/Data_Flow_Logic_I/WB_MEM_Result_reg[21]/CE (clocked by clk_out1_system_clk_wiz_0_0). Large setup violations at the end of those stages might be difficult to fix during the post-placement implementation flow and could be the result of non-optimal XDC constraints or non-optimal design architecture
Related violations: <none>

TIMING-16#368 Warning
Large setup violation  
There is a large setup violation of -1.703 ns between system_i/microblaze_0/U0/MicroBlaze_Core_I/Performance.Core/Using_DCache.Using_WriteBack.DCache_wb_I1/TAG_RAM_Module/Not_Using_XPM.Using_B36_S36.The_BRAMs[0].RAMB36_I1/Using_FPGA.Native/CLKARDCLK (clocked by clk_out1_system_clk_wiz_0_0) and system_i/microblaze_0/U0/MicroBlaze_Core_I/Performance.Core/Data_Flow_I/Data_Flow_Logic_I/WB_MEM_Result_reg[30]/CE (clocked by clk_out1_system_clk_wiz_0_0). Large setup violations at the end of those stages might be difficult to fix during the post-placement implementation flow and could be the result of non-optimal XDC constraints or non-optimal design architecture
Related violations: <none>

TIMING-16#369 Warning
Large setup violation  
There is a large setup violation of -1.709 ns between system_i/microblaze_0/U0/MicroBlaze_Core_I/Performance.Core/Using_DCache.Using_WriteBack.DCache_wb_I1/TAG_RAM_Module/Not_Using_XPM.Using_B36_S36.The_BRAMs[0].RAMB36_I1/Using_FPGA.Native/CLKARDCLK (clocked by clk_out1_system_clk_wiz_0_0) and system_i/microblaze_0/U0/MicroBlaze_Core_I/Performance.Core/Data_Flow_I/Barrel_Shifter_I/Use_HW_BS.Using_BitField.Gen_Bits[8].mem_Rd_reg[8]/CE (clocked by clk_out1_system_clk_wiz_0_0). Large setup violations at the end of those stages might be difficult to fix during the post-placement implementation flow and could be the result of non-optimal XDC constraints or non-optimal design architecture
Related violations: <none>

TIMING-16#370 Warning
Large setup violation  
There is a large setup violation of -1.709 ns between system_i/microblaze_0/U0/MicroBlaze_Core_I/Performance.Core/Using_DCache.Using_WriteBack.DCache_wb_I1/TAG_RAM_Module/Not_Using_XPM.Using_B36_S36.The_BRAMs[0].RAMB36_I1/Using_FPGA.Native/CLKARDCLK (clocked by clk_out1_system_clk_wiz_0_0) and system_i/microblaze_0/U0/MicroBlaze_Core_I/Performance.Core/Data_Flow_I/exception_registers_I1/Use_LUT6.mem_BTR_reg[13]/CE (clocked by clk_out1_system_clk_wiz_0_0). Large setup violations at the end of those stages might be difficult to fix during the post-placement implementation flow and could be the result of non-optimal XDC constraints or non-optimal design architecture
Related violations: <none>

TIMING-16#371 Warning
Large setup violation  
There is a large setup violation of -1.709 ns between system_i/microblaze_0/U0/MicroBlaze_Core_I/Performance.Core/Using_DCache.Using_WriteBack.DCache_wb_I1/TAG_RAM_Module/Not_Using_XPM.Using_B36_S36.The_BRAMs[0].RAMB36_I1/Using_FPGA.Native/CLKARDCLK (clocked by clk_out1_system_clk_wiz_0_0) and system_i/microblaze_0/U0/MicroBlaze_Core_I/Performance.Core/Data_Flow_I/exception_registers_I1/Use_LUT6.mem_BTR_reg[29]/CE (clocked by clk_out1_system_clk_wiz_0_0). Large setup violations at the end of those stages might be difficult to fix during the post-placement implementation flow and could be the result of non-optimal XDC constraints or non-optimal design architecture
Related violations: <none>

TIMING-16#372 Warning
Large setup violation  
There is a large setup violation of -1.709 ns between system_i/microblaze_0/U0/MicroBlaze_Core_I/Performance.Core/Using_DCache.Using_WriteBack.DCache_wb_I1/TAG_RAM_Module/Not_Using_XPM.Using_B36_S36.The_BRAMs[0].RAMB36_I1/Using_FPGA.Native/CLKARDCLK (clocked by clk_out1_system_clk_wiz_0_0) and system_i/microblaze_0/U0/MicroBlaze_Core_I/Performance.Core/Decode_I/MEM_DataBus_Addr_reg[2]/CE (clocked by clk_out1_system_clk_wiz_0_0). Large setup violations at the end of those stages might be difficult to fix during the post-placement implementation flow and could be the result of non-optimal XDC constraints or non-optimal design architecture
Related violations: <none>

TIMING-16#373 Warning
Large setup violation  
There is a large setup violation of -1.715 ns between system_i/microblaze_0/U0/MicroBlaze_Core_I/Performance.Core/Using_DCache.Using_WriteBack.DCache_wb_I1/TAG_RAM_Module/Not_Using_XPM.Using_B36_S36.The_BRAMs[0].RAMB36_I1/Using_FPGA.Native/CLKARDCLK (clocked by clk_out1_system_clk_wiz_0_0) and system_i/microblaze_0/U0/MicroBlaze_Core_I/Performance.Core/Data_Flow_I/Operand_Select_I/EX_Op2_reg[0]/CE (clocked by clk_out1_system_clk_wiz_0_0). Large setup violations at the end of those stages might be difficult to fix during the post-placement implementation flow and could be the result of non-optimal XDC constraints or non-optimal design architecture
Related violations: <none>

TIMING-16#374 Warning
Large setup violation  
There is a large setup violation of -1.715 ns between system_i/microblaze_0/U0/MicroBlaze_Core_I/Performance.Core/Using_DCache.Using_WriteBack.DCache_wb_I1/TAG_RAM_Module/Not_Using_XPM.Using_B36_S36.The_BRAMs[0].RAMB36_I1/Using_FPGA.Native/CLKARDCLK (clocked by clk_out1_system_clk_wiz_0_0) and system_i/microblaze_0/U0/MicroBlaze_Core_I/Performance.Core/Data_Flow_I/Operand_Select_I/EX_Op3_reg[29]/CE (clocked by clk_out1_system_clk_wiz_0_0). Large setup violations at the end of those stages might be difficult to fix during the post-placement implementation flow and could be the result of non-optimal XDC constraints or non-optimal design architecture
Related violations: <none>

TIMING-16#375 Warning
Large setup violation  
There is a large setup violation of -1.719 ns between system_i/microblaze_0/U0/MicroBlaze_Core_I/Performance.Core/Decode_I/mem_gpr_write_reg/C (clocked by clk_out1_system_clk_wiz_0_0) and system_i/microblaze_0/U0/MicroBlaze_Core_I/Performance.Core/Data_Flow_I/Operand_Select_I/EX_Op2_reg[27]/D (clocked by clk_out1_system_clk_wiz_0_0). Large setup violations at the end of those stages might be difficult to fix during the post-placement implementation flow and could be the result of non-optimal XDC constraints or non-optimal design architecture
Related violations: <none>

TIMING-16#376 Warning
Large setup violation  
There is a large setup violation of -1.724 ns between system_i/microblaze_0/U0/MicroBlaze_Core_I/Performance.Core/Data_Flow_I/Using_Stack_Protection.stack_protection_I/shr_reg_reg[21]/C (clocked by clk_out1_system_clk_wiz_0_0) and system_i/microblaze_0/U0/MicroBlaze_Core_I/Performance.Core/Data_Flow_I/exception_registers_I1/Use_LUT6.mem_BTR_reg[17]/D (clocked by clk_out1_system_clk_wiz_0_0). Large setup violations at the end of those stages might be difficult to fix during the post-placement implementation flow and could be the result of non-optimal XDC constraints or non-optimal design architecture
Related violations: <none>

TIMING-16#377 Warning
Large setup violation  
There is a large setup violation of -1.724 ns between system_i/microblaze_0/U0/MicroBlaze_Core_I/Performance.Core/Using_DCache.Using_WriteBack.DCache_wb_I1/Using_Perf_4.WB_DCache_Valid_Read_data_reg[1]/C (clocked by clk_out1_system_clk_wiz_0_0) and system_i/microblaze_0/U0/MicroBlaze_Core_I/Performance.Core/Data_Flow_I/Operand_Select_I/EX_Op1_reg[25]/D (clocked by clk_out1_system_clk_wiz_0_0). Large setup violations at the end of those stages might be difficult to fix during the post-placement implementation flow and could be the result of non-optimal XDC constraints or non-optimal design architecture
Related violations: <none>

TIMING-16#378 Warning
Large setup violation  
There is a large setup violation of -1.725 ns between system_i/microblaze_0/U0/MicroBlaze_Core_I/Performance.Core/Data_Flow_I/MUL_Unit_I/Use_HW_MUL.Using_DSP48_Architectures.No_MUL64.dsp_module_I3/Using_DSP48E1.DSP48E1_I1/Using_FPGA.DSP48E1_I1/CLK (clocked by clk_out1_system_clk_wiz_0_0) and system_i/microblaze_0/U0/MicroBlaze_Core_I/Performance.Core/Data_Flow_I/Operand_Select_I/EX_Branch_CMP_Op1_reg[4]/D (clocked by clk_out1_system_clk_wiz_0_0). Large setup violations at the end of those stages might be difficult to fix during the post-placement implementation flow and could be the result of non-optimal XDC constraints or non-optimal design architecture
Related violations: <none>

TIMING-16#379 Warning
Large setup violation  
There is a large setup violation of -1.725 ns between system_i/microblaze_0/U0/MicroBlaze_Core_I/Performance.Core/Decode_I/mem_gpr_write_reg/C (clocked by clk_out1_system_clk_wiz_0_0) and system_i/microblaze_0/U0/MicroBlaze_Core_I/Performance.Core/Data_Flow_I/Operand_Select_I/EX_Op2_reg[23]/D (clocked by clk_out1_system_clk_wiz_0_0). Large setup violations at the end of those stages might be difficult to fix during the post-placement implementation flow and could be the result of non-optimal XDC constraints or non-optimal design architecture
Related violations: <none>

TIMING-16#380 Warning
Large setup violation  
There is a large setup violation of -1.731 ns between system_i/microblaze_0/U0/MicroBlaze_Core_I/Performance.Core/Decode_I/mem_gpr_write_reg/C (clocked by clk_out1_system_clk_wiz_0_0) and system_i/microblaze_0/U0/MicroBlaze_Core_I/Performance.Core/Data_Flow_I/Operand_Select_I/EX_Op2_reg[26]/D (clocked by clk_out1_system_clk_wiz_0_0). Large setup violations at the end of those stages might be difficult to fix during the post-placement implementation flow and could be the result of non-optimal XDC constraints or non-optimal design architecture
Related violations: <none>

TIMING-16#381 Warning
Large setup violation  
There is a large setup violation of -1.732 ns between system_i/microblaze_0/U0/MicroBlaze_Core_I/Performance.Core/Decode_I/MEM_DataBus_Addr_reg[12]/C (clocked by clk_out1_system_clk_wiz_0_0) and system_i/microblaze_0/U0/MicroBlaze_Core_I/Performance.Core/Data_Flow_I/exception_registers_I1/Use_LUT6.mem_BTR_reg[5]/D (clocked by clk_out1_system_clk_wiz_0_0). Large setup violations at the end of those stages might be difficult to fix during the post-placement implementation flow and could be the result of non-optimal XDC constraints or non-optimal design architecture
Related violations: <none>

TIMING-16#382 Warning
Large setup violation  
There is a large setup violation of -1.733 ns between system_i/microblaze_0/U0/MicroBlaze_Core_I/Performance.Core/Use_DBUS.DAXI_Interface_I1/WB_DAXI_Read_Data_reg[28]/C (clocked by clk_out1_system_clk_wiz_0_0) and system_i/microblaze_0/U0/MicroBlaze_Core_I/Performance.Core/Data_Flow_I/Operand_Select_I/EX_Op3_reg[28]/D (clocked by clk_out1_system_clk_wiz_0_0). Large setup violations at the end of those stages might be difficult to fix during the post-placement implementation flow and could be the result of non-optimal XDC constraints or non-optimal design architecture
Related violations: <none>

TIMING-16#383 Warning
Large setup violation  
There is a large setup violation of -1.735 ns between system_i/microblaze_0/U0/MicroBlaze_Core_I/Performance.Core/Use_DBUS.DAXI_Interface_I1/WB_DAXI_Data_Strobe_reg/C (clocked by clk_out1_system_clk_wiz_0_0) and system_i/microblaze_0/U0/MicroBlaze_Core_I/Performance.Core/Data_Flow_I/Operand_Select_I/EX_Op3_reg[24]/D (clocked by clk_out1_system_clk_wiz_0_0). Large setup violations at the end of those stages might be difficult to fix during the post-placement implementation flow and could be the result of non-optimal XDC constraints or non-optimal design architecture
Related violations: <none>

TIMING-16#384 Warning
Large setup violation  
There is a large setup violation of -1.737 ns between system_i/microblaze_0/U0/MicroBlaze_Core_I/Performance.Core/Decode_I/mem_gpr_write_reg/C (clocked by clk_out1_system_clk_wiz_0_0) and system_i/microblaze_0/U0/MicroBlaze_Core_I/Performance.Core/Data_Flow_I/Operand_Select_I/EX_Op2_reg[12]/D (clocked by clk_out1_system_clk_wiz_0_0). Large setup violations at the end of those stages might be difficult to fix during the post-placement implementation flow and could be the result of non-optimal XDC constraints or non-optimal design architecture
Related violations: <none>

TIMING-16#385 Warning
Large setup violation  
There is a large setup violation of -1.740 ns between system_i/microblaze_0/U0/MicroBlaze_Core_I/Performance.Core/Use_DLMB.wb_dlmb_valid_read_data_reg[9]/C (clocked by clk_out1_system_clk_wiz_0_0) and system_i/microblaze_0/U0/MicroBlaze_Core_I/Performance.Core/Data_Flow_I/Operand_Select_I/EX_Op3_reg[9]/D (clocked by clk_out1_system_clk_wiz_0_0). Large setup violations at the end of those stages might be difficult to fix during the post-placement implementation flow and could be the result of non-optimal XDC constraints or non-optimal design architecture
Related violations: <none>

TIMING-16#386 Warning
Large setup violation  
There is a large setup violation of -1.741 ns between system_i/microblaze_0/U0/MicroBlaze_Core_I/Performance.Core/Using_DCache.Using_WriteBack.DCache_wb_I1/TAG_RAM_Module/Not_Using_XPM.Using_B36_S36.The_BRAMs[0].RAMB36_I1/Using_FPGA.Native/CLKARDCLK (clocked by clk_out1_system_clk_wiz_0_0) and system_i/microblaze_0/U0/MicroBlaze_Core_I/Performance.Core/Data_Flow_I/exception_registers_I1/wb_EAR_i_reg[21]/CE (clocked by clk_out1_system_clk_wiz_0_0). Large setup violations at the end of those stages might be difficult to fix during the post-placement implementation flow and could be the result of non-optimal XDC constraints or non-optimal design architecture
Related violations: <none>

TIMING-16#387 Warning
Large setup violation  
There is a large setup violation of -1.747 ns between system_i/microblaze_0/U0/MicroBlaze_Core_I/Performance.Core/Data_Flow_I/Operand_Select_I/EX_Op2_reg[4]/C (clocked by clk_out1_system_clk_wiz_0_0) and system_i/microblaze_0/U0/MicroBlaze_Core_I/Performance.Core/Data_Flow_I/Operand_Select_I/EX_Op1_reg[30]/D (clocked by clk_out1_system_clk_wiz_0_0). Large setup violations at the end of those stages might be difficult to fix during the post-placement implementation flow and could be the result of non-optimal XDC constraints or non-optimal design architecture
Related violations: <none>

TIMING-16#388 Warning
Large setup violation  
There is a large setup violation of -1.747 ns between system_i/microblaze_0/U0/MicroBlaze_Core_I/Performance.Core/Use_DBUS.DAXI_Interface_I1/WB_DAXI_Data_Strobe_reg/C (clocked by clk_out1_system_clk_wiz_0_0) and system_i/microblaze_0/U0/MicroBlaze_Core_I/Performance.Core/Data_Flow_I/Operand_Select_I/EX_Op3_reg[16]/D (clocked by clk_out1_system_clk_wiz_0_0). Large setup violations at the end of those stages might be difficult to fix during the post-placement implementation flow and could be the result of non-optimal XDC constraints or non-optimal design architecture
Related violations: <none>

TIMING-16#389 Warning
Large setup violation  
There is a large setup violation of -1.754 ns between system_i/microblaze_0/U0/MicroBlaze_Core_I/Performance.Core/Decode_I/wb_exception_i_reg/C (clocked by clk_out1_system_clk_wiz_0_0) and system_i/microblaze_0/U0/MicroBlaze_Core_I/Performance.Core/Data_Flow_I/Operand_Select_I/EX_Op2_reg[8]/D (clocked by clk_out1_system_clk_wiz_0_0). Large setup violations at the end of those stages might be difficult to fix during the post-placement implementation flow and could be the result of non-optimal XDC constraints or non-optimal design architecture
Related violations: <none>

TIMING-16#390 Warning
Large setup violation  
There is a large setup violation of -1.756 ns between system_i/microblaze_0/U0/MicroBlaze_Core_I/Performance.Core/Using_DCache.Using_WriteBack.DCache_wb_I1/TAG_RAM_Module/Not_Using_XPM.Using_B36_S36.The_BRAMs[0].RAMB36_I1/Using_FPGA.Native/CLKARDCLK (clocked by clk_out1_system_clk_wiz_0_0) and system_i/microblaze_0/U0/MicroBlaze_Core_I/Performance.Core/Data_Flow_I/Barrel_Shifter_I/Use_HW_BS.Using_BitField.Gen_Bits[14].mem_Rd_reg[14]/CE (clocked by clk_out1_system_clk_wiz_0_0). Large setup violations at the end of those stages might be difficult to fix during the post-placement implementation flow and could be the result of non-optimal XDC constraints or non-optimal design architecture
Related violations: <none>

TIMING-16#391 Warning
Large setup violation  
There is a large setup violation of -1.756 ns between system_i/microblaze_0/U0/MicroBlaze_Core_I/Performance.Core/Using_DCache.Using_WriteBack.DCache_wb_I1/TAG_RAM_Module/Not_Using_XPM.Using_B36_S36.The_BRAMs[0].RAMB36_I1/Using_FPGA.Native/CLKARDCLK (clocked by clk_out1_system_clk_wiz_0_0) and system_i/microblaze_0/U0/MicroBlaze_Core_I/Performance.Core/Data_Flow_I/Barrel_Shifter_I/Use_HW_BS.Using_BitField.Gen_Bits[2].mem_Rd_reg[2]/CE (clocked by clk_out1_system_clk_wiz_0_0). Large setup violations at the end of those stages might be difficult to fix during the post-placement implementation flow and could be the result of non-optimal XDC constraints or non-optimal design architecture
Related violations: <none>

TIMING-16#392 Warning
Large setup violation  
There is a large setup violation of -1.756 ns between system_i/microblaze_0/U0/MicroBlaze_Core_I/Performance.Core/Using_DCache.Using_WriteBack.DCache_wb_I1/TAG_RAM_Module/Not_Using_XPM.Using_B36_S36.The_BRAMs[0].RAMB36_I1/Using_FPGA.Native/CLKARDCLK (clocked by clk_out1_system_clk_wiz_0_0) and system_i/microblaze_0/U0/MicroBlaze_Core_I/Performance.Core/Data_Flow_I/Barrel_Shifter_I/Use_HW_BS.Using_BitField.Gen_Bits[7].mem_Rd_reg[7]/CE (clocked by clk_out1_system_clk_wiz_0_0). Large setup violations at the end of those stages might be difficult to fix during the post-placement implementation flow and could be the result of non-optimal XDC constraints or non-optimal design architecture
Related violations: <none>

TIMING-16#393 Warning
Large setup violation  
There is a large setup violation of -1.756 ns between system_i/microblaze_0/U0/MicroBlaze_Core_I/Performance.Core/Using_DCache.Using_WriteBack.DCache_wb_I1/TAG_RAM_Module/Not_Using_XPM.Using_B36_S36.The_BRAMs[0].RAMB36_I1/Using_FPGA.Native/CLKARDCLK (clocked by clk_out1_system_clk_wiz_0_0) and system_i/microblaze_0/U0/MicroBlaze_Core_I/Performance.Core/Data_Flow_I/Barrel_Shifter_I/Use_HW_BS.Using_BitField.Gen_Bits[9].mem_Rd_reg[9]/CE (clocked by clk_out1_system_clk_wiz_0_0). Large setup violations at the end of those stages might be difficult to fix during the post-placement implementation flow and could be the result of non-optimal XDC constraints or non-optimal design architecture
Related violations: <none>

TIMING-16#394 Warning
Large setup violation  
There is a large setup violation of -1.756 ns between system_i/microblaze_0/U0/MicroBlaze_Core_I/Performance.Core/Using_DCache.Using_WriteBack.DCache_wb_I1/TAG_RAM_Module/Not_Using_XPM.Using_B36_S36.The_BRAMs[0].RAMB36_I1/Using_FPGA.Native/CLKARDCLK (clocked by clk_out1_system_clk_wiz_0_0) and system_i/microblaze_0/U0/MicroBlaze_Core_I/Performance.Core/Data_Flow_I/exception_registers_I1/wb_EAR_i_reg[20]/CE (clocked by clk_out1_system_clk_wiz_0_0). Large setup violations at the end of those stages might be difficult to fix during the post-placement implementation flow and could be the result of non-optimal XDC constraints or non-optimal design architecture
Related violations: <none>

TIMING-16#395 Warning
Large setup violation  
There is a large setup violation of -1.756 ns between system_i/microblaze_0/U0/MicroBlaze_Core_I/Performance.Core/Using_DCache.Using_WriteBack.DCache_wb_I1/Using_Perf_4.WB_DCache_Valid_Read_data_reg[14]/C (clocked by clk_out1_system_clk_wiz_0_0) and system_i/microblaze_0/U0/MicroBlaze_Core_I/Performance.Core/Data_Flow_I/Register_File_I/Using_LUT6.All_RAM32M[11].ram32m_i/Using_FPGA.Native/RAMD_D1/I (clocked by clk_out1_system_clk_wiz_0_0). Large setup violations at the end of those stages might be difficult to fix during the post-placement implementation flow and could be the result of non-optimal XDC constraints or non-optimal design architecture
Related violations: <none>

TIMING-16#396 Warning
Large setup violation  
There is a large setup violation of -1.757 ns between system_i/microblaze_0/U0/MicroBlaze_Core_I/Performance.Core/Using_DCache.Using_WriteBack.DCache_wb_I1/TAG_RAM_Module/Not_Using_XPM.Using_B36_S36.The_BRAMs[0].RAMB36_I1/Using_FPGA.Native/CLKARDCLK (clocked by clk_out1_system_clk_wiz_0_0) and system_i/microblaze_0/U0/MicroBlaze_Core_I/Performance.Core/Data_Flow_I/exception_registers_I1/wb_EAR_i_reg[22]/CE (clocked by clk_out1_system_clk_wiz_0_0). Large setup violations at the end of those stages might be difficult to fix during the post-placement implementation flow and could be the result of non-optimal XDC constraints or non-optimal design architecture
Related violations: <none>

TIMING-16#397 Warning
Large setup violation  
There is a large setup violation of -1.757 ns between system_i/microblaze_0/U0/MicroBlaze_Core_I/Performance.Core/Using_DCache.Using_WriteBack.DCache_wb_I1/TAG_RAM_Module/Not_Using_XPM.Using_B36_S36.The_BRAMs[0].RAMB36_I1/Using_FPGA.Native/CLKARDCLK (clocked by clk_out1_system_clk_wiz_0_0) and system_i/microblaze_0/U0/MicroBlaze_Core_I/Performance.Core/Data_Flow_I/exception_registers_I1/wb_EAR_i_reg[31]/CE (clocked by clk_out1_system_clk_wiz_0_0). Large setup violations at the end of those stages might be difficult to fix during the post-placement implementation flow and could be the result of non-optimal XDC constraints or non-optimal design architecture
Related violations: <none>

TIMING-16#398 Warning
Large setup violation  
There is a large setup violation of -1.757 ns between system_i/microblaze_0/U0/MicroBlaze_Core_I/Performance.Core/Using_DCache.Using_WriteBack.DCache_wb_I1/Using_Perf_4.WB_DCache_Valid_Read_data_reg[13]/C (clocked by clk_out1_system_clk_wiz_0_0) and system_i/microblaze_0/U0/MicroBlaze_Core_I/Performance.Core/Data_Flow_I/Operand_Select_I/EX_Op3_reg[29]/D (clocked by clk_out1_system_clk_wiz_0_0). Large setup violations at the end of those stages might be difficult to fix during the post-placement implementation flow and could be the result of non-optimal XDC constraints or non-optimal design architecture
Related violations: <none>

TIMING-16#399 Warning
Large setup violation  
There is a large setup violation of -1.762 ns between system_i/microblaze_0/U0/MicroBlaze_Core_I/Performance.Core/Use_DBUS.DAXI_Interface_I1/WB_DAXI_Data_Strobe_reg/C (clocked by clk_out1_system_clk_wiz_0_0) and system_i/microblaze_0/U0/MicroBlaze_Core_I/Performance.Core/Data_Flow_I/Register_File_I/Using_LUT6.All_RAM32M[10].ram32m_i/Using_FPGA.Native/RAMA/I (clocked by clk_out1_system_clk_wiz_0_0). Large setup violations at the end of those stages might be difficult to fix during the post-placement implementation flow and could be the result of non-optimal XDC constraints or non-optimal design architecture
Related violations: <none>

TIMING-16#400 Warning
Large setup violation  
There is a large setup violation of -1.762 ns between system_i/microblaze_0/U0/MicroBlaze_Core_I/Performance.Core/Using_DCache.Using_WriteBack.DCache_wb_I1/TAG_RAM_Module/Not_Using_XPM.Using_B36_S36.The_BRAMs[0].RAMB36_I1/Using_FPGA.Native/CLKARDCLK (clocked by clk_out1_system_clk_wiz_0_0) and system_i/microblaze_0/U0/MicroBlaze_Core_I/Performance.Core/Data_Flow_I/Data_Flow_Logic_I/Gen_Bits[12].MEM_EX_Result_Inst/Using_FPGA.Native/CE (clocked by clk_out1_system_clk_wiz_0_0). Large setup violations at the end of those stages might be difficult to fix during the post-placement implementation flow and could be the result of non-optimal XDC constraints or non-optimal design architecture
Related violations: <none>

TIMING-16#401 Warning
Large setup violation  
There is a large setup violation of -1.762 ns between system_i/microblaze_0/U0/MicroBlaze_Core_I/Performance.Core/Using_DCache.Using_WriteBack.DCache_wb_I1/TAG_RAM_Module/Not_Using_XPM.Using_B36_S36.The_BRAMs[0].RAMB36_I1/Using_FPGA.Native/CLKARDCLK (clocked by clk_out1_system_clk_wiz_0_0) and system_i/microblaze_0/U0/MicroBlaze_Core_I/Performance.Core/Data_Flow_I/Data_Flow_Logic_I/Gen_Bits[15].MEM_EX_Result_Inst/Using_FPGA.Native/CE (clocked by clk_out1_system_clk_wiz_0_0). Large setup violations at the end of those stages might be difficult to fix during the post-placement implementation flow and could be the result of non-optimal XDC constraints or non-optimal design architecture
Related violations: <none>

TIMING-16#402 Warning
Large setup violation  
There is a large setup violation of -1.762 ns between system_i/microblaze_0/U0/MicroBlaze_Core_I/Performance.Core/Using_DCache.Using_WriteBack.DCache_wb_I1/TAG_RAM_Module/Not_Using_XPM.Using_B36_S36.The_BRAMs[0].RAMB36_I1/Using_FPGA.Native/CLKARDCLK (clocked by clk_out1_system_clk_wiz_0_0) and system_i/microblaze_0/U0/MicroBlaze_Core_I/Performance.Core/Data_Flow_I/Data_Flow_Logic_I/Gen_Bits[23].MEM_EX_Result_Inst/Using_FPGA.Native/CE (clocked by clk_out1_system_clk_wiz_0_0). Large setup violations at the end of those stages might be difficult to fix during the post-placement implementation flow and could be the result of non-optimal XDC constraints or non-optimal design architecture
Related violations: <none>

TIMING-16#403 Warning
Large setup violation  
There is a large setup violation of -1.762 ns between system_i/microblaze_0/U0/MicroBlaze_Core_I/Performance.Core/Using_DCache.Using_WriteBack.DCache_wb_I1/TAG_RAM_Module/Not_Using_XPM.Using_B36_S36.The_BRAMs[0].RAMB36_I1/Using_FPGA.Native/CLKARDCLK (clocked by clk_out1_system_clk_wiz_0_0) and system_i/microblaze_0/U0/MicroBlaze_Core_I/Performance.Core/Data_Flow_I/Data_Flow_Logic_I/Gen_Bits[24].MEM_EX_Result_Inst/Using_FPGA.Native/CE (clocked by clk_out1_system_clk_wiz_0_0). Large setup violations at the end of those stages might be difficult to fix during the post-placement implementation flow and could be the result of non-optimal XDC constraints or non-optimal design architecture
Related violations: <none>

TIMING-16#404 Warning
Large setup violation  
There is a large setup violation of -1.762 ns between system_i/microblaze_0/U0/MicroBlaze_Core_I/Performance.Core/Using_DCache.Using_WriteBack.DCache_wb_I1/TAG_RAM_Module/Not_Using_XPM.Using_B36_S36.The_BRAMs[0].RAMB36_I1/Using_FPGA.Native/CLKARDCLK (clocked by clk_out1_system_clk_wiz_0_0) and system_i/microblaze_0/U0/MicroBlaze_Core_I/Performance.Core/Data_Flow_I/Data_Flow_Logic_I/Gen_Bits[25].MEM_EX_Result_Inst/Using_FPGA.Native/CE (clocked by clk_out1_system_clk_wiz_0_0). Large setup violations at the end of those stages might be difficult to fix during the post-placement implementation flow and could be the result of non-optimal XDC constraints or non-optimal design architecture
Related violations: <none>

TIMING-16#405 Warning
Large setup violation  
There is a large setup violation of -1.762 ns between system_i/microblaze_0/U0/MicroBlaze_Core_I/Performance.Core/Using_DCache.Using_WriteBack.DCache_wb_I1/TAG_RAM_Module/Not_Using_XPM.Using_B36_S36.The_BRAMs[0].RAMB36_I1/Using_FPGA.Native/CLKARDCLK (clocked by clk_out1_system_clk_wiz_0_0) and system_i/microblaze_0/U0/MicroBlaze_Core_I/Performance.Core/Data_Flow_I/Data_Flow_Logic_I/Gen_Bits[8].MEM_EX_Result_Inst/Using_FPGA.Native/CE (clocked by clk_out1_system_clk_wiz_0_0). Large setup violations at the end of those stages might be difficult to fix during the post-placement implementation flow and could be the result of non-optimal XDC constraints or non-optimal design architecture
Related violations: <none>

TIMING-16#406 Warning
Large setup violation  
There is a large setup violation of -1.769 ns between system_i/microblaze_0/U0/MicroBlaze_Core_I/Performance.Core/Using_DCache.Using_WriteBack.DCache_wb_I1/TAG_RAM_Module/Not_Using_XPM.Using_B36_S36.The_BRAMs[0].RAMB36_I1/Using_FPGA.Native/CLKARDCLK (clocked by clk_out1_system_clk_wiz_0_0) and system_i/microblaze_0/U0/MicroBlaze_Core_I/Performance.Core/Decode_I/MEM_DataBus_Addr_reg[11]/CE (clocked by clk_out1_system_clk_wiz_0_0). Large setup violations at the end of those stages might be difficult to fix during the post-placement implementation flow and could be the result of non-optimal XDC constraints or non-optimal design architecture
Related violations: <none>

TIMING-16#407 Warning
Large setup violation  
There is a large setup violation of -1.769 ns between system_i/microblaze_0/U0/MicroBlaze_Core_I/Performance.Core/Using_DCache.Using_WriteBack.DCache_wb_I1/TAG_RAM_Module/Not_Using_XPM.Using_B36_S36.The_BRAMs[0].RAMB36_I1/Using_FPGA.Native/CLKARDCLK (clocked by clk_out1_system_clk_wiz_0_0) and system_i/microblaze_0/U0/MicroBlaze_Core_I/Performance.Core/Decode_I/MEM_DataBus_Addr_reg[12]/CE (clocked by clk_out1_system_clk_wiz_0_0). Large setup violations at the end of those stages might be difficult to fix during the post-placement implementation flow and could be the result of non-optimal XDC constraints or non-optimal design architecture
Related violations: <none>

TIMING-16#408 Warning
Large setup violation  
There is a large setup violation of -1.769 ns between system_i/microblaze_0/U0/MicroBlaze_Core_I/Performance.Core/Using_DCache.Using_WriteBack.DCache_wb_I1/TAG_RAM_Module/Not_Using_XPM.Using_B36_S36.The_BRAMs[0].RAMB36_I1/Using_FPGA.Native/CLKARDCLK (clocked by clk_out1_system_clk_wiz_0_0) and system_i/microblaze_0/U0/MicroBlaze_Core_I/Performance.Core/Decode_I/MEM_DataBus_Addr_reg[13]/CE (clocked by clk_out1_system_clk_wiz_0_0). Large setup violations at the end of those stages might be difficult to fix during the post-placement implementation flow and could be the result of non-optimal XDC constraints or non-optimal design architecture
Related violations: <none>

TIMING-16#409 Warning
Large setup violation  
There is a large setup violation of -1.769 ns between system_i/microblaze_0/U0/MicroBlaze_Core_I/Performance.Core/Using_DCache.Using_WriteBack.DCache_wb_I1/TAG_RAM_Module/Not_Using_XPM.Using_B36_S36.The_BRAMs[0].RAMB36_I1/Using_FPGA.Native/CLKARDCLK (clocked by clk_out1_system_clk_wiz_0_0) and system_i/microblaze_0/U0/MicroBlaze_Core_I/Performance.Core/Decode_I/MEM_DataBus_Addr_reg[14]/CE (clocked by clk_out1_system_clk_wiz_0_0). Large setup violations at the end of those stages might be difficult to fix during the post-placement implementation flow and could be the result of non-optimal XDC constraints or non-optimal design architecture
Related violations: <none>

TIMING-16#410 Warning
Large setup violation  
There is a large setup violation of -1.771 ns between system_i/microblaze_0/U0/MicroBlaze_Core_I/Performance.Core/Using_DCache.Using_WriteBack.DCache_wb_I1/TAG_RAM_Module/Not_Using_XPM.Using_B36_S36.The_BRAMs[0].RAMB36_I1/Using_FPGA.Native/CLKARDCLK (clocked by clk_out1_system_clk_wiz_0_0) and system_i/microblaze_0/U0/MicroBlaze_Core_I/Performance.Core/Data_Flow_I/exception_registers_I1/Using_FPGA_LUT6.Gen_Ret_Addr[29].WB_PC_FDRE/Using_FPGA.Native/CE (clocked by clk_out1_system_clk_wiz_0_0). Large setup violations at the end of those stages might be difficult to fix during the post-placement implementation flow and could be the result of non-optimal XDC constraints or non-optimal design architecture
Related violations: <none>

TIMING-16#411 Warning
Large setup violation  
There is a large setup violation of -1.771 ns between system_i/microblaze_0/U0/MicroBlaze_Core_I/Performance.Core/Using_DCache.Using_WriteBack.DCache_wb_I1/TAG_RAM_Module/Not_Using_XPM.Using_B36_S36.The_BRAMs[0].RAMB36_I1/Using_FPGA.Native/CLKARDCLK (clocked by clk_out1_system_clk_wiz_0_0) and system_i/microblaze_0/U0/MicroBlaze_Core_I/Performance.Core/Data_Flow_I/exception_registers_I1/Using_FPGA_LUT6.Gen_Ret_Addr[30].WB_PC_FDRE/Using_FPGA.Native/CE (clocked by clk_out1_system_clk_wiz_0_0). Large setup violations at the end of those stages might be difficult to fix during the post-placement implementation flow and could be the result of non-optimal XDC constraints or non-optimal design architecture
Related violations: <none>

TIMING-16#412 Warning
Large setup violation  
There is a large setup violation of -1.771 ns between system_i/microblaze_0/U0/MicroBlaze_Core_I/Performance.Core/Using_DCache.Using_WriteBack.DCache_wb_I1/TAG_RAM_Module/Not_Using_XPM.Using_B36_S36.The_BRAMs[0].RAMB36_I1/Using_FPGA.Native/CLKARDCLK (clocked by clk_out1_system_clk_wiz_0_0) and system_i/microblaze_0/U0/MicroBlaze_Core_I/Performance.Core/Data_Flow_I/exception_registers_I1/Using_FPGA_LUT6.Gen_Ret_Addr[31].WB_PC_FDRE/Using_FPGA.Native/CE (clocked by clk_out1_system_clk_wiz_0_0). Large setup violations at the end of those stages might be difficult to fix during the post-placement implementation flow and could be the result of non-optimal XDC constraints or non-optimal design architecture
Related violations: <none>

TIMING-16#413 Warning
Large setup violation  
There is a large setup violation of -1.773 ns between system_i/microblaze_0/U0/MicroBlaze_Core_I/Performance.Core/Using_DCache.Using_WriteBack.DCache_wb_I1/TAG_RAM_Module/Not_Using_XPM.Using_B36_S36.The_BRAMs[0].RAMB36_I1/Using_FPGA.Native/CLKARDCLK (clocked by clk_out1_system_clk_wiz_0_0) and system_i/microblaze_0/U0/MicroBlaze_Core_I/Performance.Core/Data_Flow_I/msr_reg_i/OF_EX_MSR_Bits[29].Using_FDR.MSR_ex_I/Using_FPGA.Native/D (clocked by clk_out1_system_clk_wiz_0_0). Large setup violations at the end of those stages might be difficult to fix during the post-placement implementation flow and could be the result of non-optimal XDC constraints or non-optimal design architecture
Related violations: <none>

TIMING-16#414 Warning
Large setup violation  
There is a large setup violation of -1.774 ns between system_i/microblaze_0/U0/MicroBlaze_Core_I/Performance.Core/Using_DCache.Using_WriteBack.DCache_wb_I1/TAG_RAM_Module/Not_Using_XPM.Using_B36_S36.The_BRAMs[0].RAMB36_I1/Using_FPGA.Native/CLKARDCLK (clocked by clk_out1_system_clk_wiz_0_0) and system_i/microblaze_0/U0/MicroBlaze_Core_I/Performance.Core/Data_Flow_I/msr_reg_i/MEM_MSR_Bits[30].Using_FDR.MSR_I/Using_FPGA.Native/D (clocked by clk_out1_system_clk_wiz_0_0). Large setup violations at the end of those stages might be difficult to fix during the post-placement implementation flow and could be the result of non-optimal XDC constraints or non-optimal design architecture
Related violations: <none>

TIMING-16#415 Warning
Large setup violation  
There is a large setup violation of -1.775 ns between system_i/microblaze_0/U0/MicroBlaze_Core_I/Performance.Core/Decode_I/mem_gpr_write_reg/C (clocked by clk_out1_system_clk_wiz_0_0) and system_i/microblaze_0/U0/MicroBlaze_Core_I/Performance.Core/Data_Flow_I/Operand_Select_I/EX_Op2_reg[21]/D (clocked by clk_out1_system_clk_wiz_0_0). Large setup violations at the end of those stages might be difficult to fix during the post-placement implementation flow and could be the result of non-optimal XDC constraints or non-optimal design architecture
Related violations: <none>

TIMING-16#416 Warning
Large setup violation  
There is a large setup violation of -1.781 ns between system_i/microblaze_0/U0/MicroBlaze_Core_I/Performance.Core/Decode_I/MEM_DataBus_Addr_reg[12]/C (clocked by clk_out1_system_clk_wiz_0_0) and system_i/microblaze_0/U0/MicroBlaze_Core_I/Performance.Core/Data_Flow_I/exception_registers_I1/Use_LUT6.mem_BTR_reg[21]/D (clocked by clk_out1_system_clk_wiz_0_0). Large setup violations at the end of those stages might be difficult to fix during the post-placement implementation flow and could be the result of non-optimal XDC constraints or non-optimal design architecture
Related violations: <none>

TIMING-16#417 Warning
Large setup violation  
There is a large setup violation of -1.784 ns between system_i/microblaze_0/U0/MicroBlaze_Core_I/Performance.Core/Using_DCache.Using_WriteBack.DCache_wb_I1/Using_Perf_4.WB_DCache_Valid_Read_data_reg[13]/C (clocked by clk_out1_system_clk_wiz_0_0) and system_i/microblaze_0/U0/MicroBlaze_Core_I/Performance.Core/Data_Flow_I/Operand_Select_I/EX_Branch_CMP_Op1_reg[29]/D (clocked by clk_out1_system_clk_wiz_0_0). Large setup violations at the end of those stages might be difficult to fix during the post-placement implementation flow and could be the result of non-optimal XDC constraints or non-optimal design architecture
Related violations: <none>

TIMING-16#418 Warning
Large setup violation  
There is a large setup violation of -1.785 ns between system_i/microblaze_0/U0/MicroBlaze_Core_I/Performance.Core/Using_DCache.Using_WriteBack.DCache_wb_I1/TAG_RAM_Module/Not_Using_XPM.Using_B36_S36.The_BRAMs[0].RAMB36_I1/Using_FPGA.Native/CLKARDCLK (clocked by clk_out1_system_clk_wiz_0_0) and system_i/microblaze_0/U0/MicroBlaze_Core_I/Performance.Core/Data_Flow_I/Barrel_Shifter_I/Use_HW_BS.Using_BitField.Gen_Bits[17].mem_Rd_reg[17]/CE (clocked by clk_out1_system_clk_wiz_0_0). Large setup violations at the end of those stages might be difficult to fix during the post-placement implementation flow and could be the result of non-optimal XDC constraints or non-optimal design architecture
Related violations: <none>

TIMING-16#419 Warning
Large setup violation  
There is a large setup violation of -1.785 ns between system_i/microblaze_0/U0/MicroBlaze_Core_I/Performance.Core/Using_DCache.Using_WriteBack.DCache_wb_I1/TAG_RAM_Module/Not_Using_XPM.Using_B36_S36.The_BRAMs[0].RAMB36_I1/Using_FPGA.Native/CLKARDCLK (clocked by clk_out1_system_clk_wiz_0_0) and system_i/microblaze_0/U0/MicroBlaze_Core_I/Performance.Core/Data_Flow_I/Barrel_Shifter_I/Use_HW_BS.Using_BitField.Gen_Bits[23].mem_Rd_reg[23]/CE (clocked by clk_out1_system_clk_wiz_0_0). Large setup violations at the end of those stages might be difficult to fix during the post-placement implementation flow and could be the result of non-optimal XDC constraints or non-optimal design architecture
Related violations: <none>

TIMING-16#420 Warning
Large setup violation  
There is a large setup violation of -1.785 ns between system_i/microblaze_0/U0/MicroBlaze_Core_I/Performance.Core/Using_DCache.Using_WriteBack.DCache_wb_I1/TAG_RAM_Module/Not_Using_XPM.Using_B36_S36.The_BRAMs[0].RAMB36_I1/Using_FPGA.Native/CLKARDCLK (clocked by clk_out1_system_clk_wiz_0_0) and system_i/microblaze_0/U0/MicroBlaze_Core_I/Performance.Core/Data_Flow_I/Barrel_Shifter_I/Use_HW_BS.Using_BitField.Gen_Bits[25].mem_Rd_reg[25]/CE (clocked by clk_out1_system_clk_wiz_0_0). Large setup violations at the end of those stages might be difficult to fix during the post-placement implementation flow and could be the result of non-optimal XDC constraints or non-optimal design architecture
Related violations: <none>

TIMING-16#421 Warning
Large setup violation  
There is a large setup violation of -1.785 ns between system_i/microblaze_0/U0/MicroBlaze_Core_I/Performance.Core/Using_DCache.Using_WriteBack.DCache_wb_I1/TAG_RAM_Module/Not_Using_XPM.Using_B36_S36.The_BRAMs[0].RAMB36_I1/Using_FPGA.Native/CLKARDCLK (clocked by clk_out1_system_clk_wiz_0_0) and system_i/microblaze_0/U0/MicroBlaze_Core_I/Performance.Core/Data_Flow_I/Barrel_Shifter_I/Use_HW_BS.Using_BitField.Gen_Bits[31].mem_Rd_reg[31]/CE (clocked by clk_out1_system_clk_wiz_0_0). Large setup violations at the end of those stages might be difficult to fix during the post-placement implementation flow and could be the result of non-optimal XDC constraints or non-optimal design architecture
Related violations: <none>

TIMING-16#422 Warning
Large setup violation  
There is a large setup violation of -1.785 ns between system_i/microblaze_0/U0/MicroBlaze_Core_I/Performance.Core/Using_DCache.Using_WriteBack.DCache_wb_I1/TAG_RAM_Module/Not_Using_XPM.Using_B36_S36.The_BRAMs[0].RAMB36_I1/Using_FPGA.Native/CLKARDCLK (clocked by clk_out1_system_clk_wiz_0_0) and system_i/microblaze_0/U0/MicroBlaze_Core_I/Performance.Core/Data_Flow_I/exception_registers_I1/WB_EAR_reg[13]/CE (clocked by clk_out1_system_clk_wiz_0_0). Large setup violations at the end of those stages might be difficult to fix during the post-placement implementation flow and could be the result of non-optimal XDC constraints or non-optimal design architecture
Related violations: <none>

TIMING-16#423 Warning
Large setup violation  
There is a large setup violation of -1.785 ns between system_i/microblaze_0/U0/MicroBlaze_Core_I/Performance.Core/Using_DCache.Using_WriteBack.DCache_wb_I1/TAG_RAM_Module/Not_Using_XPM.Using_B36_S36.The_BRAMs[0].RAMB36_I1/Using_FPGA.Native/CLKARDCLK (clocked by clk_out1_system_clk_wiz_0_0) and system_i/microblaze_0/U0/MicroBlaze_Core_I/Performance.Core/Data_Flow_I/exception_registers_I1/WB_EAR_reg[19]/CE (clocked by clk_out1_system_clk_wiz_0_0). Large setup violations at the end of those stages might be difficult to fix during the post-placement implementation flow and could be the result of non-optimal XDC constraints or non-optimal design architecture
Related violations: <none>

TIMING-16#424 Warning
Large setup violation  
There is a large setup violation of -1.785 ns between system_i/microblaze_0/U0/MicroBlaze_Core_I/Performance.Core/Using_DCache.Using_WriteBack.DCache_wb_I1/TAG_RAM_Module/Not_Using_XPM.Using_B36_S36.The_BRAMs[0].RAMB36_I1/Using_FPGA.Native/CLKARDCLK (clocked by clk_out1_system_clk_wiz_0_0) and system_i/microblaze_0/U0/MicroBlaze_Core_I/Performance.Core/Data_Flow_I/exception_registers_I1/WB_EAR_reg[22]/CE (clocked by clk_out1_system_clk_wiz_0_0). Large setup violations at the end of those stages might be difficult to fix during the post-placement implementation flow and could be the result of non-optimal XDC constraints or non-optimal design architecture
Related violations: <none>

TIMING-16#425 Warning
Large setup violation  
There is a large setup violation of -1.785 ns between system_i/microblaze_0/U0/MicroBlaze_Core_I/Performance.Core/Using_DCache.Using_WriteBack.DCache_wb_I1/TAG_RAM_Module/Not_Using_XPM.Using_B36_S36.The_BRAMs[0].RAMB36_I1/Using_FPGA.Native/CLKARDCLK (clocked by clk_out1_system_clk_wiz_0_0) and system_i/microblaze_0/U0/MicroBlaze_Core_I/Performance.Core/Data_Flow_I/exception_registers_I1/WB_EAR_reg[25]/CE (clocked by clk_out1_system_clk_wiz_0_0). Large setup violations at the end of those stages might be difficult to fix during the post-placement implementation flow and could be the result of non-optimal XDC constraints or non-optimal design architecture
Related violations: <none>

TIMING-16#426 Warning
Large setup violation  
There is a large setup violation of -1.785 ns between system_i/microblaze_0/U0/MicroBlaze_Core_I/Performance.Core/Using_DCache.Using_WriteBack.DCache_wb_I1/TAG_RAM_Module/Not_Using_XPM.Using_B36_S36.The_BRAMs[0].RAMB36_I1/Using_FPGA.Native/CLKARDCLK (clocked by clk_out1_system_clk_wiz_0_0) and system_i/microblaze_0/U0/MicroBlaze_Core_I/Performance.Core/Data_Flow_I/exception_registers_I1/WB_EAR_reg[28]/CE (clocked by clk_out1_system_clk_wiz_0_0). Large setup violations at the end of those stages might be difficult to fix during the post-placement implementation flow and could be the result of non-optimal XDC constraints or non-optimal design architecture
Related violations: <none>

TIMING-16#427 Warning
Large setup violation  
There is a large setup violation of -1.785 ns between system_i/microblaze_0/U0/MicroBlaze_Core_I/Performance.Core/Using_DCache.Using_WriteBack.DCache_wb_I1/TAG_RAM_Module/Not_Using_XPM.Using_B36_S36.The_BRAMs[0].RAMB36_I1/Using_FPGA.Native/CLKARDCLK (clocked by clk_out1_system_clk_wiz_0_0) and system_i/microblaze_0/U0/MicroBlaze_Core_I/Performance.Core/Data_Flow_I/exception_registers_I1/WB_EAR_reg[31]/CE (clocked by clk_out1_system_clk_wiz_0_0). Large setup violations at the end of those stages might be difficult to fix during the post-placement implementation flow and could be the result of non-optimal XDC constraints or non-optimal design architecture
Related violations: <none>

TIMING-16#428 Warning
Large setup violation  
There is a large setup violation of -1.785 ns between system_i/microblaze_0/U0/MicroBlaze_Core_I/Performance.Core/Using_DCache.Using_WriteBack.DCache_wb_I1/TAG_RAM_Module/Not_Using_XPM.Using_B36_S36.The_BRAMs[0].RAMB36_I1/Using_FPGA.Native/CLKARDCLK (clocked by clk_out1_system_clk_wiz_0_0) and system_i/microblaze_0/U0/MicroBlaze_Core_I/Performance.Core/Data_Flow_I/exception_registers_I1/WB_EAR_reg[6]/CE (clocked by clk_out1_system_clk_wiz_0_0). Large setup violations at the end of those stages might be difficult to fix during the post-placement implementation flow and could be the result of non-optimal XDC constraints or non-optimal design architecture
Related violations: <none>

TIMING-16#429 Warning
Large setup violation  
There is a large setup violation of -1.787 ns between system_i/microblaze_0/U0/MicroBlaze_Core_I/Performance.Core/Using_DCache.Using_WriteBack.DCache_wb_I1/TAG_RAM_Module/Not_Using_XPM.Using_B36_S36.The_BRAMs[0].RAMB36_I1/Using_FPGA.Native/CLKARDCLK (clocked by clk_out1_system_clk_wiz_0_0) and system_i/microblaze_0/U0/MicroBlaze_Core_I/Performance.Core/Decode_I/MEM_DataBus_Addr_reg[10]/CE (clocked by clk_out1_system_clk_wiz_0_0). Large setup violations at the end of those stages might be difficult to fix during the post-placement implementation flow and could be the result of non-optimal XDC constraints or non-optimal design architecture
Related violations: <none>

TIMING-16#430 Warning
Large setup violation  
There is a large setup violation of -1.787 ns between system_i/microblaze_0/U0/MicroBlaze_Core_I/Performance.Core/Using_DCache.Using_WriteBack.DCache_wb_I1/TAG_RAM_Module/Not_Using_XPM.Using_B36_S36.The_BRAMs[0].RAMB36_I1/Using_FPGA.Native/CLKARDCLK (clocked by clk_out1_system_clk_wiz_0_0) and system_i/microblaze_0/U0/MicroBlaze_Core_I/Performance.Core/Decode_I/MEM_DataBus_Addr_reg[7]/CE (clocked by clk_out1_system_clk_wiz_0_0). Large setup violations at the end of those stages might be difficult to fix during the post-placement implementation flow and could be the result of non-optimal XDC constraints or non-optimal design architecture
Related violations: <none>

TIMING-16#431 Warning
Large setup violation  
There is a large setup violation of -1.787 ns between system_i/microblaze_0/U0/MicroBlaze_Core_I/Performance.Core/Using_DCache.Using_WriteBack.DCache_wb_I1/TAG_RAM_Module/Not_Using_XPM.Using_B36_S36.The_BRAMs[0].RAMB36_I1/Using_FPGA.Native/CLKARDCLK (clocked by clk_out1_system_clk_wiz_0_0) and system_i/microblaze_0/U0/MicroBlaze_Core_I/Performance.Core/Decode_I/MEM_DataBus_Addr_reg[8]/CE (clocked by clk_out1_system_clk_wiz_0_0). Large setup violations at the end of those stages might be difficult to fix during the post-placement implementation flow and could be the result of non-optimal XDC constraints or non-optimal design architecture
Related violations: <none>

TIMING-16#432 Warning
Large setup violation  
There is a large setup violation of -1.787 ns between system_i/microblaze_0/U0/MicroBlaze_Core_I/Performance.Core/Using_DCache.Using_WriteBack.DCache_wb_I1/TAG_RAM_Module/Not_Using_XPM.Using_B36_S36.The_BRAMs[0].RAMB36_I1/Using_FPGA.Native/CLKARDCLK (clocked by clk_out1_system_clk_wiz_0_0) and system_i/microblaze_0/U0/MicroBlaze_Core_I/Performance.Core/Decode_I/MEM_DataBus_Addr_reg[9]/CE (clocked by clk_out1_system_clk_wiz_0_0). Large setup violations at the end of those stages might be difficult to fix during the post-placement implementation flow and could be the result of non-optimal XDC constraints or non-optimal design architecture
Related violations: <none>

TIMING-16#433 Warning
Large setup violation  
There is a large setup violation of -1.790 ns between system_i/microblaze_0/U0/MicroBlaze_Core_I/Performance.Core/Using_DCache.Using_WriteBack.DCache_wb_I1/Using_Perf_4.WB_DCache_Valid_Read_data_reg[27]/C (clocked by clk_out1_system_clk_wiz_0_0) and system_i/microblaze_0/U0/MicroBlaze_Core_I/Performance.Core/Data_Flow_I/Register_File_I/Using_LUT6.All_RAM32M[9].ram32m_i/Using_FPGA.Native/RAMC/I (clocked by clk_out1_system_clk_wiz_0_0). Large setup violations at the end of those stages might be difficult to fix during the post-placement implementation flow and could be the result of non-optimal XDC constraints or non-optimal design architecture
Related violations: <none>

TIMING-16#434 Warning
Large setup violation  
There is a large setup violation of -1.793 ns between system_i/microblaze_0/U0/MicroBlaze_Core_I/Performance.Core/Using_DCache.Using_WriteBack.DCache_wb_I1/TAG_RAM_Module/Not_Using_XPM.Using_B36_S36.The_BRAMs[0].RAMB36_I1/Using_FPGA.Native/CLKARDCLK (clocked by clk_out1_system_clk_wiz_0_0) and system_i/microblaze_0/U0/MicroBlaze_Core_I/Performance.Core/Data_Flow_I/exception_registers_I1/WB_ESR_reg[19]/CE (clocked by clk_out1_system_clk_wiz_0_0). Large setup violations at the end of those stages might be difficult to fix during the post-placement implementation flow and could be the result of non-optimal XDC constraints or non-optimal design architecture
Related violations: <none>

TIMING-16#435 Warning
Large setup violation  
There is a large setup violation of -1.793 ns between system_i/microblaze_0/U0/MicroBlaze_Core_I/Performance.Core/Using_DCache.Using_WriteBack.DCache_wb_I1/TAG_RAM_Module/Not_Using_XPM.Using_B36_S36.The_BRAMs[0].RAMB36_I1/Using_FPGA.Native/CLKARDCLK (clocked by clk_out1_system_clk_wiz_0_0) and system_i/microblaze_0/U0/MicroBlaze_Core_I/Performance.Core/Data_Flow_I/exception_registers_I1/WB_ESR_reg[20]/CE (clocked by clk_out1_system_clk_wiz_0_0). Large setup violations at the end of those stages might be difficult to fix during the post-placement implementation flow and could be the result of non-optimal XDC constraints or non-optimal design architecture
Related violations: <none>

TIMING-16#436 Warning
Large setup violation  
There is a large setup violation of -1.793 ns between system_i/microblaze_0/U0/MicroBlaze_Core_I/Performance.Core/Using_DCache.Using_WriteBack.DCache_wb_I1/TAG_RAM_Module/Not_Using_XPM.Using_B36_S36.The_BRAMs[0].RAMB36_I1/Using_FPGA.Native/CLKARDCLK (clocked by clk_out1_system_clk_wiz_0_0) and system_i/microblaze_0/U0/MicroBlaze_Core_I/Performance.Core/Data_Flow_I/exception_registers_I1/WB_ESR_reg[21]/CE (clocked by clk_out1_system_clk_wiz_0_0). Large setup violations at the end of those stages might be difficult to fix during the post-placement implementation flow and could be the result of non-optimal XDC constraints or non-optimal design architecture
Related violations: <none>

TIMING-16#437 Warning
Large setup violation  
There is a large setup violation of -1.793 ns between system_i/microblaze_0/U0/MicroBlaze_Core_I/Performance.Core/Using_DCache.Using_WriteBack.DCache_wb_I1/TAG_RAM_Module/Not_Using_XPM.Using_B36_S36.The_BRAMs[0].RAMB36_I1/Using_FPGA.Native/CLKARDCLK (clocked by clk_out1_system_clk_wiz_0_0) and system_i/microblaze_0/U0/MicroBlaze_Core_I/Performance.Core/Data_Flow_I/exception_registers_I1/WB_ESR_reg[22]/CE (clocked by clk_out1_system_clk_wiz_0_0). Large setup violations at the end of those stages might be difficult to fix during the post-placement implementation flow and could be the result of non-optimal XDC constraints or non-optimal design architecture
Related violations: <none>

TIMING-16#438 Warning
Large setup violation  
There is a large setup violation of -1.793 ns between system_i/microblaze_0/U0/MicroBlaze_Core_I/Performance.Core/Using_DCache.Using_WriteBack.DCache_wb_I1/TAG_RAM_Module/Not_Using_XPM.Using_B36_S36.The_BRAMs[0].RAMB36_I1/Using_FPGA.Native/CLKARDCLK (clocked by clk_out1_system_clk_wiz_0_0) and system_i/microblaze_0/U0/MicroBlaze_Core_I/Performance.Core/Data_Flow_I/exception_registers_I1/WB_ESR_reg[25]/CE (clocked by clk_out1_system_clk_wiz_0_0). Large setup violations at the end of those stages might be difficult to fix during the post-placement implementation flow and could be the result of non-optimal XDC constraints or non-optimal design architecture
Related violations: <none>

TIMING-16#439 Warning
Large setup violation  
There is a large setup violation of -1.793 ns between system_i/microblaze_0/U0/MicroBlaze_Core_I/Performance.Core/Using_DCache.Using_WriteBack.DCache_wb_I1/TAG_RAM_Module/Not_Using_XPM.Using_B36_S36.The_BRAMs[0].RAMB36_I1/Using_FPGA.Native/CLKARDCLK (clocked by clk_out1_system_clk_wiz_0_0) and system_i/microblaze_0/U0/MicroBlaze_Core_I/Performance.Core/Data_Flow_I/exception_registers_I1/WB_ESR_reg[28]/CE (clocked by clk_out1_system_clk_wiz_0_0). Large setup violations at the end of those stages might be difficult to fix during the post-placement implementation flow and could be the result of non-optimal XDC constraints or non-optimal design architecture
Related violations: <none>

TIMING-16#440 Warning
Large setup violation  
There is a large setup violation of -1.793 ns between system_i/microblaze_0/U0/MicroBlaze_Core_I/Performance.Core/Using_DCache.Using_WriteBack.DCache_wb_I1/TAG_RAM_Module/Not_Using_XPM.Using_B36_S36.The_BRAMs[0].RAMB36_I1/Using_FPGA.Native/CLKARDCLK (clocked by clk_out1_system_clk_wiz_0_0) and system_i/microblaze_0/U0/MicroBlaze_Core_I/Performance.Core/Data_Flow_I/exception_registers_I1/WB_ESR_reg[31]/CE (clocked by clk_out1_system_clk_wiz_0_0). Large setup violations at the end of those stages might be difficult to fix during the post-placement implementation flow and could be the result of non-optimal XDC constraints or non-optimal design architecture
Related violations: <none>

TIMING-16#441 Warning
Large setup violation  
There is a large setup violation of -1.795 ns between system_i/microblaze_0/U0/MicroBlaze_Core_I/Performance.Core/Using_DCache.Using_WriteBack.DCache_wb_I1/TAG_RAM_Module/Not_Using_XPM.Using_B36_S36.The_BRAMs[0].RAMB36_I1/Using_FPGA.Native/CLKARDCLK (clocked by clk_out1_system_clk_wiz_0_0) and system_i/microblaze_0/U0/MicroBlaze_Core_I/Performance.Core/Decode_I/MEM_DataBus_Access_reg/D (clocked by clk_out1_system_clk_wiz_0_0). Large setup violations at the end of those stages might be difficult to fix during the post-placement implementation flow and could be the result of non-optimal XDC constraints or non-optimal design architecture
Related violations: <none>

TIMING-16#442 Warning
Large setup violation  
There is a large setup violation of -1.797 ns between system_i/microblaze_0/U0/MicroBlaze_Core_I/Performance.Core/Decode_I/mem_gpr_write_reg/C (clocked by clk_out1_system_clk_wiz_0_0) and system_i/microblaze_0/U0/MicroBlaze_Core_I/Performance.Core/Data_Flow_I/Operand_Select_I/EX_Op2_reg[16]/D (clocked by clk_out1_system_clk_wiz_0_0). Large setup violations at the end of those stages might be difficult to fix during the post-placement implementation flow and could be the result of non-optimal XDC constraints or non-optimal design architecture
Related violations: <none>

TIMING-16#443 Warning
Large setup violation  
There is a large setup violation of -1.797 ns between system_i/microblaze_0/U0/MicroBlaze_Core_I/Performance.Core/Using_DCache.Using_WriteBack.DCache_wb_I1/TAG_RAM_Module/Not_Using_XPM.Using_B36_S36.The_BRAMs[0].RAMB36_I1/Using_FPGA.Native/CLKARDCLK (clocked by clk_out1_system_clk_wiz_0_0) and system_i/microblaze_0/U0/MicroBlaze_Core_I/Performance.Core/Data_Flow_I/MUL_Unit_I/Use_HW_MUL.Using_DSP48_Architectures.No_MUL64.dsp_module_I3/Using_DSP48E1.DSP48E1_I1/Using_FPGA.DSP48E1_I1/CEM (clocked by clk_out1_system_clk_wiz_0_0). Large setup violations at the end of those stages might be difficult to fix during the post-placement implementation flow and could be the result of non-optimal XDC constraints or non-optimal design architecture
Related violations: <none>

TIMING-16#444 Warning
Large setup violation  
There is a large setup violation of -1.801 ns between system_i/microblaze_0/U0/MicroBlaze_Core_I/Performance.Core/Use_DLMB.wb_dlmb_valid_read_data_reg[19]/C (clocked by clk_out1_system_clk_wiz_0_0) and system_i/microblaze_0/U0/MicroBlaze_Core_I/Performance.Core/Data_Flow_I/Operand_Select_I/EX_Branch_CMP_Op1_reg[11]/D (clocked by clk_out1_system_clk_wiz_0_0). Large setup violations at the end of those stages might be difficult to fix during the post-placement implementation flow and could be the result of non-optimal XDC constraints or non-optimal design architecture
Related violations: <none>

TIMING-16#445 Warning
Large setup violation  
There is a large setup violation of -1.802 ns between system_i/microblaze_0/U0/MicroBlaze_Core_I/Performance.Core/Using_DCache.Using_WriteBack.DCache_wb_I1/Using_Perf_4.WB_DCache_Valid_Read_data_reg[27]/C (clocked by clk_out1_system_clk_wiz_0_0) and system_i/microblaze_0/U0/MicroBlaze_Core_I/Performance.Core/Data_Flow_I/Register_File_I/Using_LUT6.All_RAM32M[9].ram32m_i/Using_FPGA.Native/RAMB/I (clocked by clk_out1_system_clk_wiz_0_0). Large setup violations at the end of those stages might be difficult to fix during the post-placement implementation flow and could be the result of non-optimal XDC constraints or non-optimal design architecture
Related violations: <none>

TIMING-16#446 Warning
Large setup violation  
There is a large setup violation of -1.804 ns between system_i/microblaze_0/U0/MicroBlaze_Core_I/Performance.Core/Using_DCache.Using_WriteBack.DCache_wb_I1/TAG_RAM_Module/Not_Using_XPM.Using_B36_S36.The_BRAMs[0].RAMB36_I1/Using_FPGA.Native/CLKARDCLK (clocked by clk_out1_system_clk_wiz_0_0) and system_i/microblaze_0/U0/MicroBlaze_Core_I/Performance.Core/Data_Flow_I/Barrel_Shifter_I/Use_HW_BS.Using_BitField.Gen_Bits[15].mem_Rd_reg[15]/CE (clocked by clk_out1_system_clk_wiz_0_0). Large setup violations at the end of those stages might be difficult to fix during the post-placement implementation flow and could be the result of non-optimal XDC constraints or non-optimal design architecture
Related violations: <none>

TIMING-16#447 Warning
Large setup violation  
There is a large setup violation of -1.804 ns between system_i/microblaze_0/U0/MicroBlaze_Core_I/Performance.Core/Using_DCache.Using_WriteBack.DCache_wb_I1/TAG_RAM_Module/Not_Using_XPM.Using_B36_S36.The_BRAMs[0].RAMB36_I1/Using_FPGA.Native/CLKARDCLK (clocked by clk_out1_system_clk_wiz_0_0) and system_i/microblaze_0/U0/MicroBlaze_Core_I/Performance.Core/Data_Flow_I/Barrel_Shifter_I/Use_HW_BS.Using_BitField.Gen_Bits[28].mem_Rd_reg[28]/CE (clocked by clk_out1_system_clk_wiz_0_0). Large setup violations at the end of those stages might be difficult to fix during the post-placement implementation flow and could be the result of non-optimal XDC constraints or non-optimal design architecture
Related violations: <none>

TIMING-16#448 Warning
Large setup violation  
There is a large setup violation of -1.805 ns between system_i/microblaze_0/U0/MicroBlaze_Core_I/Performance.Core/Using_DCache.Using_WriteBack.DCache_wb_I1/Using_Perf_4.WB_DCache_Valid_Read_data_reg[14]/C (clocked by clk_out1_system_clk_wiz_0_0) and system_i/microblaze_0/U0/MicroBlaze_Core_I/Performance.Core/Data_Flow_I/Register_File_I/Using_LUT6.All_RAM32M[11].ram32m_i/Using_FPGA.Native/RAMC_D1/I (clocked by clk_out1_system_clk_wiz_0_0). Large setup violations at the end of those stages might be difficult to fix during the post-placement implementation flow and could be the result of non-optimal XDC constraints or non-optimal design architecture
Related violations: <none>

TIMING-16#449 Warning
Large setup violation  
There is a large setup violation of -1.811 ns between system_i/microblaze_0/U0/MicroBlaze_Core_I/Performance.Core/Use_DBUS.DAXI_Interface_I1/WB_DAXI_Data_Strobe_reg/C (clocked by clk_out1_system_clk_wiz_0_0) and system_i/microblaze_0/U0/MicroBlaze_Core_I/Performance.Core/Data_Flow_I/Operand_Select_I/EX_Op3_reg[6]/D (clocked by clk_out1_system_clk_wiz_0_0). Large setup violations at the end of those stages might be difficult to fix during the post-placement implementation flow and could be the result of non-optimal XDC constraints or non-optimal design architecture
Related violations: <none>

TIMING-16#450 Warning
Large setup violation  
There is a large setup violation of -1.816 ns between system_i/microblaze_0/U0/MicroBlaze_Core_I/Performance.Core/Using_DCache.Using_WriteBack.DCache_wb_I1/TAG_RAM_Module/Not_Using_XPM.Using_B36_S36.The_BRAMs[0].RAMB36_I1/Using_FPGA.Native/CLKARDCLK (clocked by clk_out1_system_clk_wiz_0_0) and system_i/microblaze_0/U0/MicroBlaze_Core_I/Performance.Core/Data_Flow_I/exception_registers_I1/Use_LUT6.mem_BTR_reg[23]/CE (clocked by clk_out1_system_clk_wiz_0_0). Large setup violations at the end of those stages might be difficult to fix during the post-placement implementation flow and could be the result of non-optimal XDC constraints or non-optimal design architecture
Related violations: <none>

TIMING-16#451 Warning
Large setup violation  
There is a large setup violation of -1.816 ns between system_i/microblaze_0/U0/MicroBlaze_Core_I/Performance.Core/Using_DCache.Using_WriteBack.DCache_wb_I1/TAG_RAM_Module/Not_Using_XPM.Using_B36_S36.The_BRAMs[0].RAMB36_I1/Using_FPGA.Native/CLKARDCLK (clocked by clk_out1_system_clk_wiz_0_0) and system_i/microblaze_0/U0/MicroBlaze_Core_I/Performance.Core/Data_Flow_I/exception_registers_I1/Use_LUT6.mem_BTR_reg[7]/CE (clocked by clk_out1_system_clk_wiz_0_0). Large setup violations at the end of those stages might be difficult to fix during the post-placement implementation flow and could be the result of non-optimal XDC constraints or non-optimal design architecture
Related violations: <none>

TIMING-16#452 Warning
Large setup violation  
There is a large setup violation of -1.817 ns between system_i/microblaze_0/U0/MicroBlaze_Core_I/Performance.Core/Data_Flow_I/Operand_Select_I/EX_Op1_reg[29]/C (clocked by clk_out1_system_clk_wiz_0_0) and system_i/microblaze_0/U0/MicroBlaze_Core_I/Performance.Core/Data_Flow_I/Operand_Select_I/EX_Op3_reg[23]/D (clocked by clk_out1_system_clk_wiz_0_0). Large setup violations at the end of those stages might be difficult to fix during the post-placement implementation flow and could be the result of non-optimal XDC constraints or non-optimal design architecture
Related violations: <none>

TIMING-16#453 Warning
Large setup violation  
There is a large setup violation of -1.818 ns between system_i/microblaze_0/U0/MicroBlaze_Core_I/Performance.Core/Using_DCache.Using_WriteBack.DCache_wb_I1/TAG_RAM_Module/Not_Using_XPM.Using_B36_S36.The_BRAMs[0].RAMB36_I1/Using_FPGA.Native/CLKARDCLK (clocked by clk_out1_system_clk_wiz_0_0) and system_i/microblaze_0/U0/MicroBlaze_Core_I/Performance.Core/Data_Flow_I/Barrel_Shifter_I/Use_HW_BS.mem_mux3_reg[20]/CE (clocked by clk_out1_system_clk_wiz_0_0). Large setup violations at the end of those stages might be difficult to fix during the post-placement implementation flow and could be the result of non-optimal XDC constraints or non-optimal design architecture
Related violations: <none>

TIMING-16#454 Warning
Large setup violation  
There is a large setup violation of -1.818 ns between system_i/microblaze_0/U0/MicroBlaze_Core_I/Performance.Core/Using_DCache.Using_WriteBack.DCache_wb_I1/TAG_RAM_Module/Not_Using_XPM.Using_B36_S36.The_BRAMs[0].RAMB36_I1/Using_FPGA.Native/CLKARDCLK (clocked by clk_out1_system_clk_wiz_0_0) and system_i/microblaze_0/U0/MicroBlaze_Core_I/Performance.Core/Data_Flow_I/Barrel_Shifter_I/Use_HW_BS.mem_mux3_reg[24]/CE (clocked by clk_out1_system_clk_wiz_0_0). Large setup violations at the end of those stages might be difficult to fix during the post-placement implementation flow and could be the result of non-optimal XDC constraints or non-optimal design architecture
Related violations: <none>

TIMING-16#455 Warning
Large setup violation  
There is a large setup violation of -1.818 ns between system_i/microblaze_0/U0/MicroBlaze_Core_I/Performance.Core/Using_DCache.Using_WriteBack.DCache_wb_I1/TAG_RAM_Module/Not_Using_XPM.Using_B36_S36.The_BRAMs[0].RAMB36_I1/Using_FPGA.Native/CLKARDCLK (clocked by clk_out1_system_clk_wiz_0_0) and system_i/microblaze_0/U0/MicroBlaze_Core_I/Performance.Core/Data_Flow_I/Barrel_Shifter_I/Use_HW_BS.mem_mux3_reg[28]/CE (clocked by clk_out1_system_clk_wiz_0_0). Large setup violations at the end of those stages might be difficult to fix during the post-placement implementation flow and could be the result of non-optimal XDC constraints or non-optimal design architecture
Related violations: <none>

TIMING-16#456 Warning
Large setup violation  
There is a large setup violation of -1.818 ns between system_i/microblaze_0/U0/MicroBlaze_Core_I/Performance.Core/Using_DCache.Using_WriteBack.DCache_wb_I1/TAG_RAM_Module/Not_Using_XPM.Using_B36_S36.The_BRAMs[0].RAMB36_I1/Using_FPGA.Native/CLKARDCLK (clocked by clk_out1_system_clk_wiz_0_0) and system_i/microblaze_0/U0/MicroBlaze_Core_I/Performance.Core/Data_Flow_I/Barrel_Shifter_I/Use_HW_BS.mem_mux3_reg[2]/CE (clocked by clk_out1_system_clk_wiz_0_0). Large setup violations at the end of those stages might be difficult to fix during the post-placement implementation flow and could be the result of non-optimal XDC constraints or non-optimal design architecture
Related violations: <none>

TIMING-16#457 Warning
Large setup violation  
There is a large setup violation of -1.818 ns between system_i/microblaze_0/U0/MicroBlaze_Core_I/Performance.Core/Using_DCache.Using_WriteBack.DCache_wb_I1/TAG_RAM_Module/Not_Using_XPM.Using_B36_S36.The_BRAMs[0].RAMB36_I1/Using_FPGA.Native/CLKARDCLK (clocked by clk_out1_system_clk_wiz_0_0) and system_i/microblaze_0/U0/MicroBlaze_Core_I/Performance.Core/Data_Flow_I/Barrel_Shifter_I/Use_HW_BS.mem_mux3_reg[3]/CE (clocked by clk_out1_system_clk_wiz_0_0). Large setup violations at the end of those stages might be difficult to fix during the post-placement implementation flow and could be the result of non-optimal XDC constraints or non-optimal design architecture
Related violations: <none>

TIMING-16#458 Warning
Large setup violation  
There is a large setup violation of -1.818 ns between system_i/microblaze_0/U0/MicroBlaze_Core_I/Performance.Core/Using_DCache.Using_WriteBack.DCache_wb_I1/TAG_RAM_Module/Not_Using_XPM.Using_B36_S36.The_BRAMs[0].RAMB36_I1/Using_FPGA.Native/CLKARDCLK (clocked by clk_out1_system_clk_wiz_0_0) and system_i/microblaze_0/U0/MicroBlaze_Core_I/Performance.Core/Data_Flow_I/Barrel_Shifter_I/Use_HW_BS.mem_mux3_reg[6]/CE (clocked by clk_out1_system_clk_wiz_0_0). Large setup violations at the end of those stages might be difficult to fix during the post-placement implementation flow and could be the result of non-optimal XDC constraints or non-optimal design architecture
Related violations: <none>

TIMING-16#459 Warning
Large setup violation  
There is a large setup violation of -1.818 ns between system_i/microblaze_0/U0/MicroBlaze_Core_I/Performance.Core/Using_DCache.Using_WriteBack.DCache_wb_I1/TAG_RAM_Module/Not_Using_XPM.Using_B36_S36.The_BRAMs[0].RAMB36_I1/Using_FPGA.Native/CLKARDCLK (clocked by clk_out1_system_clk_wiz_0_0) and system_i/microblaze_0/U0/MicroBlaze_Core_I/Performance.Core/Data_Flow_I/Barrel_Shifter_I/Use_HW_BS.mem_mux3_reg[7]/CE (clocked by clk_out1_system_clk_wiz_0_0). Large setup violations at the end of those stages might be difficult to fix during the post-placement implementation flow and could be the result of non-optimal XDC constraints or non-optimal design architecture
Related violations: <none>

TIMING-16#460 Warning
Large setup violation  
There is a large setup violation of -1.818 ns between system_i/microblaze_0/U0/MicroBlaze_Core_I/Performance.Core/Using_DCache.Using_WriteBack.DCache_wb_I1/TAG_RAM_Module/Not_Using_XPM.Using_B36_S36.The_BRAMs[0].RAMB36_I1/Using_FPGA.Native/CLKARDCLK (clocked by clk_out1_system_clk_wiz_0_0) and system_i/microblaze_0/U0/MicroBlaze_Core_I/Performance.Core/Data_Flow_I/Barrel_Shifter_I/Use_HW_BS.mem_shift16_8_reg[0]/CE (clocked by clk_out1_system_clk_wiz_0_0). Large setup violations at the end of those stages might be difficult to fix during the post-placement implementation flow and could be the result of non-optimal XDC constraints or non-optimal design architecture
Related violations: <none>

TIMING-16#461 Warning
Large setup violation  
There is a large setup violation of -1.823 ns between system_i/microblaze_0/U0/MicroBlaze_Core_I/Performance.Core/Use_DBUS.DAXI_Interface_I1/WB_DAXI_Data_Strobe_reg/C (clocked by clk_out1_system_clk_wiz_0_0) and system_i/microblaze_0/U0/MicroBlaze_Core_I/Performance.Core/Data_Flow_I/Register_File_I/Using_LUT6.All_RAM32M[11].ram32m_i/Using_FPGA.Native/RAMC/I (clocked by clk_out1_system_clk_wiz_0_0). Large setup violations at the end of those stages might be difficult to fix during the post-placement implementation flow and could be the result of non-optimal XDC constraints or non-optimal design architecture
Related violations: <none>

TIMING-16#462 Warning
Large setup violation  
There is a large setup violation of -1.824 ns between system_i/microblaze_0/U0/MicroBlaze_Core_I/Performance.Core/Using_DCache.Using_WriteBack.DCache_wb_I1/TAG_RAM_Module/Not_Using_XPM.Using_B36_S36.The_BRAMs[0].RAMB36_I1/Using_FPGA.Native/CLKARDCLK (clocked by clk_out1_system_clk_wiz_0_0) and system_i/microblaze_0/U0/MicroBlaze_Core_I/Performance.Core/Data_Flow_I/msr_reg_i/OF_EX_MSR_Bits[24].Using_FDR.MSR_ex_I/Using_FPGA.Native/D (clocked by clk_out1_system_clk_wiz_0_0). Large setup violations at the end of those stages might be difficult to fix during the post-placement implementation flow and could be the result of non-optimal XDC constraints or non-optimal design architecture
Related violations: <none>

TIMING-16#463 Warning
Large setup violation  
There is a large setup violation of -1.825 ns between system_i/microblaze_0/U0/MicroBlaze_Core_I/Performance.Core/Using_DCache.Using_WriteBack.DCache_wb_I1/TAG_RAM_Module/Not_Using_XPM.Using_B36_S36.The_BRAMs[0].RAMB36_I1/Using_FPGA.Native/CLKARDCLK (clocked by clk_out1_system_clk_wiz_0_0) and system_i/microblaze_0/U0/MicroBlaze_Core_I/Performance.Core/Data_Flow_I/MUL_Unit_I/Use_HW_MUL.Using_DSP48_Architectures.No_MUL64.WB_Mul_Result_reg[19]/CE (clocked by clk_out1_system_clk_wiz_0_0). Large setup violations at the end of those stages might be difficult to fix during the post-placement implementation flow and could be the result of non-optimal XDC constraints or non-optimal design architecture
Related violations: <none>

TIMING-16#464 Warning
Large setup violation  
There is a large setup violation of -1.825 ns between system_i/microblaze_0/U0/MicroBlaze_Core_I/Performance.Core/Using_DCache.Using_WriteBack.DCache_wb_I1/TAG_RAM_Module/Not_Using_XPM.Using_B36_S36.The_BRAMs[0].RAMB36_I1/Using_FPGA.Native/CLKARDCLK (clocked by clk_out1_system_clk_wiz_0_0) and system_i/microblaze_0/U0/MicroBlaze_Core_I/Performance.Core/Data_Flow_I/MUL_Unit_I/Use_HW_MUL.Using_DSP48_Architectures.No_MUL64.WB_Mul_Result_reg[24]/CE (clocked by clk_out1_system_clk_wiz_0_0). Large setup violations at the end of those stages might be difficult to fix during the post-placement implementation flow and could be the result of non-optimal XDC constraints or non-optimal design architecture
Related violations: <none>

TIMING-16#465 Warning
Large setup violation  
There is a large setup violation of -1.826 ns between system_i/microblaze_0/U0/MicroBlaze_Core_I/Performance.Core/Using_DCache.Using_WriteBack.DCache_wb_I1/TAG_RAM_Module/Not_Using_XPM.Using_B36_S36.The_BRAMs[0].RAMB36_I1/Using_FPGA.Native/CLKARDCLK (clocked by clk_out1_system_clk_wiz_0_0) and system_i/microblaze_0/U0/MicroBlaze_Core_I/Performance.Core/Data_Flow_I/Using_Stack_Protection.stack_protection_I/SLR_Value_DFF_reg[11]/CE (clocked by clk_out1_system_clk_wiz_0_0). Large setup violations at the end of those stages might be difficult to fix during the post-placement implementation flow and could be the result of non-optimal XDC constraints or non-optimal design architecture
Related violations: <none>

TIMING-16#466 Warning
Large setup violation  
There is a large setup violation of -1.826 ns between system_i/microblaze_0/U0/MicroBlaze_Core_I/Performance.Core/Using_DCache.Using_WriteBack.DCache_wb_I1/TAG_RAM_Module/Not_Using_XPM.Using_B36_S36.The_BRAMs[0].RAMB36_I1/Using_FPGA.Native/CLKARDCLK (clocked by clk_out1_system_clk_wiz_0_0) and system_i/microblaze_0/U0/MicroBlaze_Core_I/Performance.Core/Data_Flow_I/Using_Stack_Protection.stack_protection_I/SLR_Value_DFF_reg[23]/CE (clocked by clk_out1_system_clk_wiz_0_0). Large setup violations at the end of those stages might be difficult to fix during the post-placement implementation flow and could be the result of non-optimal XDC constraints or non-optimal design architecture
Related violations: <none>

TIMING-16#467 Warning
Large setup violation  
There is a large setup violation of -1.826 ns between system_i/microblaze_0/U0/MicroBlaze_Core_I/Performance.Core/Using_DCache.Using_WriteBack.DCache_wb_I1/TAG_RAM_Module/Not_Using_XPM.Using_B36_S36.The_BRAMs[0].RAMB36_I1/Using_FPGA.Native/CLKARDCLK (clocked by clk_out1_system_clk_wiz_0_0) and system_i/microblaze_0/U0/MicroBlaze_Core_I/Performance.Core/Data_Flow_I/Using_Stack_Protection.stack_protection_I/SLR_Value_DFF_reg[25]/CE (clocked by clk_out1_system_clk_wiz_0_0). Large setup violations at the end of those stages might be difficult to fix during the post-placement implementation flow and could be the result of non-optimal XDC constraints or non-optimal design architecture
Related violations: <none>

TIMING-16#468 Warning
Large setup violation  
There is a large setup violation of -1.826 ns between system_i/microblaze_0/U0/MicroBlaze_Core_I/Performance.Core/Using_DCache.Using_WriteBack.DCache_wb_I1/TAG_RAM_Module/Not_Using_XPM.Using_B36_S36.The_BRAMs[0].RAMB36_I1/Using_FPGA.Native/CLKARDCLK (clocked by clk_out1_system_clk_wiz_0_0) and system_i/microblaze_0/U0/MicroBlaze_Core_I/Performance.Core/Data_Flow_I/Using_Stack_Protection.stack_protection_I/SLR_Value_DFF_reg[26]/CE (clocked by clk_out1_system_clk_wiz_0_0). Large setup violations at the end of those stages might be difficult to fix during the post-placement implementation flow and could be the result of non-optimal XDC constraints or non-optimal design architecture
Related violations: <none>

TIMING-16#469 Warning
Large setup violation  
There is a large setup violation of -1.826 ns between system_i/microblaze_0/U0/MicroBlaze_Core_I/Performance.Core/Using_DCache.Using_WriteBack.DCache_wb_I1/TAG_RAM_Module/Not_Using_XPM.Using_B36_S36.The_BRAMs[0].RAMB36_I1/Using_FPGA.Native/CLKARDCLK (clocked by clk_out1_system_clk_wiz_0_0) and system_i/microblaze_0/U0/MicroBlaze_Core_I/Performance.Core/Data_Flow_I/Using_Stack_Protection.stack_protection_I/SLR_Value_DFF_reg[29]/CE (clocked by clk_out1_system_clk_wiz_0_0). Large setup violations at the end of those stages might be difficult to fix during the post-placement implementation flow and could be the result of non-optimal XDC constraints or non-optimal design architecture
Related violations: <none>

TIMING-16#470 Warning
Large setup violation  
There is a large setup violation of -1.826 ns between system_i/microblaze_0/U0/MicroBlaze_Core_I/Performance.Core/Using_DCache.Using_WriteBack.DCache_wb_I1/TAG_RAM_Module/Not_Using_XPM.Using_B36_S36.The_BRAMs[0].RAMB36_I1/Using_FPGA.Native/CLKARDCLK (clocked by clk_out1_system_clk_wiz_0_0) and system_i/microblaze_0/U0/MicroBlaze_Core_I/Performance.Core/Data_Flow_I/Using_Stack_Protection.stack_protection_I/SLR_Value_DFF_reg[9]/CE (clocked by clk_out1_system_clk_wiz_0_0). Large setup violations at the end of those stages might be difficult to fix during the post-placement implementation flow and could be the result of non-optimal XDC constraints or non-optimal design architecture
Related violations: <none>

TIMING-16#471 Warning
Large setup violation  
There is a large setup violation of -1.834 ns between system_i/microblaze_0/U0/MicroBlaze_Core_I/Performance.Core/Using_DCache.Using_WriteBack.DCache_wb_I1/TAG_RAM_Module/Not_Using_XPM.Using_B36_S36.The_BRAMs[0].RAMB36_I1/Using_FPGA.Native/CLKARDCLK (clocked by clk_out1_system_clk_wiz_0_0) and system_i/microblaze_0/U0/MicroBlaze_Core_I/Performance.Core/Data_Flow_I/exception_registers_I1/Using_FPGA_LUT6.Gen_Ret_Addr[13].WB_PC_FDRE/Using_FPGA.Native/CE (clocked by clk_out1_system_clk_wiz_0_0). Large setup violations at the end of those stages might be difficult to fix during the post-placement implementation flow and could be the result of non-optimal XDC constraints or non-optimal design architecture
Related violations: <none>

TIMING-16#472 Warning
Large setup violation  
There is a large setup violation of -1.834 ns between system_i/microblaze_0/U0/MicroBlaze_Core_I/Performance.Core/Using_DCache.Using_WriteBack.DCache_wb_I1/TAG_RAM_Module/Not_Using_XPM.Using_B36_S36.The_BRAMs[0].RAMB36_I1/Using_FPGA.Native/CLKARDCLK (clocked by clk_out1_system_clk_wiz_0_0) and system_i/microblaze_0/U0/MicroBlaze_Core_I/Performance.Core/Data_Flow_I/exception_registers_I1/Using_FPGA_LUT6.Gen_Ret_Addr[17].WB_PC_FDRE/Using_FPGA.Native/CE (clocked by clk_out1_system_clk_wiz_0_0). Large setup violations at the end of those stages might be difficult to fix during the post-placement implementation flow and could be the result of non-optimal XDC constraints or non-optimal design architecture
Related violations: <none>

TIMING-16#473 Warning
Large setup violation  
There is a large setup violation of -1.834 ns between system_i/microblaze_0/U0/MicroBlaze_Core_I/Performance.Core/Using_DCache.Using_WriteBack.DCache_wb_I1/TAG_RAM_Module/Not_Using_XPM.Using_B36_S36.The_BRAMs[0].RAMB36_I1/Using_FPGA.Native/CLKARDCLK (clocked by clk_out1_system_clk_wiz_0_0) and system_i/microblaze_0/U0/MicroBlaze_Core_I/Performance.Core/Data_Flow_I/exception_registers_I1/Using_FPGA_LUT6.Gen_Ret_Addr[18].WB_PC_FDRE/Using_FPGA.Native/CE (clocked by clk_out1_system_clk_wiz_0_0). Large setup violations at the end of those stages might be difficult to fix during the post-placement implementation flow and could be the result of non-optimal XDC constraints or non-optimal design architecture
Related violations: <none>

TIMING-16#474 Warning
Large setup violation  
There is a large setup violation of -1.834 ns between system_i/microblaze_0/U0/MicroBlaze_Core_I/Performance.Core/Using_DCache.Using_WriteBack.DCache_wb_I1/TAG_RAM_Module/Not_Using_XPM.Using_B36_S36.The_BRAMs[0].RAMB36_I1/Using_FPGA.Native/CLKARDCLK (clocked by clk_out1_system_clk_wiz_0_0) and system_i/microblaze_0/U0/MicroBlaze_Core_I/Performance.Core/Data_Flow_I/exception_registers_I1/Using_FPGA_LUT6.Gen_Ret_Addr[19].WB_PC_FDRE/Using_FPGA.Native/CE (clocked by clk_out1_system_clk_wiz_0_0). Large setup violations at the end of those stages might be difficult to fix during the post-placement implementation flow and could be the result of non-optimal XDC constraints or non-optimal design architecture
Related violations: <none>

TIMING-16#475 Warning
Large setup violation  
There is a large setup violation of -1.834 ns between system_i/microblaze_0/U0/MicroBlaze_Core_I/Performance.Core/Using_DCache.Using_WriteBack.DCache_wb_I1/TAG_RAM_Module/Not_Using_XPM.Using_B36_S36.The_BRAMs[0].RAMB36_I1/Using_FPGA.Native/CLKARDCLK (clocked by clk_out1_system_clk_wiz_0_0) and system_i/microblaze_0/U0/MicroBlaze_Core_I/Performance.Core/Data_Flow_I/exception_registers_I1/Using_FPGA_LUT6.Gen_Ret_Addr[20].WB_PC_FDRE/Using_FPGA.Native/CE (clocked by clk_out1_system_clk_wiz_0_0). Large setup violations at the end of those stages might be difficult to fix during the post-placement implementation flow and could be the result of non-optimal XDC constraints or non-optimal design architecture
Related violations: <none>

TIMING-16#476 Warning
Large setup violation  
There is a large setup violation of -1.834 ns between system_i/microblaze_0/U0/MicroBlaze_Core_I/Performance.Core/Using_DCache.Using_WriteBack.DCache_wb_I1/TAG_RAM_Module/Not_Using_XPM.Using_B36_S36.The_BRAMs[0].RAMB36_I1/Using_FPGA.Native/CLKARDCLK (clocked by clk_out1_system_clk_wiz_0_0) and system_i/microblaze_0/U0/MicroBlaze_Core_I/Performance.Core/Data_Flow_I/exception_registers_I1/Using_FPGA_LUT6.Gen_Ret_Addr[22].WB_PC_FDRE/Using_FPGA.Native/CE (clocked by clk_out1_system_clk_wiz_0_0). Large setup violations at the end of those stages might be difficult to fix during the post-placement implementation flow and could be the result of non-optimal XDC constraints or non-optimal design architecture
Related violations: <none>

TIMING-16#477 Warning
Large setup violation  
There is a large setup violation of -1.834 ns between system_i/microblaze_0/U0/MicroBlaze_Core_I/Performance.Core/Using_DCache.Using_WriteBack.DCache_wb_I1/TAG_RAM_Module/Not_Using_XPM.Using_B36_S36.The_BRAMs[0].RAMB36_I1/Using_FPGA.Native/CLKARDCLK (clocked by clk_out1_system_clk_wiz_0_0) and system_i/microblaze_0/U0/MicroBlaze_Core_I/Performance.Core/Data_Flow_I/exception_registers_I1/Using_FPGA_LUT6.Gen_Ret_Addr[23].WB_PC_FDRE/Using_FPGA.Native/CE (clocked by clk_out1_system_clk_wiz_0_0). Large setup violations at the end of those stages might be difficult to fix during the post-placement implementation flow and could be the result of non-optimal XDC constraints or non-optimal design architecture
Related violations: <none>

TIMING-16#478 Warning
Large setup violation  
There is a large setup violation of -1.835 ns between system_i/microblaze_0/U0/MicroBlaze_Core_I/Performance.Core/Use_DBUS.DAXI_Interface_I1/WB_DAXI_Data_Strobe_reg/C (clocked by clk_out1_system_clk_wiz_0_0) and system_i/microblaze_0/U0/MicroBlaze_Core_I/Performance.Core/Data_Flow_I/Register_File_I/Using_LUT6.All_RAM32M[11].ram32m_i/Using_FPGA.Native/RAMB/I (clocked by clk_out1_system_clk_wiz_0_0). Large setup violations at the end of those stages might be difficult to fix during the post-placement implementation flow and could be the result of non-optimal XDC constraints or non-optimal design architecture
Related violations: <none>

TIMING-16#479 Warning
Large setup violation  
There is a large setup violation of -1.838 ns between system_i/microblaze_0/U0/MicroBlaze_Core_I/Performance.Core/Use_DBUS.DAXI_Interface_I1/WB_DAXI_Data_Strobe_reg/C (clocked by clk_out1_system_clk_wiz_0_0) and system_i/microblaze_0/U0/MicroBlaze_Core_I/Performance.Core/Data_Flow_I/Operand_Select_I/EX_Op3_reg[12]/D (clocked by clk_out1_system_clk_wiz_0_0). Large setup violations at the end of those stages might be difficult to fix during the post-placement implementation flow and could be the result of non-optimal XDC constraints or non-optimal design architecture
Related violations: <none>

TIMING-16#480 Warning
Large setup violation  
There is a large setup violation of -1.840 ns between system_i/microblaze_0/U0/MicroBlaze_Core_I/Performance.Core/Using_DCache.Using_WriteBack.DCache_wb_I1/Using_Perf_4.WB_DCache_Valid_Read_data_reg[27]/C (clocked by clk_out1_system_clk_wiz_0_0) and system_i/microblaze_0/U0/MicroBlaze_Core_I/Performance.Core/Data_Flow_I/Operand_Select_I/EX_Op3_reg[19]/D (clocked by clk_out1_system_clk_wiz_0_0). Large setup violations at the end of those stages might be difficult to fix during the post-placement implementation flow and could be the result of non-optimal XDC constraints or non-optimal design architecture
Related violations: <none>

TIMING-16#481 Warning
Large setup violation  
There is a large setup violation of -1.842 ns between system_i/microblaze_0/U0/MicroBlaze_Core_I/Performance.Core/Using_DCache.Using_WriteBack.DCache_wb_I1/TAG_RAM_Module/Not_Using_XPM.Using_B36_S36.The_BRAMs[0].RAMB36_I1/Using_FPGA.Native/CLKARDCLK (clocked by clk_out1_system_clk_wiz_0_0) and system_i/microblaze_0/U0/MicroBlaze_Core_I/Performance.Core/Data_Flow_I/exception_registers_I1/WB_BTR_reg[15]/CE (clocked by clk_out1_system_clk_wiz_0_0). Large setup violations at the end of those stages might be difficult to fix during the post-placement implementation flow and could be the result of non-optimal XDC constraints or non-optimal design architecture
Related violations: <none>

TIMING-16#482 Warning
Large setup violation  
There is a large setup violation of -1.842 ns between system_i/microblaze_0/U0/MicroBlaze_Core_I/Performance.Core/Using_DCache.Using_WriteBack.DCache_wb_I1/TAG_RAM_Module/Not_Using_XPM.Using_B36_S36.The_BRAMs[0].RAMB36_I1/Using_FPGA.Native/CLKARDCLK (clocked by clk_out1_system_clk_wiz_0_0) and system_i/microblaze_0/U0/MicroBlaze_Core_I/Performance.Core/Data_Flow_I/exception_registers_I1/WB_BTR_reg[16]/CE (clocked by clk_out1_system_clk_wiz_0_0). Large setup violations at the end of those stages might be difficult to fix during the post-placement implementation flow and could be the result of non-optimal XDC constraints or non-optimal design architecture
Related violations: <none>

TIMING-16#483 Warning
Large setup violation  
There is a large setup violation of -1.842 ns between system_i/microblaze_0/U0/MicroBlaze_Core_I/Performance.Core/Using_DCache.Using_WriteBack.DCache_wb_I1/TAG_RAM_Module/Not_Using_XPM.Using_B36_S36.The_BRAMs[0].RAMB36_I1/Using_FPGA.Native/CLKARDCLK (clocked by clk_out1_system_clk_wiz_0_0) and system_i/microblaze_0/U0/MicroBlaze_Core_I/Performance.Core/Data_Flow_I/exception_registers_I1/WB_BTR_reg[18]/CE (clocked by clk_out1_system_clk_wiz_0_0). Large setup violations at the end of those stages might be difficult to fix during the post-placement implementation flow and could be the result of non-optimal XDC constraints or non-optimal design architecture
Related violations: <none>

TIMING-16#484 Warning
Large setup violation  
There is a large setup violation of -1.842 ns between system_i/microblaze_0/U0/MicroBlaze_Core_I/Performance.Core/Using_DCache.Using_WriteBack.DCache_wb_I1/TAG_RAM_Module/Not_Using_XPM.Using_B36_S36.The_BRAMs[0].RAMB36_I1/Using_FPGA.Native/CLKARDCLK (clocked by clk_out1_system_clk_wiz_0_0) and system_i/microblaze_0/U0/MicroBlaze_Core_I/Performance.Core/Data_Flow_I/exception_registers_I1/WB_BTR_reg[22]/CE (clocked by clk_out1_system_clk_wiz_0_0). Large setup violations at the end of those stages might be difficult to fix during the post-placement implementation flow and could be the result of non-optimal XDC constraints or non-optimal design architecture
Related violations: <none>

TIMING-16#485 Warning
Large setup violation  
There is a large setup violation of -1.842 ns between system_i/microblaze_0/U0/MicroBlaze_Core_I/Performance.Core/Using_DCache.Using_WriteBack.DCache_wb_I1/TAG_RAM_Module/Not_Using_XPM.Using_B36_S36.The_BRAMs[0].RAMB36_I1/Using_FPGA.Native/CLKARDCLK (clocked by clk_out1_system_clk_wiz_0_0) and system_i/microblaze_0/U0/MicroBlaze_Core_I/Performance.Core/Data_Flow_I/exception_registers_I1/WB_BTR_reg[27]/CE (clocked by clk_out1_system_clk_wiz_0_0). Large setup violations at the end of those stages might be difficult to fix during the post-placement implementation flow and could be the result of non-optimal XDC constraints or non-optimal design architecture
Related violations: <none>

TIMING-16#486 Warning
Large setup violation  
There is a large setup violation of -1.842 ns between system_i/microblaze_0/U0/MicroBlaze_Core_I/Performance.Core/Using_DCache.Using_WriteBack.DCache_wb_I1/TAG_RAM_Module/Not_Using_XPM.Using_B36_S36.The_BRAMs[0].RAMB36_I1/Using_FPGA.Native/CLKARDCLK (clocked by clk_out1_system_clk_wiz_0_0) and system_i/microblaze_0/U0/MicroBlaze_Core_I/Performance.Core/Data_Flow_I/exception_registers_I1/WB_BTR_reg[2]/CE (clocked by clk_out1_system_clk_wiz_0_0). Large setup violations at the end of those stages might be difficult to fix during the post-placement implementation flow and could be the result of non-optimal XDC constraints or non-optimal design architecture
Related violations: <none>

TIMING-16#487 Warning
Large setup violation  
There is a large setup violation of -1.842 ns between system_i/microblaze_0/U0/MicroBlaze_Core_I/Performance.Core/Using_DCache.Using_WriteBack.DCache_wb_I1/TAG_RAM_Module/Not_Using_XPM.Using_B36_S36.The_BRAMs[0].RAMB36_I1/Using_FPGA.Native/CLKARDCLK (clocked by clk_out1_system_clk_wiz_0_0) and system_i/microblaze_0/U0/MicroBlaze_Core_I/Performance.Core/Data_Flow_I/exception_registers_I1/WB_BTR_reg[7]/CE (clocked by clk_out1_system_clk_wiz_0_0). Large setup violations at the end of those stages might be difficult to fix during the post-placement implementation flow and could be the result of non-optimal XDC constraints or non-optimal design architecture
Related violations: <none>

TIMING-16#488 Warning
Large setup violation  
There is a large setup violation of -1.846 ns between system_i/microblaze_0/U0/MicroBlaze_Core_I/Performance.Core/Using_DCache.Using_WriteBack.DCache_wb_I1/TAG_RAM_Module/Not_Using_XPM.Using_B36_S36.The_BRAMs[0].RAMB36_I1/Using_FPGA.Native/CLKARDCLK (clocked by clk_out1_system_clk_wiz_0_0) and system_i/microblaze_0/U0/MicroBlaze_Core_I/Performance.Core/Data_Flow_I/exception_registers_I1/wb_EAR_i_reg[11]/CE (clocked by clk_out1_system_clk_wiz_0_0). Large setup violations at the end of those stages might be difficult to fix during the post-placement implementation flow and could be the result of non-optimal XDC constraints or non-optimal design architecture
Related violations: <none>

TIMING-16#489 Warning
Large setup violation  
There is a large setup violation of -1.846 ns between system_i/microblaze_0/U0/MicroBlaze_Core_I/Performance.Core/Using_DCache.Using_WriteBack.DCache_wb_I1/TAG_RAM_Module/Not_Using_XPM.Using_B36_S36.The_BRAMs[0].RAMB36_I1/Using_FPGA.Native/CLKARDCLK (clocked by clk_out1_system_clk_wiz_0_0) and system_i/microblaze_0/U0/MicroBlaze_Core_I/Performance.Core/Data_Flow_I/exception_registers_I1/wb_EAR_i_reg[29]/CE (clocked by clk_out1_system_clk_wiz_0_0). Large setup violations at the end of those stages might be difficult to fix during the post-placement implementation flow and could be the result of non-optimal XDC constraints or non-optimal design architecture
Related violations: <none>

TIMING-16#490 Warning
Large setup violation  
There is a large setup violation of -1.857 ns between system_i/microblaze_0/U0/MicroBlaze_Core_I/Performance.Core/Using_DCache.Using_WriteBack.DCache_wb_I1/TAG_RAM_Module/Not_Using_XPM.Using_B36_S36.The_BRAMs[0].RAMB36_I1/Using_FPGA.Native/CLKARDCLK (clocked by clk_out1_system_clk_wiz_0_0) and system_i/microblaze_0/U0/MicroBlaze_Core_I/Performance.Core/Data_Flow_I/exception_registers_I1/Using_FPGA_LUT6.Gen_Ret_Addr[0].WB_PC_FDRE/Using_FPGA.Native/CE (clocked by clk_out1_system_clk_wiz_0_0). Large setup violations at the end of those stages might be difficult to fix during the post-placement implementation flow and could be the result of non-optimal XDC constraints or non-optimal design architecture
Related violations: <none>

TIMING-16#491 Warning
Large setup violation  
There is a large setup violation of -1.857 ns between system_i/microblaze_0/U0/MicroBlaze_Core_I/Performance.Core/Using_DCache.Using_WriteBack.DCache_wb_I1/TAG_RAM_Module/Not_Using_XPM.Using_B36_S36.The_BRAMs[0].RAMB36_I1/Using_FPGA.Native/CLKARDCLK (clocked by clk_out1_system_clk_wiz_0_0) and system_i/microblaze_0/U0/MicroBlaze_Core_I/Performance.Core/Data_Flow_I/exception_registers_I1/Using_FPGA_LUT6.Gen_Ret_Addr[1].WB_PC_FDRE/Using_FPGA.Native/CE (clocked by clk_out1_system_clk_wiz_0_0). Large setup violations at the end of those stages might be difficult to fix during the post-placement implementation flow and could be the result of non-optimal XDC constraints or non-optimal design architecture
Related violations: <none>

TIMING-16#492 Warning
Large setup violation  
There is a large setup violation of -1.857 ns between system_i/microblaze_0/U0/MicroBlaze_Core_I/Performance.Core/Using_DCache.Using_WriteBack.DCache_wb_I1/TAG_RAM_Module/Not_Using_XPM.Using_B36_S36.The_BRAMs[0].RAMB36_I1/Using_FPGA.Native/CLKARDCLK (clocked by clk_out1_system_clk_wiz_0_0) and system_i/microblaze_0/U0/MicroBlaze_Core_I/Performance.Core/Data_Flow_I/exception_registers_I1/Using_FPGA_LUT6.Gen_Ret_Addr[2].WB_PC_FDRE/Using_FPGA.Native/CE (clocked by clk_out1_system_clk_wiz_0_0). Large setup violations at the end of those stages might be difficult to fix during the post-placement implementation flow and could be the result of non-optimal XDC constraints or non-optimal design architecture
Related violations: <none>

TIMING-16#493 Warning
Large setup violation  
There is a large setup violation of -1.859 ns between system_i/microblaze_0/U0/MicroBlaze_Core_I/Performance.Core/Decode_I/mem_gpr_write_reg/C (clocked by clk_out1_system_clk_wiz_0_0) and system_i/microblaze_0/U0/MicroBlaze_Core_I/Performance.Core/Data_Flow_I/Operand_Select_I/EX_Op2_reg[20]/D (clocked by clk_out1_system_clk_wiz_0_0). Large setup violations at the end of those stages might be difficult to fix during the post-placement implementation flow and could be the result of non-optimal XDC constraints or non-optimal design architecture
Related violations: <none>

TIMING-16#494 Warning
Large setup violation  
There is a large setup violation of -1.860 ns between system_i/microblaze_0/U0/MicroBlaze_Core_I/Performance.Core/Data_Flow_I/Operand_Select_I/EX_Op1_reg[29]/C (clocked by clk_out1_system_clk_wiz_0_0) and system_i/microblaze_0/U0/MicroBlaze_Core_I/Performance.Core/Data_Flow_I/Operand_Select_I/EX_Branch_CMP_Op1_reg[10]/D (clocked by clk_out1_system_clk_wiz_0_0). Large setup violations at the end of those stages might be difficult to fix during the post-placement implementation flow and could be the result of non-optimal XDC constraints or non-optimal design architecture
Related violations: <none>

TIMING-16#495 Warning
Large setup violation  
There is a large setup violation of -1.867 ns between system_i/microblaze_0/U0/MicroBlaze_Core_I/Performance.Core/Use_DBUS.DAXI_Interface_I1/WB_DAXI_Data_Strobe_reg/C (clocked by clk_out1_system_clk_wiz_0_0) and system_i/microblaze_0/U0/MicroBlaze_Core_I/Performance.Core/Data_Flow_I/Operand_Select_I/EX_Op3_reg[10]/D (clocked by clk_out1_system_clk_wiz_0_0). Large setup violations at the end of those stages might be difficult to fix during the post-placement implementation flow and could be the result of non-optimal XDC constraints or non-optimal design architecture
Related violations: <none>

TIMING-16#496 Warning
Large setup violation  
There is a large setup violation of -1.871 ns between system_i/microblaze_0/U0/MicroBlaze_Core_I/Performance.Core/Data_Flow_I/Barrel_Shifter_I/Use_HW_BS.mem_mux3_reg[13]/C (clocked by clk_out1_system_clk_wiz_0_0) and system_i/microblaze_0/U0/MicroBlaze_Core_I/Performance.Core/Data_Flow_I/Operand_Select_I/EX_Branch_CMP_Op1_reg[26]/D (clocked by clk_out1_system_clk_wiz_0_0). Large setup violations at the end of those stages might be difficult to fix during the post-placement implementation flow and could be the result of non-optimal XDC constraints or non-optimal design architecture
Related violations: <none>

TIMING-16#497 Warning
Large setup violation  
There is a large setup violation of -1.871 ns between system_i/microblaze_0/U0/MicroBlaze_Core_I/Performance.Core/Data_Flow_I/Operand_Select_I/EX_Op1_reg[29]/C (clocked by clk_out1_system_clk_wiz_0_0) and system_i/microblaze_0/U0/MicroBlaze_Core_I/Performance.Core/Data_Flow_I/Operand_Select_I/EX_Op1_reg[18]/D (clocked by clk_out1_system_clk_wiz_0_0). Large setup violations at the end of those stages might be difficult to fix during the post-placement implementation flow and could be the result of non-optimal XDC constraints or non-optimal design architecture
Related violations: <none>

TIMING-16#498 Warning
Large setup violation  
There is a large setup violation of -1.871 ns between system_i/microblaze_0/U0/MicroBlaze_Core_I/Performance.Core/Using_DCache.Using_WriteBack.DCache_wb_I1/TAG_RAM_Module/Not_Using_XPM.Using_B36_S36.The_BRAMs[0].RAMB36_I1/Using_FPGA.Native/CLKARDCLK (clocked by clk_out1_system_clk_wiz_0_0) and system_i/microblaze_0/U0/MicroBlaze_Core_I/Performance.Core/Data_Flow_I/Data_Flow_Logic_I/WB_MEM_Result_reg[10]/CE (clocked by clk_out1_system_clk_wiz_0_0). Large setup violations at the end of those stages might be difficult to fix during the post-placement implementation flow and could be the result of non-optimal XDC constraints or non-optimal design architecture
Related violations: <none>

TIMING-16#499 Warning
Large setup violation  
There is a large setup violation of -1.871 ns between system_i/microblaze_0/U0/MicroBlaze_Core_I/Performance.Core/Using_DCache.Using_WriteBack.DCache_wb_I1/TAG_RAM_Module/Not_Using_XPM.Using_B36_S36.The_BRAMs[0].RAMB36_I1/Using_FPGA.Native/CLKARDCLK (clocked by clk_out1_system_clk_wiz_0_0) and system_i/microblaze_0/U0/MicroBlaze_Core_I/Performance.Core/Data_Flow_I/Data_Flow_Logic_I/WB_MEM_Result_reg[16]/CE (clocked by clk_out1_system_clk_wiz_0_0). Large setup violations at the end of those stages might be difficult to fix during the post-placement implementation flow and could be the result of non-optimal XDC constraints or non-optimal design architecture
Related violations: <none>

TIMING-16#500 Warning
Large setup violation  
There is a large setup violation of -1.871 ns between system_i/microblaze_0/U0/MicroBlaze_Core_I/Performance.Core/Using_DCache.Using_WriteBack.DCache_wb_I1/TAG_RAM_Module/Not_Using_XPM.Using_B36_S36.The_BRAMs[0].RAMB36_I1/Using_FPGA.Native/CLKARDCLK (clocked by clk_out1_system_clk_wiz_0_0) and system_i/microblaze_0/U0/MicroBlaze_Core_I/Performance.Core/Data_Flow_I/Data_Flow_Logic_I/WB_MEM_Result_reg[24]/CE (clocked by clk_out1_system_clk_wiz_0_0). Large setup violations at the end of those stages might be difficult to fix during the post-placement implementation flow and could be the result of non-optimal XDC constraints or non-optimal design architecture
Related violations: <none>

TIMING-16#501 Warning
Large setup violation  
There is a large setup violation of -1.871 ns between system_i/microblaze_0/U0/MicroBlaze_Core_I/Performance.Core/Using_DCache.Using_WriteBack.DCache_wb_I1/TAG_RAM_Module/Not_Using_XPM.Using_B36_S36.The_BRAMs[0].RAMB36_I1/Using_FPGA.Native/CLKARDCLK (clocked by clk_out1_system_clk_wiz_0_0) and system_i/microblaze_0/U0/MicroBlaze_Core_I/Performance.Core/Data_Flow_I/Data_Flow_Logic_I/WB_MEM_Result_reg[26]/CE (clocked by clk_out1_system_clk_wiz_0_0). Large setup violations at the end of those stages might be difficult to fix during the post-placement implementation flow and could be the result of non-optimal XDC constraints or non-optimal design architecture
Related violations: <none>

TIMING-16#502 Warning
Large setup violation  
There is a large setup violation of -1.871 ns between system_i/microblaze_0/U0/MicroBlaze_Core_I/Performance.Core/Using_DCache.Using_WriteBack.DCache_wb_I1/TAG_RAM_Module/Not_Using_XPM.Using_B36_S36.The_BRAMs[0].RAMB36_I1/Using_FPGA.Native/CLKARDCLK (clocked by clk_out1_system_clk_wiz_0_0) and system_i/microblaze_0/U0/MicroBlaze_Core_I/Performance.Core/Data_Flow_I/Data_Flow_Logic_I/WB_MEM_Result_reg[27]/CE (clocked by clk_out1_system_clk_wiz_0_0). Large setup violations at the end of those stages might be difficult to fix during the post-placement implementation flow and could be the result of non-optimal XDC constraints or non-optimal design architecture
Related violations: <none>

TIMING-16#503 Warning
Large setup violation  
There is a large setup violation of -1.871 ns between system_i/microblaze_0/U0/MicroBlaze_Core_I/Performance.Core/Using_DCache.Using_WriteBack.DCache_wb_I1/TAG_RAM_Module/Not_Using_XPM.Using_B36_S36.The_BRAMs[0].RAMB36_I1/Using_FPGA.Native/CLKARDCLK (clocked by clk_out1_system_clk_wiz_0_0) and system_i/microblaze_0/U0/MicroBlaze_Core_I/Performance.Core/Data_Flow_I/Data_Flow_Logic_I/WB_MEM_Result_reg[31]/CE (clocked by clk_out1_system_clk_wiz_0_0). Large setup violations at the end of those stages might be difficult to fix during the post-placement implementation flow and could be the result of non-optimal XDC constraints or non-optimal design architecture
Related violations: <none>

TIMING-16#504 Warning
Large setup violation  
There is a large setup violation of -1.878 ns between system_i/microblaze_0/U0/MicroBlaze_Core_I/Performance.Core/Using_DCache.Using_WriteBack.DCache_wb_I1/TAG_RAM_Module/Not_Using_XPM.Using_B36_S36.The_BRAMs[0].RAMB36_I1/Using_FPGA.Native/CLKARDCLK (clocked by clk_out1_system_clk_wiz_0_0) and system_i/microblaze_0/U0/MicroBlaze_Core_I/Performance.Core/Decode_I/EX_Logic_Op_reg[1]/CE (clocked by clk_out1_system_clk_wiz_0_0). Large setup violations at the end of those stages might be difficult to fix during the post-placement implementation flow and could be the result of non-optimal XDC constraints or non-optimal design architecture
Related violations: <none>

TIMING-16#505 Warning
Large setup violation  
There is a large setup violation of -1.884 ns between system_i/microblaze_0/U0/MicroBlaze_Core_I/Performance.Core/Using_DCache.Using_WriteBack.DCache_wb_I1/TAG_RAM_Module/Not_Using_XPM.Using_B36_S36.The_BRAMs[0].RAMB36_I1/Using_FPGA.Native/CLKARDCLK (clocked by clk_out1_system_clk_wiz_0_0) and system_i/microblaze_0/U0/MicroBlaze_Core_I/Performance.Core/Data_Flow_I/exception_registers_I1/Using_FPGA_LUT6.Gen_Ret_Addr[26].WB_PC_FDRE/Using_FPGA.Native/CE (clocked by clk_out1_system_clk_wiz_0_0). Large setup violations at the end of those stages might be difficult to fix during the post-placement implementation flow and could be the result of non-optimal XDC constraints or non-optimal design architecture
Related violations: <none>

TIMING-16#506 Warning
Large setup violation  
There is a large setup violation of -1.889 ns between system_i/microblaze_0/U0/MicroBlaze_Core_I/Performance.Core/Using_DCache.Using_WriteBack.DCache_wb_I1/TAG_RAM_Module/Not_Using_XPM.Using_B36_S36.The_BRAMs[0].RAMB36_I1/Using_FPGA.Native/CLKARDCLK (clocked by clk_out1_system_clk_wiz_0_0) and system_i/microblaze_0/U0/MicroBlaze_Core_I/Performance.Core/Data_Flow_I/MUL_Unit_I/Use_HW_MUL.Using_DSP48_Architectures.No_MUL64.WB_Mul_Result_reg[20]/CE (clocked by clk_out1_system_clk_wiz_0_0). Large setup violations at the end of those stages might be difficult to fix during the post-placement implementation flow and could be the result of non-optimal XDC constraints or non-optimal design architecture
Related violations: <none>

TIMING-16#507 Warning
Large setup violation  
There is a large setup violation of -1.889 ns between system_i/microblaze_0/U0/MicroBlaze_Core_I/Performance.Core/Using_DCache.Using_WriteBack.DCache_wb_I1/TAG_RAM_Module/Not_Using_XPM.Using_B36_S36.The_BRAMs[0].RAMB36_I1/Using_FPGA.Native/CLKARDCLK (clocked by clk_out1_system_clk_wiz_0_0) and system_i/microblaze_0/U0/MicroBlaze_Core_I/Performance.Core/Data_Flow_I/MUL_Unit_I/Use_HW_MUL.Using_DSP48_Architectures.No_MUL64.WB_Mul_Result_reg[25]/CE (clocked by clk_out1_system_clk_wiz_0_0). Large setup violations at the end of those stages might be difficult to fix during the post-placement implementation flow and could be the result of non-optimal XDC constraints or non-optimal design architecture
Related violations: <none>

TIMING-16#508 Warning
Large setup violation  
There is a large setup violation of -1.889 ns between system_i/microblaze_0/U0/MicroBlaze_Core_I/Performance.Core/Using_DCache.Using_WriteBack.DCache_wb_I1/TAG_RAM_Module/Not_Using_XPM.Using_B36_S36.The_BRAMs[0].RAMB36_I1/Using_FPGA.Native/CLKARDCLK (clocked by clk_out1_system_clk_wiz_0_0) and system_i/microblaze_0/U0/MicroBlaze_Core_I/Performance.Core/Data_Flow_I/MUL_Unit_I/Use_HW_MUL.Using_DSP48_Architectures.No_MUL64.WB_Mul_Result_reg[27]/CE (clocked by clk_out1_system_clk_wiz_0_0). Large setup violations at the end of those stages might be difficult to fix during the post-placement implementation flow and could be the result of non-optimal XDC constraints or non-optimal design architecture
Related violations: <none>

TIMING-16#509 Warning
Large setup violation  
There is a large setup violation of -1.889 ns between system_i/microblaze_0/U0/MicroBlaze_Core_I/Performance.Core/Using_DCache.Using_WriteBack.DCache_wb_I1/TAG_RAM_Module/Not_Using_XPM.Using_B36_S36.The_BRAMs[0].RAMB36_I1/Using_FPGA.Native/CLKARDCLK (clocked by clk_out1_system_clk_wiz_0_0) and system_i/microblaze_0/U0/MicroBlaze_Core_I/Performance.Core/Data_Flow_I/MUL_Unit_I/Use_HW_MUL.Using_DSP48_Architectures.No_MUL64.WB_Mul_Result_reg[28]/CE (clocked by clk_out1_system_clk_wiz_0_0). Large setup violations at the end of those stages might be difficult to fix during the post-placement implementation flow and could be the result of non-optimal XDC constraints or non-optimal design architecture
Related violations: <none>

TIMING-16#510 Warning
Large setup violation  
There is a large setup violation of -1.889 ns between system_i/microblaze_0/U0/MicroBlaze_Core_I/Performance.Core/Using_DCache.Using_WriteBack.DCache_wb_I1/TAG_RAM_Module/Not_Using_XPM.Using_B36_S36.The_BRAMs[0].RAMB36_I1/Using_FPGA.Native/CLKARDCLK (clocked by clk_out1_system_clk_wiz_0_0) and system_i/microblaze_0/U0/MicroBlaze_Core_I/Performance.Core/Data_Flow_I/MUL_Unit_I/Use_HW_MUL.Using_DSP48_Architectures.No_MUL64.WB_Mul_Result_reg[29]/CE (clocked by clk_out1_system_clk_wiz_0_0). Large setup violations at the end of those stages might be difficult to fix during the post-placement implementation flow and could be the result of non-optimal XDC constraints or non-optimal design architecture
Related violations: <none>

TIMING-16#511 Warning
Large setup violation  
There is a large setup violation of -1.889 ns between system_i/microblaze_0/U0/MicroBlaze_Core_I/Performance.Core/Using_DCache.Using_WriteBack.DCache_wb_I1/TAG_RAM_Module/Not_Using_XPM.Using_B36_S36.The_BRAMs[0].RAMB36_I1/Using_FPGA.Native/CLKARDCLK (clocked by clk_out1_system_clk_wiz_0_0) and system_i/microblaze_0/U0/MicroBlaze_Core_I/Performance.Core/Data_Flow_I/MUL_Unit_I/Use_HW_MUL.Using_DSP48_Architectures.No_MUL64.WB_Mul_Result_reg[30]/CE (clocked by clk_out1_system_clk_wiz_0_0). Large setup violations at the end of those stages might be difficult to fix during the post-placement implementation flow and could be the result of non-optimal XDC constraints or non-optimal design architecture
Related violations: <none>

TIMING-16#512 Warning
Large setup violation  
There is a large setup violation of -1.890 ns between system_i/microblaze_0/U0/MicroBlaze_Core_I/Performance.Core/Data_Flow_I/Operand_Select_I/EX_Op1_reg[29]/C (clocked by clk_out1_system_clk_wiz_0_0) and system_i/microblaze_0/U0/MicroBlaze_Core_I/Performance.Core/Data_Flow_I/Operand_Select_I/EX_Op2_reg[11]/D (clocked by clk_out1_system_clk_wiz_0_0). Large setup violations at the end of those stages might be difficult to fix during the post-placement implementation flow and could be the result of non-optimal XDC constraints or non-optimal design architecture
Related violations: <none>

TIMING-16#513 Warning
Large setup violation  
There is a large setup violation of -1.891 ns between system_i/microblaze_0/U0/MicroBlaze_Core_I/Performance.Core/Use_DBUS.DAXI_Interface_I1/WB_DAXI_Data_Strobe_reg/C (clocked by clk_out1_system_clk_wiz_0_0) and system_i/microblaze_0/U0/MicroBlaze_Core_I/Performance.Core/Data_Flow_I/Operand_Select_I/EX_Op3_reg[31]/D (clocked by clk_out1_system_clk_wiz_0_0). Large setup violations at the end of those stages might be difficult to fix during the post-placement implementation flow and could be the result of non-optimal XDC constraints or non-optimal design architecture
Related violations: <none>

TIMING-16#514 Warning
Large setup violation  
There is a large setup violation of -1.893 ns between system_i/microblaze_0/U0/MicroBlaze_Core_I/Performance.Core/Using_DCache.Using_WriteBack.DCache_wb_I1/TAG_RAM_Module/Not_Using_XPM.Using_B36_S36.The_BRAMs[0].RAMB36_I1/Using_FPGA.Native/CLKARDCLK (clocked by clk_out1_system_clk_wiz_0_0) and system_i/microblaze_0/U0/MicroBlaze_Core_I/Performance.Core/Data_Flow_I/Operand_Select_I/EX_Branch_CMP_Op1_reg[12]/CE (clocked by clk_out1_system_clk_wiz_0_0). Large setup violations at the end of those stages might be difficult to fix during the post-placement implementation flow and could be the result of non-optimal XDC constraints or non-optimal design architecture
Related violations: <none>

TIMING-16#515 Warning
Large setup violation  
There is a large setup violation of -1.893 ns between system_i/microblaze_0/U0/MicroBlaze_Core_I/Performance.Core/Using_DCache.Using_WriteBack.DCache_wb_I1/TAG_RAM_Module/Not_Using_XPM.Using_B36_S36.The_BRAMs[0].RAMB36_I1/Using_FPGA.Native/CLKARDCLK (clocked by clk_out1_system_clk_wiz_0_0) and system_i/microblaze_0/U0/MicroBlaze_Core_I/Performance.Core/Data_Flow_I/Operand_Select_I/EX_Branch_CMP_Op1_reg[18]/CE (clocked by clk_out1_system_clk_wiz_0_0). Large setup violations at the end of those stages might be difficult to fix during the post-placement implementation flow and could be the result of non-optimal XDC constraints or non-optimal design architecture
Related violations: <none>

TIMING-16#516 Warning
Large setup violation  
There is a large setup violation of -1.893 ns between system_i/microblaze_0/U0/MicroBlaze_Core_I/Performance.Core/Using_DCache.Using_WriteBack.DCache_wb_I1/TAG_RAM_Module/Not_Using_XPM.Using_B36_S36.The_BRAMs[0].RAMB36_I1/Using_FPGA.Native/CLKARDCLK (clocked by clk_out1_system_clk_wiz_0_0) and system_i/microblaze_0/U0/MicroBlaze_Core_I/Performance.Core/Data_Flow_I/Operand_Select_I/EX_Branch_CMP_Op1_reg[27]/CE (clocked by clk_out1_system_clk_wiz_0_0). Large setup violations at the end of those stages might be difficult to fix during the post-placement implementation flow and could be the result of non-optimal XDC constraints or non-optimal design architecture
Related violations: <none>

TIMING-16#517 Warning
Large setup violation  
There is a large setup violation of -1.893 ns between system_i/microblaze_0/U0/MicroBlaze_Core_I/Performance.Core/Using_DCache.Using_WriteBack.DCache_wb_I1/TAG_RAM_Module/Not_Using_XPM.Using_B36_S36.The_BRAMs[0].RAMB36_I1/Using_FPGA.Native/CLKARDCLK (clocked by clk_out1_system_clk_wiz_0_0) and system_i/microblaze_0/U0/MicroBlaze_Core_I/Performance.Core/Data_Flow_I/Operand_Select_I/EX_Branch_CMP_Op1_reg[28]/CE (clocked by clk_out1_system_clk_wiz_0_0). Large setup violations at the end of those stages might be difficult to fix during the post-placement implementation flow and could be the result of non-optimal XDC constraints or non-optimal design architecture
Related violations: <none>

TIMING-16#518 Warning
Large setup violation  
There is a large setup violation of -1.893 ns between system_i/microblaze_0/U0/MicroBlaze_Core_I/Performance.Core/Using_DCache.Using_WriteBack.DCache_wb_I1/TAG_RAM_Module/Not_Using_XPM.Using_B36_S36.The_BRAMs[0].RAMB36_I1/Using_FPGA.Native/CLKARDCLK (clocked by clk_out1_system_clk_wiz_0_0) and system_i/microblaze_0/U0/MicroBlaze_Core_I/Performance.Core/Data_Flow_I/Operand_Select_I/EX_Branch_CMP_Op1_reg[2]/CE (clocked by clk_out1_system_clk_wiz_0_0). Large setup violations at the end of those stages might be difficult to fix during the post-placement implementation flow and could be the result of non-optimal XDC constraints or non-optimal design architecture
Related violations: <none>

TIMING-16#519 Warning
Large setup violation  
There is a large setup violation of -1.893 ns between system_i/microblaze_0/U0/MicroBlaze_Core_I/Performance.Core/Using_DCache.Using_WriteBack.DCache_wb_I1/TAG_RAM_Module/Not_Using_XPM.Using_B36_S36.The_BRAMs[0].RAMB36_I1/Using_FPGA.Native/CLKARDCLK (clocked by clk_out1_system_clk_wiz_0_0) and system_i/microblaze_0/U0/MicroBlaze_Core_I/Performance.Core/Data_Flow_I/Operand_Select_I/EX_Branch_CMP_Op1_reg[5]/CE (clocked by clk_out1_system_clk_wiz_0_0). Large setup violations at the end of those stages might be difficult to fix during the post-placement implementation flow and could be the result of non-optimal XDC constraints or non-optimal design architecture
Related violations: <none>

TIMING-16#520 Warning
Large setup violation  
There is a large setup violation of -1.893 ns between system_i/microblaze_0/U0/MicroBlaze_Core_I/Performance.Core/Using_DCache.Using_WriteBack.DCache_wb_I1/TAG_RAM_Module/Not_Using_XPM.Using_B36_S36.The_BRAMs[0].RAMB36_I1/Using_FPGA.Native/CLKARDCLK (clocked by clk_out1_system_clk_wiz_0_0) and system_i/microblaze_0/U0/MicroBlaze_Core_I/Performance.Core/Data_Flow_I/Operand_Select_I/EX_Branch_CMP_Op1_reg[6]/CE (clocked by clk_out1_system_clk_wiz_0_0). Large setup violations at the end of those stages might be difficult to fix during the post-placement implementation flow and could be the result of non-optimal XDC constraints or non-optimal design architecture
Related violations: <none>

TIMING-16#521 Warning
Large setup violation  
There is a large setup violation of -1.893 ns between system_i/microblaze_0/U0/MicroBlaze_Core_I/Performance.Core/Using_DCache.Using_WriteBack.DCache_wb_I1/TAG_RAM_Module/Not_Using_XPM.Using_B36_S36.The_BRAMs[0].RAMB36_I1/Using_FPGA.Native/CLKARDCLK (clocked by clk_out1_system_clk_wiz_0_0) and system_i/microblaze_0/U0/MicroBlaze_Core_I/Performance.Core/Data_Flow_I/Operand_Select_I/EX_Branch_CMP_Op1_reg[8]/CE (clocked by clk_out1_system_clk_wiz_0_0). Large setup violations at the end of those stages might be difficult to fix during the post-placement implementation flow and could be the result of non-optimal XDC constraints or non-optimal design architecture
Related violations: <none>

TIMING-16#522 Warning
Large setup violation  
There is a large setup violation of -1.893 ns between system_i/microblaze_0/U0/MicroBlaze_Core_I/Performance.Core/Using_DCache.Using_WriteBack.DCache_wb_I1/TAG_RAM_Module/Not_Using_XPM.Using_B36_S36.The_BRAMs[0].RAMB36_I1/Using_FPGA.Native/CLKARDCLK (clocked by clk_out1_system_clk_wiz_0_0) and system_i/microblaze_0/U0/MicroBlaze_Core_I/Performance.Core/Data_Flow_I/Operand_Select_I/EX_Op2_reg[21]/CE (clocked by clk_out1_system_clk_wiz_0_0). Large setup violations at the end of those stages might be difficult to fix during the post-placement implementation flow and could be the result of non-optimal XDC constraints or non-optimal design architecture
Related violations: <none>

TIMING-16#523 Warning
Large setup violation  
There is a large setup violation of -1.893 ns between system_i/microblaze_0/U0/MicroBlaze_Core_I/Performance.Core/Using_DCache.Using_WriteBack.DCache_wb_I1/TAG_RAM_Module/Not_Using_XPM.Using_B36_S36.The_BRAMs[0].RAMB36_I1/Using_FPGA.Native/CLKARDCLK (clocked by clk_out1_system_clk_wiz_0_0) and system_i/microblaze_0/U0/MicroBlaze_Core_I/Performance.Core/Data_Flow_I/Operand_Select_I/EX_Op2_reg[24]/CE (clocked by clk_out1_system_clk_wiz_0_0). Large setup violations at the end of those stages might be difficult to fix during the post-placement implementation flow and could be the result of non-optimal XDC constraints or non-optimal design architecture
Related violations: <none>

TIMING-16#524 Warning
Large setup violation  
There is a large setup violation of -1.893 ns between system_i/microblaze_0/U0/MicroBlaze_Core_I/Performance.Core/Using_DCache.Using_WriteBack.DCache_wb_I1/TAG_RAM_Module/Not_Using_XPM.Using_B36_S36.The_BRAMs[0].RAMB36_I1/Using_FPGA.Native/CLKARDCLK (clocked by clk_out1_system_clk_wiz_0_0) and system_i/microblaze_0/U0/MicroBlaze_Core_I/Performance.Core/Data_Flow_I/Operand_Select_I/EX_Op2_reg[30]/CE (clocked by clk_out1_system_clk_wiz_0_0). Large setup violations at the end of those stages might be difficult to fix during the post-placement implementation flow and could be the result of non-optimal XDC constraints or non-optimal design architecture
Related violations: <none>

TIMING-16#525 Warning
Large setup violation  
There is a large setup violation of -1.893 ns between system_i/microblaze_0/U0/MicroBlaze_Core_I/Performance.Core/Using_DCache.Using_WriteBack.DCache_wb_I1/TAG_RAM_Module/Not_Using_XPM.Using_B36_S36.The_BRAMs[0].RAMB36_I1/Using_FPGA.Native/CLKARDCLK (clocked by clk_out1_system_clk_wiz_0_0) and system_i/microblaze_0/U0/MicroBlaze_Core_I/Performance.Core/Data_Flow_I/Operand_Select_I/EX_Op2_reg[31]/CE (clocked by clk_out1_system_clk_wiz_0_0). Large setup violations at the end of those stages might be difficult to fix during the post-placement implementation flow and could be the result of non-optimal XDC constraints or non-optimal design architecture
Related violations: <none>

TIMING-16#526 Warning
Large setup violation  
There is a large setup violation of -1.893 ns between system_i/microblaze_0/U0/MicroBlaze_Core_I/Performance.Core/Using_DCache.Using_WriteBack.DCache_wb_I1/TAG_RAM_Module/Not_Using_XPM.Using_B36_S36.The_BRAMs[0].RAMB36_I1/Using_FPGA.Native/CLKARDCLK (clocked by clk_out1_system_clk_wiz_0_0) and system_i/microblaze_0/U0/MicroBlaze_Core_I/Performance.Core/Data_Flow_I/Operand_Select_I/EX_Op3_reg[21]/CE (clocked by clk_out1_system_clk_wiz_0_0). Large setup violations at the end of those stages might be difficult to fix during the post-placement implementation flow and could be the result of non-optimal XDC constraints or non-optimal design architecture
Related violations: <none>

TIMING-16#527 Warning
Large setup violation  
There is a large setup violation of -1.898 ns between system_i/microblaze_0/U0/MicroBlaze_Core_I/Performance.Core/Using_DCache.Using_WriteBack.DCache_wb_I1/TAG_RAM_Module/Not_Using_XPM.Using_B36_S36.The_BRAMs[0].RAMB36_I1/Using_FPGA.Native/CLKARDCLK (clocked by clk_out1_system_clk_wiz_0_0) and system_i/microblaze_0/U0/MicroBlaze_Core_I/Performance.Core/Data_Flow_I/Byte_Doublet_Handle_gti_I/No_Long.Reverse_Mem_Accesses.wb_read_lsb_1_sel_reg[0]/CE (clocked by clk_out1_system_clk_wiz_0_0). Large setup violations at the end of those stages might be difficult to fix during the post-placement implementation flow and could be the result of non-optimal XDC constraints or non-optimal design architecture
Related violations: <none>

TIMING-16#528 Warning
Large setup violation  
There is a large setup violation of -1.898 ns between system_i/microblaze_0/U0/MicroBlaze_Core_I/Performance.Core/Using_DCache.Using_WriteBack.DCache_wb_I1/TAG_RAM_Module/Not_Using_XPM.Using_B36_S36.The_BRAMs[0].RAMB36_I1/Using_FPGA.Native/CLKARDCLK (clocked by clk_out1_system_clk_wiz_0_0) and system_i/microblaze_0/U0/MicroBlaze_Core_I/Performance.Core/Data_Flow_I/Byte_Doublet_Handle_gti_I/No_Long.Reverse_Mem_Accesses.wb_read_lsb_sel_reg[0]/CE (clocked by clk_out1_system_clk_wiz_0_0). Large setup violations at the end of those stages might be difficult to fix during the post-placement implementation flow and could be the result of non-optimal XDC constraints or non-optimal design architecture
Related violations: <none>

TIMING-16#529 Warning
Large setup violation  
There is a large setup violation of -1.898 ns between system_i/microblaze_0/U0/MicroBlaze_Core_I/Performance.Core/Using_DCache.Using_WriteBack.DCache_wb_I1/TAG_RAM_Module/Not_Using_XPM.Using_B36_S36.The_BRAMs[0].RAMB36_I1/Using_FPGA.Native/CLKARDCLK (clocked by clk_out1_system_clk_wiz_0_0) and system_i/microblaze_0/U0/MicroBlaze_Core_I/Performance.Core/Data_Flow_I/Byte_Doublet_Handle_gti_I/No_Long.Reverse_Mem_Accesses.wb_read_lsb_sel_reg[1]/CE (clocked by clk_out1_system_clk_wiz_0_0). Large setup violations at the end of those stages might be difficult to fix during the post-placement implementation flow and could be the result of non-optimal XDC constraints or non-optimal design architecture
Related violations: <none>

TIMING-16#530 Warning
Large setup violation  
There is a large setup violation of -1.902 ns between system_i/microblaze_0/U0/MicroBlaze_Core_I/Performance.Core/Use_DLMB.wb_dlmb_valid_read_data_reg[25]/C (clocked by clk_out1_system_clk_wiz_0_0) and system_i/microblaze_0/U0/MicroBlaze_Core_I/Performance.Core/Data_Flow_I/Register_File_I/Using_LUT6.All_RAM32M[8].ram32m_i/Using_FPGA.Native/RAMC/I (clocked by clk_out1_system_clk_wiz_0_0). Large setup violations at the end of those stages might be difficult to fix during the post-placement implementation flow and could be the result of non-optimal XDC constraints or non-optimal design architecture
Related violations: <none>

TIMING-16#531 Warning
Large setup violation  
There is a large setup violation of -1.903 ns between system_i/microblaze_0/U0/MicroBlaze_Core_I/Performance.Core/Using_DCache.Using_WriteBack.DCache_wb_I1/TAG_RAM_Module/Not_Using_XPM.Using_B36_S36.The_BRAMs[0].RAMB36_I1/Using_FPGA.Native/CLKARDCLK (clocked by clk_out1_system_clk_wiz_0_0) and system_i/microblaze_0/U0/MicroBlaze_Core_I/Performance.Core/Decode_I/MEM_DataBus_Addr_reg[30]/CE (clocked by clk_out1_system_clk_wiz_0_0). Large setup violations at the end of those stages might be difficult to fix during the post-placement implementation flow and could be the result of non-optimal XDC constraints or non-optimal design architecture
Related violations: <none>

TIMING-16#532 Warning
Large setup violation  
There is a large setup violation of -1.904 ns between system_i/microblaze_0/U0/MicroBlaze_Core_I/Performance.Core/Decode_I/mem_gpr_write_reg/C (clocked by clk_out1_system_clk_wiz_0_0) and system_i/microblaze_0/U0/MicroBlaze_Core_I/Performance.Core/Data_Flow_I/Operand_Select_I/EX_Op2_reg[31]/D (clocked by clk_out1_system_clk_wiz_0_0). Large setup violations at the end of those stages might be difficult to fix during the post-placement implementation flow and could be the result of non-optimal XDC constraints or non-optimal design architecture
Related violations: <none>

TIMING-16#533 Warning
Large setup violation  
There is a large setup violation of -1.914 ns between system_i/microblaze_0/U0/MicroBlaze_Core_I/Performance.Core/Use_DLMB.wb_dlmb_valid_read_data_reg[25]/C (clocked by clk_out1_system_clk_wiz_0_0) and system_i/microblaze_0/U0/MicroBlaze_Core_I/Performance.Core/Data_Flow_I/Register_File_I/Using_LUT6.All_RAM32M[8].ram32m_i/Using_FPGA.Native/RAMB/I (clocked by clk_out1_system_clk_wiz_0_0). Large setup violations at the end of those stages might be difficult to fix during the post-placement implementation flow and could be the result of non-optimal XDC constraints or non-optimal design architecture
Related violations: <none>

TIMING-16#534 Warning
Large setup violation  
There is a large setup violation of -1.917 ns between system_i/microblaze_0/U0/MicroBlaze_Core_I/Performance.Core/Data_Flow_I/Operand_Select_I/EX_Op1_reg[29]/C (clocked by clk_out1_system_clk_wiz_0_0) and system_i/microblaze_0/U0/MicroBlaze_Core_I/Performance.Core/Data_Flow_I/Operand_Select_I/EX_Op2_reg[9]/D (clocked by clk_out1_system_clk_wiz_0_0). Large setup violations at the end of those stages might be difficult to fix during the post-placement implementation flow and could be the result of non-optimal XDC constraints or non-optimal design architecture
Related violations: <none>

TIMING-16#535 Warning
Large setup violation  
There is a large setup violation of -1.918 ns between system_i/microblaze_0/U0/MicroBlaze_Core_I/Performance.Core/Using_DCache.Using_WriteBack.DCache_wb_I1/TAG_RAM_Module/Not_Using_XPM.Using_B36_S36.The_BRAMs[0].RAMB36_I1/Using_FPGA.Native/CLKARDCLK (clocked by clk_out1_system_clk_wiz_0_0) and system_i/microblaze_0/U0/MicroBlaze_Core_I/Performance.Core/Decode_I/MEM_DataBus_Addr_reg[3]/CE (clocked by clk_out1_system_clk_wiz_0_0). Large setup violations at the end of those stages might be difficult to fix during the post-placement implementation flow and could be the result of non-optimal XDC constraints or non-optimal design architecture
Related violations: <none>

TIMING-16#536 Warning
Large setup violation  
There is a large setup violation of -1.918 ns between system_i/microblaze_0/U0/MicroBlaze_Core_I/Performance.Core/Using_DCache.Using_WriteBack.DCache_wb_I1/TAG_RAM_Module/Not_Using_XPM.Using_B36_S36.The_BRAMs[0].RAMB36_I1/Using_FPGA.Native/CLKARDCLK (clocked by clk_out1_system_clk_wiz_0_0) and system_i/microblaze_0/U0/MicroBlaze_Core_I/Performance.Core/Decode_I/MEM_DataBus_Addr_reg[4]/CE (clocked by clk_out1_system_clk_wiz_0_0). Large setup violations at the end of those stages might be difficult to fix during the post-placement implementation flow and could be the result of non-optimal XDC constraints or non-optimal design architecture
Related violations: <none>

TIMING-16#537 Warning
Large setup violation  
There is a large setup violation of -1.918 ns between system_i/microblaze_0/U0/MicroBlaze_Core_I/Performance.Core/Using_DCache.Using_WriteBack.DCache_wb_I1/TAG_RAM_Module/Not_Using_XPM.Using_B36_S36.The_BRAMs[0].RAMB36_I1/Using_FPGA.Native/CLKARDCLK (clocked by clk_out1_system_clk_wiz_0_0) and system_i/microblaze_0/U0/MicroBlaze_Core_I/Performance.Core/Decode_I/MEM_DataBus_Addr_reg[5]/CE (clocked by clk_out1_system_clk_wiz_0_0). Large setup violations at the end of those stages might be difficult to fix during the post-placement implementation flow and could be the result of non-optimal XDC constraints or non-optimal design architecture
Related violations: <none>

TIMING-16#538 Warning
Large setup violation  
There is a large setup violation of -1.918 ns between system_i/microblaze_0/U0/MicroBlaze_Core_I/Performance.Core/Using_DCache.Using_WriteBack.DCache_wb_I1/TAG_RAM_Module/Not_Using_XPM.Using_B36_S36.The_BRAMs[0].RAMB36_I1/Using_FPGA.Native/CLKARDCLK (clocked by clk_out1_system_clk_wiz_0_0) and system_i/microblaze_0/U0/MicroBlaze_Core_I/Performance.Core/Decode_I/MEM_DataBus_Addr_reg[6]/CE (clocked by clk_out1_system_clk_wiz_0_0). Large setup violations at the end of those stages might be difficult to fix during the post-placement implementation flow and could be the result of non-optimal XDC constraints or non-optimal design architecture
Related violations: <none>

TIMING-16#539 Warning
Large setup violation  
There is a large setup violation of -1.921 ns between system_i/microblaze_0/U0/MicroBlaze_Core_I/Performance.Core/Data_Flow_I/Operand_Select_I/EX_Op1_reg[29]/C (clocked by clk_out1_system_clk_wiz_0_0) and system_i/microblaze_0/U0/MicroBlaze_Core_I/Performance.Core/Data_Flow_I/Operand_Select_I/EX_Branch_CMP_Op1_reg[16]/D (clocked by clk_out1_system_clk_wiz_0_0). Large setup violations at the end of those stages might be difficult to fix during the post-placement implementation flow and could be the result of non-optimal XDC constraints or non-optimal design architecture
Related violations: <none>

TIMING-16#540 Warning
Large setup violation  
There is a large setup violation of -1.921 ns between system_i/microblaze_0/U0/MicroBlaze_Core_I/Performance.Core/Using_DCache.Using_WriteBack.DCache_wb_I1/TAG_RAM_Module/Not_Using_XPM.Using_B36_S36.The_BRAMs[0].RAMB36_I1/Using_FPGA.Native/CLKARDCLK (clocked by clk_out1_system_clk_wiz_0_0) and system_i/microblaze_0/U0/MicroBlaze_Core_I/Performance.Core/Data_Flow_I/Byte_Doublet_Handle_gti_I/MEM_DataBus_Write_Data_reg[11]/CE (clocked by clk_out1_system_clk_wiz_0_0). Large setup violations at the end of those stages might be difficult to fix during the post-placement implementation flow and could be the result of non-optimal XDC constraints or non-optimal design architecture
Related violations: <none>

TIMING-16#541 Warning
Large setup violation  
There is a large setup violation of -1.923 ns between system_i/microblaze_0/U0/MicroBlaze_Core_I/Performance.Core/Data_Flow_I/Operand_Select_I/EX_Op1_reg[29]/C (clocked by clk_out1_system_clk_wiz_0_0) and system_i/microblaze_0/U0/MicroBlaze_Core_I/Performance.Core/Data_Flow_I/Operand_Select_I/EX_Op3_reg[17]/D (clocked by clk_out1_system_clk_wiz_0_0). Large setup violations at the end of those stages might be difficult to fix during the post-placement implementation flow and could be the result of non-optimal XDC constraints or non-optimal design architecture
Related violations: <none>

TIMING-16#542 Warning
Large setup violation  
There is a large setup violation of -1.925 ns between system_i/microblaze_0/U0/MicroBlaze_Core_I/Performance.Core/Using_DCache.Using_WriteBack.DCache_wb_I1/TAG_RAM_Module/Not_Using_XPM.Using_B36_S36.The_BRAMs[0].RAMB36_I1/Using_FPGA.Native/CLKARDCLK (clocked by clk_out1_system_clk_wiz_0_0) and system_i/microblaze_0/U0/MicroBlaze_Core_I/Performance.Core/Data_Flow_I/exception_registers_I1/wb_EAR_i_reg[14]/CE (clocked by clk_out1_system_clk_wiz_0_0). Large setup violations at the end of those stages might be difficult to fix during the post-placement implementation flow and could be the result of non-optimal XDC constraints or non-optimal design architecture
Related violations: <none>

TIMING-16#543 Warning
Large setup violation  
There is a large setup violation of -1.925 ns between system_i/microblaze_0/U0/MicroBlaze_Core_I/Performance.Core/Using_DCache.Using_WriteBack.DCache_wb_I1/TAG_RAM_Module/Not_Using_XPM.Using_B36_S36.The_BRAMs[0].RAMB36_I1/Using_FPGA.Native/CLKARDCLK (clocked by clk_out1_system_clk_wiz_0_0) and system_i/microblaze_0/U0/MicroBlaze_Core_I/Performance.Core/Data_Flow_I/exception_registers_I1/wb_EAR_i_reg[23]/CE (clocked by clk_out1_system_clk_wiz_0_0). Large setup violations at the end of those stages might be difficult to fix during the post-placement implementation flow and could be the result of non-optimal XDC constraints or non-optimal design architecture
Related violations: <none>

TIMING-16#544 Warning
Large setup violation  
There is a large setup violation of -1.929 ns between system_i/microblaze_0/U0/MicroBlaze_Core_I/Performance.Core/Using_DCache.Using_WriteBack.DCache_wb_I1/TAG_RAM_Module/Not_Using_XPM.Using_B36_S36.The_BRAMs[0].RAMB36_I1/Using_FPGA.Native/CLKARDCLK (clocked by clk_out1_system_clk_wiz_0_0) and system_i/microblaze_0/U0/MicroBlaze_Core_I/Performance.Core/Decode_I/PC_Module_I/Instruction_Prefetch_Mux[31].Gen_Instr_DFF/Using_FPGA.Native/D (clocked by clk_out1_system_clk_wiz_0_0). Large setup violations at the end of those stages might be difficult to fix during the post-placement implementation flow and could be the result of non-optimal XDC constraints or non-optimal design architecture
Related violations: <none>

TIMING-16#545 Warning
Large setup violation  
There is a large setup violation of -1.936 ns between system_i/microblaze_0/U0/MicroBlaze_Core_I/Performance.Core/Using_DCache.Using_WriteBack.DCache_wb_I1/TAG_RAM_Module/Not_Using_XPM.Using_B36_S36.The_BRAMs[0].RAMB36_I1/Using_FPGA.Native/CLKARDCLK (clocked by clk_out1_system_clk_wiz_0_0) and system_i/microblaze_0/U0/MicroBlaze_Core_I/Performance.Core/Data_Flow_I/exception_registers_I1/Using_FPGA_LUT6.Gen_Ret_Addr[15].WB_PC_FDRE/Using_FPGA.Native/CE (clocked by clk_out1_system_clk_wiz_0_0). Large setup violations at the end of those stages might be difficult to fix during the post-placement implementation flow and could be the result of non-optimal XDC constraints or non-optimal design architecture
Related violations: <none>

TIMING-16#546 Warning
Large setup violation  
There is a large setup violation of -1.937 ns between system_i/microblaze_0/U0/MicroBlaze_Core_I/Performance.Core/Data_Flow_I/Operand_Select_I/EX_Op1_reg[29]/C (clocked by clk_out1_system_clk_wiz_0_0) and system_i/microblaze_0/U0/MicroBlaze_Core_I/Performance.Core/Data_Flow_I/Operand_Select_I/EX_Op2_reg[0]/D (clocked by clk_out1_system_clk_wiz_0_0). Large setup violations at the end of those stages might be difficult to fix during the post-placement implementation flow and could be the result of non-optimal XDC constraints or non-optimal design architecture
Related violations: <none>

TIMING-16#547 Warning
Large setup violation  
There is a large setup violation of -1.939 ns between system_i/microblaze_0/U0/MicroBlaze_Core_I/Performance.Core/Using_ICache.ICache_I1/Tag_RAM_Module/Not_Using_XPM.Using_B36_S36.The_BRAMs[0].RAMB36_I1/Using_FPGA.Native/CLKARDCLK (clocked by clk_out1_system_clk_wiz_0_0) and system_i/microblaze_0/U0/MicroBlaze_Core_I/Performance.Core/Decode_I/PC_Module_I/PC_Buffer_reg[3][0]_srl4/CE (clocked by clk_out1_system_clk_wiz_0_0). Large setup violations at the end of those stages might be difficult to fix during the post-placement implementation flow and could be the result of non-optimal XDC constraints or non-optimal design architecture
Related violations: <none>

TIMING-16#548 Warning
Large setup violation  
There is a large setup violation of -1.940 ns between system_i/microblaze_0/U0/MicroBlaze_Core_I/Performance.Core/Using_DCache.Using_WriteBack.DCache_wb_I1/TAG_RAM_Module/Not_Using_XPM.Using_B36_S36.The_BRAMs[0].RAMB36_I1/Using_FPGA.Native/CLKARDCLK (clocked by clk_out1_system_clk_wiz_0_0) and system_i/microblaze_0/U0/MicroBlaze_Core_I/Performance.Core/Data_Flow_I/exception_registers_I1/Use_LUT6.mem_BTR_reg[15]/CE (clocked by clk_out1_system_clk_wiz_0_0). Large setup violations at the end of those stages might be difficult to fix during the post-placement implementation flow and could be the result of non-optimal XDC constraints or non-optimal design architecture
Related violations: <none>

TIMING-16#549 Warning
Large setup violation  
There is a large setup violation of -1.943 ns between system_i/microblaze_0/U0/MicroBlaze_Core_I/Performance.Core/Using_DCache.Using_WriteBack.DCache_wb_I1/TAG_RAM_Module/Not_Using_XPM.Using_B36_S36.The_BRAMs[0].RAMB36_I1/Using_FPGA.Native/CLKARDCLK (clocked by clk_out1_system_clk_wiz_0_0) and system_i/microblaze_0/U0/MicroBlaze_Core_I/Performance.Core/Data_Flow_I/Barrel_Shifter_I/Use_HW_BS.Using_BitField.Gen_Bits[11].mem_Rd_reg[11]/CE (clocked by clk_out1_system_clk_wiz_0_0). Large setup violations at the end of those stages might be difficult to fix during the post-placement implementation flow and could be the result of non-optimal XDC constraints or non-optimal design architecture
Related violations: <none>

TIMING-16#550 Warning
Large setup violation  
There is a large setup violation of -1.943 ns between system_i/microblaze_0/U0/MicroBlaze_Core_I/Performance.Core/Using_DCache.Using_WriteBack.DCache_wb_I1/TAG_RAM_Module/Not_Using_XPM.Using_B36_S36.The_BRAMs[0].RAMB36_I1/Using_FPGA.Native/CLKARDCLK (clocked by clk_out1_system_clk_wiz_0_0) and system_i/microblaze_0/U0/MicroBlaze_Core_I/Performance.Core/Data_Flow_I/Barrel_Shifter_I/Use_HW_BS.Using_BitField.Gen_Bits[12].mem_Rd_reg[12]/CE (clocked by clk_out1_system_clk_wiz_0_0). Large setup violations at the end of those stages might be difficult to fix during the post-placement implementation flow and could be the result of non-optimal XDC constraints or non-optimal design architecture
Related violations: <none>

TIMING-16#551 Warning
Large setup violation  
There is a large setup violation of -1.943 ns between system_i/microblaze_0/U0/MicroBlaze_Core_I/Performance.Core/Using_DCache.Using_WriteBack.DCache_wb_I1/TAG_RAM_Module/Not_Using_XPM.Using_B36_S36.The_BRAMs[0].RAMB36_I1/Using_FPGA.Native/CLKARDCLK (clocked by clk_out1_system_clk_wiz_0_0) and system_i/microblaze_0/U0/MicroBlaze_Core_I/Performance.Core/Data_Flow_I/Byte_Doublet_Handle_gti_I/MEM_DataBus_Write_Data_reg[29]/CE (clocked by clk_out1_system_clk_wiz_0_0). Large setup violations at the end of those stages might be difficult to fix during the post-placement implementation flow and could be the result of non-optimal XDC constraints or non-optimal design architecture
Related violations: <none>

TIMING-16#552 Warning
Large setup violation  
There is a large setup violation of -1.943 ns between system_i/microblaze_0/U0/MicroBlaze_Core_I/Performance.Core/Using_DCache.Using_WriteBack.DCache_wb_I1/TAG_RAM_Module/Not_Using_XPM.Using_B36_S36.The_BRAMs[0].RAMB36_I1/Using_FPGA.Native/CLKARDCLK (clocked by clk_out1_system_clk_wiz_0_0) and system_i/microblaze_0/U0/MicroBlaze_Core_I/Performance.Core/Data_Flow_I/Byte_Doublet_Handle_gti_I/MEM_DataBus_Write_Data_reg[30]/CE (clocked by clk_out1_system_clk_wiz_0_0). Large setup violations at the end of those stages might be difficult to fix during the post-placement implementation flow and could be the result of non-optimal XDC constraints or non-optimal design architecture
Related violations: <none>

TIMING-16#553 Warning
Large setup violation  
There is a large setup violation of -1.943 ns between system_i/microblaze_0/U0/MicroBlaze_Core_I/Performance.Core/Using_DCache.Using_WriteBack.DCache_wb_I1/TAG_RAM_Module/Not_Using_XPM.Using_B36_S36.The_BRAMs[0].RAMB36_I1/Using_FPGA.Native/CLKARDCLK (clocked by clk_out1_system_clk_wiz_0_0) and system_i/microblaze_0/U0/MicroBlaze_Core_I/Performance.Core/Data_Flow_I/Byte_Doublet_Handle_gti_I/MEM_DataBus_Write_Data_reg[31]/CE (clocked by clk_out1_system_clk_wiz_0_0). Large setup violations at the end of those stages might be difficult to fix during the post-placement implementation flow and could be the result of non-optimal XDC constraints or non-optimal design architecture
Related violations: <none>

TIMING-16#554 Warning
Large setup violation  
There is a large setup violation of -1.944 ns between system_i/microblaze_0/U0/MicroBlaze_Core_I/Performance.Core/Using_DCache.Using_WriteBack.DCache_wb_I1/TAG_RAM_Module/Not_Using_XPM.Using_B36_S36.The_BRAMs[0].RAMB36_I1/Using_FPGA.Native/CLKARDCLK (clocked by clk_out1_system_clk_wiz_0_0) and system_i/microblaze_0/U0/MicroBlaze_Core_I/Performance.Core/Data_Flow_I/Barrel_Shifter_I/Use_HW_BS.mem_left_shift_reg/CE (clocked by clk_out1_system_clk_wiz_0_0). Large setup violations at the end of those stages might be difficult to fix during the post-placement implementation flow and could be the result of non-optimal XDC constraints or non-optimal design architecture
Related violations: <none>

TIMING-16#555 Warning
Large setup violation  
There is a large setup violation of -1.944 ns between system_i/microblaze_0/U0/MicroBlaze_Core_I/Performance.Core/Using_DCache.Using_WriteBack.DCache_wb_I1/TAG_RAM_Module/Not_Using_XPM.Using_B36_S36.The_BRAMs[0].RAMB36_I1/Using_FPGA.Native/CLKARDCLK (clocked by clk_out1_system_clk_wiz_0_0) and system_i/microblaze_0/U0/MicroBlaze_Core_I/Performance.Core/Data_Flow_I/Barrel_Shifter_I/Use_HW_BS.mem_mux3_reg[17]/CE (clocked by clk_out1_system_clk_wiz_0_0). Large setup violations at the end of those stages might be difficult to fix during the post-placement implementation flow and could be the result of non-optimal XDC constraints or non-optimal design architecture
Related violations: <none>

TIMING-16#556 Warning
Large setup violation  
There is a large setup violation of -1.944 ns between system_i/microblaze_0/U0/MicroBlaze_Core_I/Performance.Core/Using_DCache.Using_WriteBack.DCache_wb_I1/TAG_RAM_Module/Not_Using_XPM.Using_B36_S36.The_BRAMs[0].RAMB36_I1/Using_FPGA.Native/CLKARDCLK (clocked by clk_out1_system_clk_wiz_0_0) and system_i/microblaze_0/U0/MicroBlaze_Core_I/Performance.Core/Data_Flow_I/Barrel_Shifter_I/Use_HW_BS.mem_mux3_reg[18]/CE (clocked by clk_out1_system_clk_wiz_0_0). Large setup violations at the end of those stages might be difficult to fix during the post-placement implementation flow and could be the result of non-optimal XDC constraints or non-optimal design architecture
Related violations: <none>

TIMING-16#557 Warning
Large setup violation  
There is a large setup violation of -1.944 ns between system_i/microblaze_0/U0/MicroBlaze_Core_I/Performance.Core/Using_DCache.Using_WriteBack.DCache_wb_I1/TAG_RAM_Module/Not_Using_XPM.Using_B36_S36.The_BRAMs[0].RAMB36_I1/Using_FPGA.Native/CLKARDCLK (clocked by clk_out1_system_clk_wiz_0_0) and system_i/microblaze_0/U0/MicroBlaze_Core_I/Performance.Core/Data_Flow_I/Barrel_Shifter_I/Use_HW_BS.mem_mux3_reg[21]/CE (clocked by clk_out1_system_clk_wiz_0_0). Large setup violations at the end of those stages might be difficult to fix during the post-placement implementation flow and could be the result of non-optimal XDC constraints or non-optimal design architecture
Related violations: <none>

TIMING-16#558 Warning
Large setup violation  
There is a large setup violation of -1.944 ns between system_i/microblaze_0/U0/MicroBlaze_Core_I/Performance.Core/Using_DCache.Using_WriteBack.DCache_wb_I1/TAG_RAM_Module/Not_Using_XPM.Using_B36_S36.The_BRAMs[0].RAMB36_I1/Using_FPGA.Native/CLKARDCLK (clocked by clk_out1_system_clk_wiz_0_0) and system_i/microblaze_0/U0/MicroBlaze_Core_I/Performance.Core/Data_Flow_I/Barrel_Shifter_I/Use_HW_BS.mem_mux3_reg[25]/CE (clocked by clk_out1_system_clk_wiz_0_0). Large setup violations at the end of those stages might be difficult to fix during the post-placement implementation flow and could be the result of non-optimal XDC constraints or non-optimal design architecture
Related violations: <none>

TIMING-16#559 Warning
Large setup violation  
There is a large setup violation of -1.944 ns between system_i/microblaze_0/U0/MicroBlaze_Core_I/Performance.Core/Using_DCache.Using_WriteBack.DCache_wb_I1/TAG_RAM_Module/Not_Using_XPM.Using_B36_S36.The_BRAMs[0].RAMB36_I1/Using_FPGA.Native/CLKARDCLK (clocked by clk_out1_system_clk_wiz_0_0) and system_i/microblaze_0/U0/MicroBlaze_Core_I/Performance.Core/Data_Flow_I/Barrel_Shifter_I/Use_HW_BS.mem_mux3_reg[29]/CE (clocked by clk_out1_system_clk_wiz_0_0). Large setup violations at the end of those stages might be difficult to fix during the post-placement implementation flow and could be the result of non-optimal XDC constraints or non-optimal design architecture
Related violations: <none>

TIMING-16#560 Warning
Large setup violation  
There is a large setup violation of -1.944 ns between system_i/microblaze_0/U0/MicroBlaze_Core_I/Performance.Core/Using_DCache.Using_WriteBack.DCache_wb_I1/TAG_RAM_Module/Not_Using_XPM.Using_B36_S36.The_BRAMs[0].RAMB36_I1/Using_FPGA.Native/CLKARDCLK (clocked by clk_out1_system_clk_wiz_0_0) and system_i/microblaze_0/U0/MicroBlaze_Core_I/Performance.Core/Data_Flow_I/Barrel_Shifter_I/Use_HW_BS.mem_mux3_reg[31]/CE (clocked by clk_out1_system_clk_wiz_0_0). Large setup violations at the end of those stages might be difficult to fix during the post-placement implementation flow and could be the result of non-optimal XDC constraints or non-optimal design architecture
Related violations: <none>

TIMING-16#561 Warning
Large setup violation  
There is a large setup violation of -1.946 ns between system_i/microblaze_0/U0/MicroBlaze_Core_I/Performance.Core/Using_DCache.Using_WriteBack.DCache_wb_I1/TAG_RAM_Module/Not_Using_XPM.Using_B36_S36.The_BRAMs[0].RAMB36_I1/Using_FPGA.Native/CLKARDCLK (clocked by clk_out1_system_clk_wiz_0_0) and system_i/microblaze_0/U0/MicroBlaze_Core_I/Performance.Core/Data_Flow_I/exception_registers_I1/Using_FPGA_LUT6.Gen_Ret_Addr[12].WB_PC_FDRE/Using_FPGA.Native/CE (clocked by clk_out1_system_clk_wiz_0_0). Large setup violations at the end of those stages might be difficult to fix during the post-placement implementation flow and could be the result of non-optimal XDC constraints or non-optimal design architecture
Related violations: <none>

TIMING-16#562 Warning
Large setup violation  
There is a large setup violation of -1.946 ns between system_i/microblaze_0/U0/MicroBlaze_Core_I/Performance.Core/Using_DCache.Using_WriteBack.DCache_wb_I1/TAG_RAM_Module/Not_Using_XPM.Using_B36_S36.The_BRAMs[0].RAMB36_I1/Using_FPGA.Native/CLKARDCLK (clocked by clk_out1_system_clk_wiz_0_0) and system_i/microblaze_0/U0/MicroBlaze_Core_I/Performance.Core/Data_Flow_I/exception_registers_I1/Using_FPGA_LUT6.Gen_Ret_Addr[3].WB_PC_FDRE/Using_FPGA.Native/CE (clocked by clk_out1_system_clk_wiz_0_0). Large setup violations at the end of those stages might be difficult to fix during the post-placement implementation flow and could be the result of non-optimal XDC constraints or non-optimal design architecture
Related violations: <none>

TIMING-16#563 Warning
Large setup violation  
There is a large setup violation of -1.946 ns between system_i/microblaze_0/U0/MicroBlaze_Core_I/Performance.Core/Using_DCache.Using_WriteBack.DCache_wb_I1/TAG_RAM_Module/Not_Using_XPM.Using_B36_S36.The_BRAMs[0].RAMB36_I1/Using_FPGA.Native/CLKARDCLK (clocked by clk_out1_system_clk_wiz_0_0) and system_i/microblaze_0/U0/MicroBlaze_Core_I/Performance.Core/Data_Flow_I/exception_registers_I1/Using_FPGA_LUT6.Gen_Ret_Addr[4].WB_PC_FDRE/Using_FPGA.Native/CE (clocked by clk_out1_system_clk_wiz_0_0). Large setup violations at the end of those stages might be difficult to fix during the post-placement implementation flow and could be the result of non-optimal XDC constraints or non-optimal design architecture
Related violations: <none>

TIMING-16#564 Warning
Large setup violation  
There is a large setup violation of -1.946 ns between system_i/microblaze_0/U0/MicroBlaze_Core_I/Performance.Core/Using_DCache.Using_WriteBack.DCache_wb_I1/TAG_RAM_Module/Not_Using_XPM.Using_B36_S36.The_BRAMs[0].RAMB36_I1/Using_FPGA.Native/CLKARDCLK (clocked by clk_out1_system_clk_wiz_0_0) and system_i/microblaze_0/U0/MicroBlaze_Core_I/Performance.Core/Data_Flow_I/exception_registers_I1/Using_FPGA_LUT6.Gen_Ret_Addr[7].WB_PC_FDRE/Using_FPGA.Native/CE (clocked by clk_out1_system_clk_wiz_0_0). Large setup violations at the end of those stages might be difficult to fix during the post-placement implementation flow and could be the result of non-optimal XDC constraints or non-optimal design architecture
Related violations: <none>

TIMING-16#565 Warning
Large setup violation  
There is a large setup violation of -1.951 ns between system_i/microblaze_0/U0/MicroBlaze_Core_I/Performance.Core/Using_DCache.Using_WriteBack.DCache_wb_I1/TAG_RAM_Module/Not_Using_XPM.Using_B36_S36.The_BRAMs[0].RAMB36_I1/Using_FPGA.Native/CLKARDCLK (clocked by clk_out1_system_clk_wiz_0_0) and system_i/microblaze_0/U0/MicroBlaze_Core_I/Performance.Core/Data_Flow_I/Data_Flow_Logic_I/WB_MEM_Result_reg[0]/CE (clocked by clk_out1_system_clk_wiz_0_0). Large setup violations at the end of those stages might be difficult to fix during the post-placement implementation flow and could be the result of non-optimal XDC constraints or non-optimal design architecture
Related violations: <none>

TIMING-16#566 Warning
Large setup violation  
There is a large setup violation of -1.951 ns between system_i/microblaze_0/U0/MicroBlaze_Core_I/Performance.Core/Using_DCache.Using_WriteBack.DCache_wb_I1/TAG_RAM_Module/Not_Using_XPM.Using_B36_S36.The_BRAMs[0].RAMB36_I1/Using_FPGA.Native/CLKARDCLK (clocked by clk_out1_system_clk_wiz_0_0) and system_i/microblaze_0/U0/MicroBlaze_Core_I/Performance.Core/Data_Flow_I/Data_Flow_Logic_I/WB_MEM_Result_reg[6]/CE (clocked by clk_out1_system_clk_wiz_0_0). Large setup violations at the end of those stages might be difficult to fix during the post-placement implementation flow and could be the result of non-optimal XDC constraints or non-optimal design architecture
Related violations: <none>

TIMING-16#567 Warning
Large setup violation  
There is a large setup violation of -1.951 ns between system_i/microblaze_0/U0/MicroBlaze_Core_I/Performance.Core/Using_DCache.Using_WriteBack.DCache_wb_I1/TAG_RAM_Module/Not_Using_XPM.Using_B36_S36.The_BRAMs[0].RAMB36_I1/Using_FPGA.Native/CLKARDCLK (clocked by clk_out1_system_clk_wiz_0_0) and system_i/microblaze_0/U0/MicroBlaze_Core_I/Performance.Core/Data_Flow_I/Data_Flow_Logic_I/WB_MEM_Result_reg[8]/CE (clocked by clk_out1_system_clk_wiz_0_0). Large setup violations at the end of those stages might be difficult to fix during the post-placement implementation flow and could be the result of non-optimal XDC constraints or non-optimal design architecture
Related violations: <none>

TIMING-16#568 Warning
Large setup violation  
There is a large setup violation of -1.951 ns between system_i/microblaze_0/U0/MicroBlaze_Core_I/Performance.Core/Using_DCache.Using_WriteBack.DCache_wb_I1/TAG_RAM_Module/Not_Using_XPM.Using_B36_S36.The_BRAMs[0].RAMB36_I1/Using_FPGA.Native/CLKARDCLK (clocked by clk_out1_system_clk_wiz_0_0) and system_i/microblaze_0/U0/MicroBlaze_Core_I/Performance.Core/Data_Flow_I/Data_Flow_Logic_I/WB_MEM_Result_reg[9]/CE (clocked by clk_out1_system_clk_wiz_0_0). Large setup violations at the end of those stages might be difficult to fix during the post-placement implementation flow and could be the result of non-optimal XDC constraints or non-optimal design architecture
Related violations: <none>

TIMING-16#569 Warning
Large setup violation  
There is a large setup violation of -1.951 ns between system_i/microblaze_0/U0/MicroBlaze_Core_I/Performance.Core/Using_DCache.Using_WriteBack.DCache_wb_I1/TAG_RAM_Module/Not_Using_XPM.Using_B36_S36.The_BRAMs[0].RAMB36_I1/Using_FPGA.Native/CLKARDCLK (clocked by clk_out1_system_clk_wiz_0_0) and system_i/microblaze_0/U0/MicroBlaze_Core_I/Performance.Core/Data_Flow_I/Using_Div_Unit.Div_unit_I1/ex_hold_div_by_zero_reg/D (clocked by clk_out1_system_clk_wiz_0_0). Large setup violations at the end of those stages might be difficult to fix during the post-placement implementation flow and could be the result of non-optimal XDC constraints or non-optimal design architecture
Related violations: <none>

TIMING-16#570 Warning
Large setup violation  
There is a large setup violation of -1.952 ns between system_i/microblaze_0/U0/MicroBlaze_Core_I/Performance.Core/Using_DCache.Using_WriteBack.DCache_wb_I1/TAG_RAM_Module/Not_Using_XPM.Using_B36_S36.The_BRAMs[0].RAMB36_I1/Using_FPGA.Native/CLKARDCLK (clocked by clk_out1_system_clk_wiz_0_0) and system_i/microblaze_0/U0/MicroBlaze_Core_I/Performance.Core/Data_Flow_I/msr_reg_i/OF_EX_MSR_Bits[26].Using_FDR.MSR_ex_I/Using_FPGA.Native/D (clocked by clk_out1_system_clk_wiz_0_0). Large setup violations at the end of those stages might be difficult to fix during the post-placement implementation flow and could be the result of non-optimal XDC constraints or non-optimal design architecture
Related violations: <none>

TIMING-16#571 Warning
Large setup violation  
There is a large setup violation of -1.953 ns between system_i/microblaze_0/U0/MicroBlaze_Core_I/Performance.Core/Using_DCache.Using_WriteBack.DCache_wb_I1/TAG_RAM_Module/Not_Using_XPM.Using_B36_S36.The_BRAMs[0].RAMB36_I1/Using_FPGA.Native/CLKARDCLK (clocked by clk_out1_system_clk_wiz_0_0) and system_i/microblaze_0/U0/MicroBlaze_Core_I/Performance.Core/Data_Flow_I/msr_reg_i/OF_EX_MSR_Bits[22].Using_FDR.MSR_ex_I/Using_FPGA.Native/D (clocked by clk_out1_system_clk_wiz_0_0). Large setup violations at the end of those stages might be difficult to fix during the post-placement implementation flow and could be the result of non-optimal XDC constraints or non-optimal design architecture
Related violations: <none>

TIMING-16#572 Warning
Large setup violation  
There is a large setup violation of -1.954 ns between system_i/microblaze_0/U0/MicroBlaze_Core_I/Performance.Core/Using_DCache.Using_WriteBack.DCache_wb_I1/TAG_RAM_Module/Not_Using_XPM.Using_B36_S36.The_BRAMs[0].RAMB36_I1/Using_FPGA.Native/CLKARDCLK (clocked by clk_out1_system_clk_wiz_0_0) and system_i/microblaze_0/U0/MicroBlaze_Core_I/Performance.Core/Data_Flow_I/msr_reg_i/MEM_MSR_Bits[22].Using_FDR.MSR_I/Using_FPGA.Native/D (clocked by clk_out1_system_clk_wiz_0_0). Large setup violations at the end of those stages might be difficult to fix during the post-placement implementation flow and could be the result of non-optimal XDC constraints or non-optimal design architecture
Related violations: <none>

TIMING-16#573 Warning
Large setup violation  
There is a large setup violation of -1.959 ns between system_i/microblaze_0/U0/MicroBlaze_Core_I/Performance.Core/Data_Flow_I/Operand_Select_I/EX_Op1_reg[29]/C (clocked by clk_out1_system_clk_wiz_0_0) and system_i/microblaze_0/U0/MicroBlaze_Core_I/Performance.Core/Data_Flow_I/Operand_Select_I/EX_Op3_reg[21]/D (clocked by clk_out1_system_clk_wiz_0_0). Large setup violations at the end of those stages might be difficult to fix during the post-placement implementation flow and could be the result of non-optimal XDC constraints or non-optimal design architecture
Related violations: <none>

TIMING-16#574 Warning
Large setup violation  
There is a large setup violation of -1.959 ns between system_i/microblaze_0/U0/MicroBlaze_Core_I/Performance.Core/Using_DCache.Using_WriteBack.DCache_wb_I1/TAG_RAM_Module/Not_Using_XPM.Using_B36_S36.The_BRAMs[0].RAMB36_I1/Using_FPGA.Native/CLKARDCLK (clocked by clk_out1_system_clk_wiz_0_0) and system_i/microblaze_0/U0/MicroBlaze_Core_I/Performance.Core/Data_Flow_I/Using_Div_Unit.Div_unit_I1/mem_div_stall_i_reg/D (clocked by clk_out1_system_clk_wiz_0_0). Large setup violations at the end of those stages might be difficult to fix during the post-placement implementation flow and could be the result of non-optimal XDC constraints or non-optimal design architecture
Related violations: <none>

TIMING-16#575 Warning
Large setup violation  
There is a large setup violation of -1.962 ns between system_i/microblaze_0/U0/MicroBlaze_Core_I/Performance.Core/Using_DCache.Using_WriteBack.DCache_wb_I1/TAG_RAM_Module/Not_Using_XPM.Using_B36_S36.The_BRAMs[0].RAMB36_I1/Using_FPGA.Native/CLKARDCLK (clocked by clk_out1_system_clk_wiz_0_0) and system_i/microblaze_0/U0/MicroBlaze_Core_I/Performance.Core/Data_Flow_I/Barrel_Shifter_I/Use_HW_BS.Using_BitField.Gen_Bits[13].mem_Rd_reg[13]/CE (clocked by clk_out1_system_clk_wiz_0_0). Large setup violations at the end of those stages might be difficult to fix during the post-placement implementation flow and could be the result of non-optimal XDC constraints or non-optimal design architecture
Related violations: <none>

TIMING-16#576 Warning
Large setup violation  
There is a large setup violation of -1.962 ns between system_i/microblaze_0/U0/MicroBlaze_Core_I/Performance.Core/Using_DCache.Using_WriteBack.DCache_wb_I1/TAG_RAM_Module/Not_Using_XPM.Using_B36_S36.The_BRAMs[0].RAMB36_I1/Using_FPGA.Native/CLKARDCLK (clocked by clk_out1_system_clk_wiz_0_0) and system_i/microblaze_0/U0/MicroBlaze_Core_I/Performance.Core/Data_Flow_I/Barrel_Shifter_I/Use_HW_BS.Using_BitField.Gen_Bits[5].mem_Rd_reg[5]/CE (clocked by clk_out1_system_clk_wiz_0_0). Large setup violations at the end of those stages might be difficult to fix during the post-placement implementation flow and could be the result of non-optimal XDC constraints or non-optimal design architecture
Related violations: <none>

TIMING-16#577 Warning
Large setup violation  
There is a large setup violation of -1.962 ns between system_i/microblaze_0/U0/MicroBlaze_Core_I/Performance.Core/Using_DCache.Using_WriteBack.DCache_wb_I1/TAG_RAM_Module/Not_Using_XPM.Using_B36_S36.The_BRAMs[0].RAMB36_I1/Using_FPGA.Native/CLKARDCLK (clocked by clk_out1_system_clk_wiz_0_0) and system_i/microblaze_0/U0/MicroBlaze_Core_I/Performance.Core/Data_Flow_I/Byte_Doublet_Handle_gti_I/MEM_DataBus_Write_Data_reg[25]/CE (clocked by clk_out1_system_clk_wiz_0_0). Large setup violations at the end of those stages might be difficult to fix during the post-placement implementation flow and could be the result of non-optimal XDC constraints or non-optimal design architecture
Related violations: <none>

TIMING-16#578 Warning
Large setup violation  
There is a large setup violation of -1.962 ns between system_i/microblaze_0/U0/MicroBlaze_Core_I/Performance.Core/Using_DCache.Using_WriteBack.DCache_wb_I1/TAG_RAM_Module/Not_Using_XPM.Using_B36_S36.The_BRAMs[0].RAMB36_I1/Using_FPGA.Native/CLKARDCLK (clocked by clk_out1_system_clk_wiz_0_0) and system_i/microblaze_0/U0/MicroBlaze_Core_I/Performance.Core/Decode_I/MEM_DataBus_Addr_reg[15]/CE (clocked by clk_out1_system_clk_wiz_0_0). Large setup violations at the end of those stages might be difficult to fix during the post-placement implementation flow and could be the result of non-optimal XDC constraints or non-optimal design architecture
Related violations: <none>

TIMING-16#579 Warning
Large setup violation  
There is a large setup violation of -1.962 ns between system_i/microblaze_0/U0/MicroBlaze_Core_I/Performance.Core/Using_DCache.Using_WriteBack.DCache_wb_I1/TAG_RAM_Module/Not_Using_XPM.Using_B36_S36.The_BRAMs[0].RAMB36_I1/Using_FPGA.Native/CLKARDCLK (clocked by clk_out1_system_clk_wiz_0_0) and system_i/microblaze_0/U0/MicroBlaze_Core_I/Performance.Core/Decode_I/MEM_DataBus_Addr_reg[16]/CE (clocked by clk_out1_system_clk_wiz_0_0). Large setup violations at the end of those stages might be difficult to fix during the post-placement implementation flow and could be the result of non-optimal XDC constraints or non-optimal design architecture
Related violations: <none>

TIMING-16#580 Warning
Large setup violation  
There is a large setup violation of -1.962 ns between system_i/microblaze_0/U0/MicroBlaze_Core_I/Performance.Core/Using_DCache.Using_WriteBack.DCache_wb_I1/TAG_RAM_Module/Not_Using_XPM.Using_B36_S36.The_BRAMs[0].RAMB36_I1/Using_FPGA.Native/CLKARDCLK (clocked by clk_out1_system_clk_wiz_0_0) and system_i/microblaze_0/U0/MicroBlaze_Core_I/Performance.Core/Decode_I/MEM_DataBus_Addr_reg[17]/CE (clocked by clk_out1_system_clk_wiz_0_0). Large setup violations at the end of those stages might be difficult to fix during the post-placement implementation flow and could be the result of non-optimal XDC constraints or non-optimal design architecture
Related violations: <none>

TIMING-16#581 Warning
Large setup violation  
There is a large setup violation of -1.962 ns between system_i/microblaze_0/U0/MicroBlaze_Core_I/Performance.Core/Using_DCache.Using_WriteBack.DCache_wb_I1/TAG_RAM_Module/Not_Using_XPM.Using_B36_S36.The_BRAMs[0].RAMB36_I1/Using_FPGA.Native/CLKARDCLK (clocked by clk_out1_system_clk_wiz_0_0) and system_i/microblaze_0/U0/MicroBlaze_Core_I/Performance.Core/Decode_I/MEM_DataBus_Addr_reg[18]/CE (clocked by clk_out1_system_clk_wiz_0_0). Large setup violations at the end of those stages might be difficult to fix during the post-placement implementation flow and could be the result of non-optimal XDC constraints or non-optimal design architecture
Related violations: <none>

TIMING-16#582 Warning
Large setup violation  
There is a large setup violation of -1.963 ns between system_i/microblaze_0/U0/MicroBlaze_Core_I/Performance.Core/Using_DCache.Using_WriteBack.DCache_wb_I1/TAG_RAM_Module/Not_Using_XPM.Using_B36_S36.The_BRAMs[0].RAMB36_I1/Using_FPGA.Native/CLKARDCLK (clocked by clk_out1_system_clk_wiz_0_0) and system_i/microblaze_0/U0/MicroBlaze_Core_I/Performance.Core/Data_Flow_I/exception_registers_I1/Use_LUT6.mem_BTR_reg[10]/CE (clocked by clk_out1_system_clk_wiz_0_0). Large setup violations at the end of those stages might be difficult to fix during the post-placement implementation flow and could be the result of non-optimal XDC constraints or non-optimal design architecture
Related violations: <none>

TIMING-16#583 Warning
Large setup violation  
There is a large setup violation of -1.963 ns between system_i/microblaze_0/U0/MicroBlaze_Core_I/Performance.Core/Using_DCache.Using_WriteBack.DCache_wb_I1/TAG_RAM_Module/Not_Using_XPM.Using_B36_S36.The_BRAMs[0].RAMB36_I1/Using_FPGA.Native/CLKARDCLK (clocked by clk_out1_system_clk_wiz_0_0) and system_i/microblaze_0/U0/MicroBlaze_Core_I/Performance.Core/Data_Flow_I/exception_registers_I1/Use_LUT6.mem_BTR_reg[24]/CE (clocked by clk_out1_system_clk_wiz_0_0). Large setup violations at the end of those stages might be difficult to fix during the post-placement implementation flow and could be the result of non-optimal XDC constraints or non-optimal design architecture
Related violations: <none>

TIMING-16#584 Warning
Large setup violation  
There is a large setup violation of -1.963 ns between system_i/microblaze_0/U0/MicroBlaze_Core_I/Performance.Core/Using_DCache.Using_WriteBack.DCache_wb_I1/TAG_RAM_Module/Not_Using_XPM.Using_B36_S36.The_BRAMs[0].RAMB36_I1/Using_FPGA.Native/CLKARDCLK (clocked by clk_out1_system_clk_wiz_0_0) and system_i/microblaze_0/U0/MicroBlaze_Core_I/Performance.Core/Data_Flow_I/exception_registers_I1/Use_LUT6.mem_BTR_reg[26]/CE (clocked by clk_out1_system_clk_wiz_0_0). Large setup violations at the end of those stages might be difficult to fix during the post-placement implementation flow and could be the result of non-optimal XDC constraints or non-optimal design architecture
Related violations: <none>

TIMING-16#585 Warning
Large setup violation  
There is a large setup violation of -1.963 ns between system_i/microblaze_0/U0/MicroBlaze_Core_I/Performance.Core/Using_DCache.Using_WriteBack.DCache_wb_I1/TAG_RAM_Module/Not_Using_XPM.Using_B36_S36.The_BRAMs[0].RAMB36_I1/Using_FPGA.Native/CLKARDCLK (clocked by clk_out1_system_clk_wiz_0_0) and system_i/microblaze_0/U0/MicroBlaze_Core_I/Performance.Core/Data_Flow_I/exception_registers_I1/Use_LUT6.mem_BTR_reg[30]/CE (clocked by clk_out1_system_clk_wiz_0_0). Large setup violations at the end of those stages might be difficult to fix during the post-placement implementation flow and could be the result of non-optimal XDC constraints or non-optimal design architecture
Related violations: <none>

TIMING-16#586 Warning
Large setup violation  
There is a large setup violation of -1.963 ns between system_i/microblaze_0/U0/MicroBlaze_Core_I/Performance.Core/Using_DCache.Using_WriteBack.DCache_wb_I1/TAG_RAM_Module/Not_Using_XPM.Using_B36_S36.The_BRAMs[0].RAMB36_I1/Using_FPGA.Native/CLKARDCLK (clocked by clk_out1_system_clk_wiz_0_0) and system_i/microblaze_0/U0/MicroBlaze_Core_I/Performance.Core/Data_Flow_I/exception_registers_I1/Use_LUT6.mem_BTR_reg[8]/CE (clocked by clk_out1_system_clk_wiz_0_0). Large setup violations at the end of those stages might be difficult to fix during the post-placement implementation flow and could be the result of non-optimal XDC constraints or non-optimal design architecture
Related violations: <none>

TIMING-16#587 Warning
Large setup violation  
There is a large setup violation of -1.964 ns between system_i/microblaze_0/U0/MicroBlaze_Core_I/Performance.Core/Using_DCache.Using_WriteBack.DCache_wb_I1/TAG_RAM_Module/Not_Using_XPM.Using_B36_S36.The_BRAMs[0].RAMB36_I1/Using_FPGA.Native/CLKARDCLK (clocked by clk_out1_system_clk_wiz_0_0) and system_i/microblaze_0/U0/MicroBlaze_Core_I/Performance.Core/Data_Flow_I/Barrel_Shifter_I/Use_HW_BS.Using_BitField.Gen_Bits[16].mem_Rd_reg[16]/CE (clocked by clk_out1_system_clk_wiz_0_0). Large setup violations at the end of those stages might be difficult to fix during the post-placement implementation flow and could be the result of non-optimal XDC constraints or non-optimal design architecture
Related violations: <none>

TIMING-16#588 Warning
Large setup violation  
There is a large setup violation of -1.964 ns between system_i/microblaze_0/U0/MicroBlaze_Core_I/Performance.Core/Using_DCache.Using_WriteBack.DCache_wb_I1/TAG_RAM_Module/Not_Using_XPM.Using_B36_S36.The_BRAMs[0].RAMB36_I1/Using_FPGA.Native/CLKARDCLK (clocked by clk_out1_system_clk_wiz_0_0) and system_i/microblaze_0/U0/MicroBlaze_Core_I/Performance.Core/Data_Flow_I/Barrel_Shifter_I/Use_HW_BS.Using_BitField.Gen_Bits[20].mem_Rd_reg[20]/CE (clocked by clk_out1_system_clk_wiz_0_0). Large setup violations at the end of those stages might be difficult to fix during the post-placement implementation flow and could be the result of non-optimal XDC constraints or non-optimal design architecture
Related violations: <none>

TIMING-16#589 Warning
Large setup violation  
There is a large setup violation of -1.964 ns between system_i/microblaze_0/U0/MicroBlaze_Core_I/Performance.Core/Using_DCache.Using_WriteBack.DCache_wb_I1/TAG_RAM_Module/Not_Using_XPM.Using_B36_S36.The_BRAMs[0].RAMB36_I1/Using_FPGA.Native/CLKARDCLK (clocked by clk_out1_system_clk_wiz_0_0) and system_i/microblaze_0/U0/MicroBlaze_Core_I/Performance.Core/Data_Flow_I/Barrel_Shifter_I/Use_HW_BS.Using_BitField.Gen_Bits[21].mem_Rd_reg[21]/CE (clocked by clk_out1_system_clk_wiz_0_0). Large setup violations at the end of those stages might be difficult to fix during the post-placement implementation flow and could be the result of non-optimal XDC constraints or non-optimal design architecture
Related violations: <none>

TIMING-16#590 Warning
Large setup violation  
There is a large setup violation of -1.964 ns between system_i/microblaze_0/U0/MicroBlaze_Core_I/Performance.Core/Using_DCache.Using_WriteBack.DCache_wb_I1/TAG_RAM_Module/Not_Using_XPM.Using_B36_S36.The_BRAMs[0].RAMB36_I1/Using_FPGA.Native/CLKARDCLK (clocked by clk_out1_system_clk_wiz_0_0) and system_i/microblaze_0/U0/MicroBlaze_Core_I/Performance.Core/Data_Flow_I/Barrel_Shifter_I/Use_HW_BS.Using_BitField.Gen_Bits[22].mem_Rd_reg[22]/CE (clocked by clk_out1_system_clk_wiz_0_0). Large setup violations at the end of those stages might be difficult to fix during the post-placement implementation flow and could be the result of non-optimal XDC constraints or non-optimal design architecture
Related violations: <none>

TIMING-16#591 Warning
Large setup violation  
There is a large setup violation of -1.964 ns between system_i/microblaze_0/U0/MicroBlaze_Core_I/Performance.Core/Using_DCache.Using_WriteBack.DCache_wb_I1/TAG_RAM_Module/Not_Using_XPM.Using_B36_S36.The_BRAMs[0].RAMB36_I1/Using_FPGA.Native/CLKARDCLK (clocked by clk_out1_system_clk_wiz_0_0) and system_i/microblaze_0/U0/MicroBlaze_Core_I/Performance.Core/Data_Flow_I/Barrel_Shifter_I/Use_HW_BS.Using_BitField.Gen_Bits[29].mem_Rd_reg[29]/CE (clocked by clk_out1_system_clk_wiz_0_0). Large setup violations at the end of those stages might be difficult to fix during the post-placement implementation flow and could be the result of non-optimal XDC constraints or non-optimal design architecture
Related violations: <none>

TIMING-16#592 Warning
Large setup violation  
There is a large setup violation of -1.964 ns between system_i/microblaze_0/U0/MicroBlaze_Core_I/Performance.Core/Using_DCache.Using_WriteBack.DCache_wb_I1/TAG_RAM_Module/Not_Using_XPM.Using_B36_S36.The_BRAMs[0].RAMB36_I1/Using_FPGA.Native/CLKARDCLK (clocked by clk_out1_system_clk_wiz_0_0) and system_i/microblaze_0/U0/MicroBlaze_Core_I/Performance.Core/Data_Flow_I/Byte_Doublet_Handle_gti_I/MEM_DataBus_Write_Data_reg[28]/CE (clocked by clk_out1_system_clk_wiz_0_0). Large setup violations at the end of those stages might be difficult to fix during the post-placement implementation flow and could be the result of non-optimal XDC constraints or non-optimal design architecture
Related violations: <none>

TIMING-16#593 Warning
Large setup violation  
There is a large setup violation of -1.965 ns between system_i/microblaze_0/U0/MicroBlaze_Core_I/Performance.Core/Using_DCache.Using_WriteBack.DCache_wb_I1/TAG_RAM_Module/Not_Using_XPM.Using_B36_S36.The_BRAMs[0].RAMB36_I1/Using_FPGA.Native/CLKARDCLK (clocked by clk_out1_system_clk_wiz_0_0) and system_i/microblaze_0/U0/MicroBlaze_Core_I/Performance.Core/Data_Flow_I/Barrel_Shifter_I/Use_HW_BS.Using_BitField.Gen_Bits[0].mem_Rd_reg[0]/CE (clocked by clk_out1_system_clk_wiz_0_0). Large setup violations at the end of those stages might be difficult to fix during the post-placement implementation flow and could be the result of non-optimal XDC constraints or non-optimal design architecture
Related violations: <none>

TIMING-16#594 Warning
Large setup violation  
There is a large setup violation of -1.965 ns between system_i/microblaze_0/U0/MicroBlaze_Core_I/Performance.Core/Using_DCache.Using_WriteBack.DCache_wb_I1/TAG_RAM_Module/Not_Using_XPM.Using_B36_S36.The_BRAMs[0].RAMB36_I1/Using_FPGA.Native/CLKARDCLK (clocked by clk_out1_system_clk_wiz_0_0) and system_i/microblaze_0/U0/MicroBlaze_Core_I/Performance.Core/Data_Flow_I/Barrel_Shifter_I/Use_HW_BS.Using_BitField.Gen_Bits[26].mem_Rd_reg[26]/CE (clocked by clk_out1_system_clk_wiz_0_0). Large setup violations at the end of those stages might be difficult to fix during the post-placement implementation flow and could be the result of non-optimal XDC constraints or non-optimal design architecture
Related violations: <none>

TIMING-16#595 Warning
Large setup violation  
There is a large setup violation of -1.965 ns between system_i/microblaze_0/U0/MicroBlaze_Core_I/Performance.Core/Using_DCache.Using_WriteBack.DCache_wb_I1/TAG_RAM_Module/Not_Using_XPM.Using_B36_S36.The_BRAMs[0].RAMB36_I1/Using_FPGA.Native/CLKARDCLK (clocked by clk_out1_system_clk_wiz_0_0) and system_i/microblaze_0/U0/MicroBlaze_Core_I/Performance.Core/Data_Flow_I/Barrel_Shifter_I/Use_HW_BS.Using_BitField.Gen_Bits[27].mem_Rd_reg[27]/CE (clocked by clk_out1_system_clk_wiz_0_0). Large setup violations at the end of those stages might be difficult to fix during the post-placement implementation flow and could be the result of non-optimal XDC constraints or non-optimal design architecture
Related violations: <none>

TIMING-16#596 Warning
Large setup violation  
There is a large setup violation of -1.965 ns between system_i/microblaze_0/U0/MicroBlaze_Core_I/Performance.Core/Using_DCache.Using_WriteBack.DCache_wb_I1/TAG_RAM_Module/Not_Using_XPM.Using_B36_S36.The_BRAMs[0].RAMB36_I1/Using_FPGA.Native/CLKARDCLK (clocked by clk_out1_system_clk_wiz_0_0) and system_i/microblaze_0/U0/MicroBlaze_Core_I/Performance.Core/Data_Flow_I/Barrel_Shifter_I/Use_HW_BS.Using_BitField.Gen_Bits[30].mem_Rd_reg[30]/CE (clocked by clk_out1_system_clk_wiz_0_0). Large setup violations at the end of those stages might be difficult to fix during the post-placement implementation flow and could be the result of non-optimal XDC constraints or non-optimal design architecture
Related violations: <none>

TIMING-16#597 Warning
Large setup violation  
There is a large setup violation of -1.965 ns between system_i/microblaze_0/U0/MicroBlaze_Core_I/Performance.Core/Using_DCache.Using_WriteBack.DCache_wb_I1/TAG_RAM_Module/Not_Using_XPM.Using_B36_S36.The_BRAMs[0].RAMB36_I1/Using_FPGA.Native/CLKARDCLK (clocked by clk_out1_system_clk_wiz_0_0) and system_i/microblaze_0/U0/MicroBlaze_Core_I/Performance.Core/Data_Flow_I/Byte_Doublet_Handle_gti_I/MEM_DataBus_Write_Data_reg[22]/CE (clocked by clk_out1_system_clk_wiz_0_0). Large setup violations at the end of those stages might be difficult to fix during the post-placement implementation flow and could be the result of non-optimal XDC constraints or non-optimal design architecture
Related violations: <none>

TIMING-16#598 Warning
Large setup violation  
There is a large setup violation of -1.965 ns between system_i/microblaze_0/U0/MicroBlaze_Core_I/Performance.Core/Using_DCache.Using_WriteBack.DCache_wb_I1/TAG_RAM_Module/Not_Using_XPM.Using_B36_S36.The_BRAMs[0].RAMB36_I1/Using_FPGA.Native/CLKARDCLK (clocked by clk_out1_system_clk_wiz_0_0) and system_i/microblaze_0/U0/MicroBlaze_Core_I/Performance.Core/Data_Flow_I/Data_Flow_Logic_I/MEM_Not_Mul_Op_reg/CE (clocked by clk_out1_system_clk_wiz_0_0). Large setup violations at the end of those stages might be difficult to fix during the post-placement implementation flow and could be the result of non-optimal XDC constraints or non-optimal design architecture
Related violations: <none>

TIMING-16#599 Warning
Large setup violation  
There is a large setup violation of -1.965 ns between system_i/microblaze_0/U0/MicroBlaze_Core_I/Performance.Core/Using_DCache.Using_WriteBack.DCache_wb_I1/TAG_RAM_Module/Not_Using_XPM.Using_B36_S36.The_BRAMs[0].RAMB36_I1/Using_FPGA.Native/CLKARDCLK (clocked by clk_out1_system_clk_wiz_0_0) and system_i/microblaze_0/U0/MicroBlaze_Core_I/Performance.Core/Decode_I/MEM_DataBus_Read_reg/CE (clocked by clk_out1_system_clk_wiz_0_0). Large setup violations at the end of those stages might be difficult to fix during the post-placement implementation flow and could be the result of non-optimal XDC constraints or non-optimal design architecture
Related violations: <none>

TIMING-16#600 Warning
Large setup violation  
There is a large setup violation of -1.970 ns between system_i/microblaze_0/U0/MicroBlaze_Core_I/Performance.Core/Using_DCache.Using_WriteBack.DCache_wb_I1/TAG_RAM_Module/Not_Using_XPM.Using_B36_S36.The_BRAMs[0].RAMB36_I1/Using_FPGA.Native/CLKARDCLK (clocked by clk_out1_system_clk_wiz_0_0) and system_i/microblaze_0/U0/MicroBlaze_Core_I/Performance.Core/Data_Flow_I/Barrel_Shifter_I/Use_HW_BS.Using_BitField.mem_mask0_reg[4]/CE (clocked by clk_out1_system_clk_wiz_0_0). Large setup violations at the end of those stages might be difficult to fix during the post-placement implementation flow and could be the result of non-optimal XDC constraints or non-optimal design architecture
Related violations: <none>

TIMING-16#601 Warning
Large setup violation  
There is a large setup violation of -1.970 ns between system_i/microblaze_0/U0/MicroBlaze_Core_I/Performance.Core/Using_DCache.Using_WriteBack.DCache_wb_I1/TAG_RAM_Module/Not_Using_XPM.Using_B36_S36.The_BRAMs[0].RAMB36_I1/Using_FPGA.Native/CLKARDCLK (clocked by clk_out1_system_clk_wiz_0_0) and system_i/microblaze_0/U0/MicroBlaze_Core_I/Performance.Core/Data_Flow_I/Barrel_Shifter_I/Use_HW_BS.Using_BitField.mem_mask1_reg[15]/CE (clocked by clk_out1_system_clk_wiz_0_0). Large setup violations at the end of those stages might be difficult to fix during the post-placement implementation flow and could be the result of non-optimal XDC constraints or non-optimal design architecture
Related violations: <none>

TIMING-16#602 Warning
Large setup violation  
There is a large setup violation of -1.970 ns between system_i/microblaze_0/U0/MicroBlaze_Core_I/Performance.Core/Using_DCache.Using_WriteBack.DCache_wb_I1/TAG_RAM_Module/Not_Using_XPM.Using_B36_S36.The_BRAMs[0].RAMB36_I1/Using_FPGA.Native/CLKARDCLK (clocked by clk_out1_system_clk_wiz_0_0) and system_i/microblaze_0/U0/MicroBlaze_Core_I/Performance.Core/Data_Flow_I/Barrel_Shifter_I/Use_HW_BS.Using_BitField.mem_mask1_reg[4]/CE (clocked by clk_out1_system_clk_wiz_0_0). Large setup violations at the end of those stages might be difficult to fix during the post-placement implementation flow and could be the result of non-optimal XDC constraints or non-optimal design architecture
Related violations: <none>

TIMING-16#603 Warning
Large setup violation  
There is a large setup violation of -1.970 ns between system_i/microblaze_0/U0/MicroBlaze_Core_I/Performance.Core/Using_DCache.Using_WriteBack.DCache_wb_I1/TAG_RAM_Module/Not_Using_XPM.Using_B36_S36.The_BRAMs[0].RAMB36_I1/Using_FPGA.Native/CLKARDCLK (clocked by clk_out1_system_clk_wiz_0_0) and system_i/microblaze_0/U0/MicroBlaze_Core_I/Performance.Core/Data_Flow_I/Barrel_Shifter_I/Use_HW_BS.Using_BitField.mem_mask1_reg[5]/CE (clocked by clk_out1_system_clk_wiz_0_0). Large setup violations at the end of those stages might be difficult to fix during the post-placement implementation flow and could be the result of non-optimal XDC constraints or non-optimal design architecture
Related violations: <none>

TIMING-16#604 Warning
Large setup violation  
There is a large setup violation of -1.972 ns between system_i/microblaze_0/U0/MicroBlaze_Core_I/Performance.Core/Using_DCache.Using_WriteBack.DCache_wb_I1/TAG_RAM_Module/Not_Using_XPM.Using_B36_S36.The_BRAMs[0].RAMB36_I1/Using_FPGA.Native/CLKARDCLK (clocked by clk_out1_system_clk_wiz_0_0) and system_i/microblaze_0/U0/MicroBlaze_Core_I/Performance.Core/Data_Flow_I/Barrel_Shifter_I/Use_HW_BS.Using_BitField.mem_mask0_reg[6]/CE (clocked by clk_out1_system_clk_wiz_0_0). Large setup violations at the end of those stages might be difficult to fix during the post-placement implementation flow and could be the result of non-optimal XDC constraints or non-optimal design architecture
Related violations: <none>

TIMING-16#605 Warning
Large setup violation  
There is a large setup violation of -1.972 ns between system_i/microblaze_0/U0/MicroBlaze_Core_I/Performance.Core/Using_DCache.Using_WriteBack.DCache_wb_I1/TAG_RAM_Module/Not_Using_XPM.Using_B36_S36.The_BRAMs[0].RAMB36_I1/Using_FPGA.Native/CLKARDCLK (clocked by clk_out1_system_clk_wiz_0_0) and system_i/microblaze_0/U0/MicroBlaze_Core_I/Performance.Core/Data_Flow_I/Barrel_Shifter_I/Use_HW_BS.Using_BitField.mem_mask1_reg[11]/CE (clocked by clk_out1_system_clk_wiz_0_0). Large setup violations at the end of those stages might be difficult to fix during the post-placement implementation flow and could be the result of non-optimal XDC constraints or non-optimal design architecture
Related violations: <none>

TIMING-16#606 Warning
Large setup violation  
There is a large setup violation of -1.972 ns between system_i/microblaze_0/U0/MicroBlaze_Core_I/Performance.Core/Using_DCache.Using_WriteBack.DCache_wb_I1/TAG_RAM_Module/Not_Using_XPM.Using_B36_S36.The_BRAMs[0].RAMB36_I1/Using_FPGA.Native/CLKARDCLK (clocked by clk_out1_system_clk_wiz_0_0) and system_i/microblaze_0/U0/MicroBlaze_Core_I/Performance.Core/Data_Flow_I/Barrel_Shifter_I/Use_HW_BS.Using_BitField.mem_mask1_reg[24]/CE (clocked by clk_out1_system_clk_wiz_0_0). Large setup violations at the end of those stages might be difficult to fix during the post-placement implementation flow and could be the result of non-optimal XDC constraints or non-optimal design architecture
Related violations: <none>

TIMING-16#607 Warning
Large setup violation  
There is a large setup violation of -1.972 ns between system_i/microblaze_0/U0/MicroBlaze_Core_I/Performance.Core/Using_DCache.Using_WriteBack.DCache_wb_I1/TAG_RAM_Module/Not_Using_XPM.Using_B36_S36.The_BRAMs[0].RAMB36_I1/Using_FPGA.Native/CLKARDCLK (clocked by clk_out1_system_clk_wiz_0_0) and system_i/microblaze_0/U0/MicroBlaze_Core_I/Performance.Core/Data_Flow_I/Barrel_Shifter_I/Use_HW_BS.Using_BitField.mem_mask1_reg[7]/CE (clocked by clk_out1_system_clk_wiz_0_0). Large setup violations at the end of those stages might be difficult to fix during the post-placement implementation flow and could be the result of non-optimal XDC constraints or non-optimal design architecture
Related violations: <none>

TIMING-16#608 Warning
Large setup violation  
There is a large setup violation of -1.972 ns between system_i/microblaze_0/U0/MicroBlaze_Core_I/Performance.Core/Using_DCache.Using_WriteBack.DCache_wb_I1/TAG_RAM_Module/Not_Using_XPM.Using_B36_S36.The_BRAMs[0].RAMB36_I1/Using_FPGA.Native/CLKARDCLK (clocked by clk_out1_system_clk_wiz_0_0) and system_i/microblaze_0/U0/MicroBlaze_Core_I/Performance.Core/Data_Flow_I/Using_Div_Unit.Div_unit_I1/MEM_Div_By_Zero_reg/CE (clocked by clk_out1_system_clk_wiz_0_0). Large setup violations at the end of those stages might be difficult to fix during the post-placement implementation flow and could be the result of non-optimal XDC constraints or non-optimal design architecture
Related violations: <none>

TIMING-16#609 Warning
Large setup violation  
There is a large setup violation of -1.972 ns between system_i/microblaze_0/U0/MicroBlaze_Core_I/Performance.Core/Using_DCache.Using_WriteBack.DCache_wb_I1/TAG_RAM_Module/Not_Using_XPM.Using_B36_S36.The_BRAMs[0].RAMB36_I1/Using_FPGA.Native/CLKARDCLK (clocked by clk_out1_system_clk_wiz_0_0) and system_i/microblaze_0/U0/MicroBlaze_Core_I/Performance.Core/Data_Flow_I/exception_registers_I1/Use_LUT6.mem_BTR_reg[19]/CE (clocked by clk_out1_system_clk_wiz_0_0). Large setup violations at the end of those stages might be difficult to fix during the post-placement implementation flow and could be the result of non-optimal XDC constraints or non-optimal design architecture
Related violations: <none>

TIMING-16#610 Warning
Large setup violation  
There is a large setup violation of -1.972 ns between system_i/microblaze_0/U0/MicroBlaze_Core_I/Performance.Core/Using_DCache.Using_WriteBack.DCache_wb_I1/TAG_RAM_Module/Not_Using_XPM.Using_B36_S36.The_BRAMs[0].RAMB36_I1/Using_FPGA.Native/CLKARDCLK (clocked by clk_out1_system_clk_wiz_0_0) and system_i/microblaze_0/U0/MicroBlaze_Core_I/Performance.Core/Data_Flow_I/exception_registers_I1/Use_LUT6.mem_BTR_reg[20]/CE (clocked by clk_out1_system_clk_wiz_0_0). Large setup violations at the end of those stages might be difficult to fix during the post-placement implementation flow and could be the result of non-optimal XDC constraints or non-optimal design architecture
Related violations: <none>

TIMING-16#611 Warning
Large setup violation  
There is a large setup violation of -1.972 ns between system_i/microblaze_0/U0/MicroBlaze_Core_I/Performance.Core/Using_DCache.Using_WriteBack.DCache_wb_I1/TAG_RAM_Module/Not_Using_XPM.Using_B36_S36.The_BRAMs[0].RAMB36_I1/Using_FPGA.Native/CLKARDCLK (clocked by clk_out1_system_clk_wiz_0_0) and system_i/microblaze_0/U0/MicroBlaze_Core_I/Performance.Core/Data_Flow_I/exception_registers_I1/Use_LUT6.mem_BTR_reg[25]/CE (clocked by clk_out1_system_clk_wiz_0_0). Large setup violations at the end of those stages might be difficult to fix during the post-placement implementation flow and could be the result of non-optimal XDC constraints or non-optimal design architecture
Related violations: <none>

TIMING-16#612 Warning
Large setup violation  
There is a large setup violation of -1.972 ns between system_i/microblaze_0/U0/MicroBlaze_Core_I/Performance.Core/Using_DCache.Using_WriteBack.DCache_wb_I1/TAG_RAM_Module/Not_Using_XPM.Using_B36_S36.The_BRAMs[0].RAMB36_I1/Using_FPGA.Native/CLKARDCLK (clocked by clk_out1_system_clk_wiz_0_0) and system_i/microblaze_0/U0/MicroBlaze_Core_I/Performance.Core/Data_Flow_I/exception_registers_I1/Use_LUT6.mem_BTR_reg[3]/CE (clocked by clk_out1_system_clk_wiz_0_0). Large setup violations at the end of those stages might be difficult to fix during the post-placement implementation flow and could be the result of non-optimal XDC constraints or non-optimal design architecture
Related violations: <none>

TIMING-16#613 Warning
Large setup violation  
There is a large setup violation of -1.972 ns between system_i/microblaze_0/U0/MicroBlaze_Core_I/Performance.Core/Using_DCache.Using_WriteBack.DCache_wb_I1/TAG_RAM_Module/Not_Using_XPM.Using_B36_S36.The_BRAMs[0].RAMB36_I1/Using_FPGA.Native/CLKARDCLK (clocked by clk_out1_system_clk_wiz_0_0) and system_i/microblaze_0/U0/MicroBlaze_Core_I/Performance.Core/Data_Flow_I/exception_registers_I1/Use_LUT6.mem_BTR_reg[4]/CE (clocked by clk_out1_system_clk_wiz_0_0). Large setup violations at the end of those stages might be difficult to fix during the post-placement implementation flow and could be the result of non-optimal XDC constraints or non-optimal design architecture
Related violations: <none>

TIMING-16#614 Warning
Large setup violation  
There is a large setup violation of -1.972 ns between system_i/microblaze_0/U0/MicroBlaze_Core_I/Performance.Core/Using_DCache.Using_WriteBack.DCache_wb_I1/TAG_RAM_Module/Not_Using_XPM.Using_B36_S36.The_BRAMs[0].RAMB36_I1/Using_FPGA.Native/CLKARDCLK (clocked by clk_out1_system_clk_wiz_0_0) and system_i/microblaze_0/U0/MicroBlaze_Core_I/Performance.Core/Data_Flow_I/exception_registers_I1/Use_LUT6.mem_BTR_reg[9]/CE (clocked by clk_out1_system_clk_wiz_0_0). Large setup violations at the end of those stages might be difficult to fix during the post-placement implementation flow and could be the result of non-optimal XDC constraints or non-optimal design architecture
Related violations: <none>

TIMING-16#615 Warning
Large setup violation  
There is a large setup violation of -1.974 ns between system_i/microblaze_0/U0/MicroBlaze_Core_I/Performance.Core/Data_Flow_I/exception_registers_I1/Using_FPGA_LUT6.Gen_Ret_Addr[24].WB_PC_FDRE/Using_FPGA.Native/C (clocked by clk_out1_system_clk_wiz_0_0) and system_i/microblaze_0/U0/MicroBlaze_Core_I/Performance.Core/Data_Flow_I/Operand_Select_I/EX_Branch_CMP_Op1_reg[2]/D (clocked by clk_out1_system_clk_wiz_0_0). Large setup violations at the end of those stages might be difficult to fix during the post-placement implementation flow and could be the result of non-optimal XDC constraints or non-optimal design architecture
Related violations: <none>

TIMING-16#616 Warning
Large setup violation  
There is a large setup violation of -1.975 ns between system_i/microblaze_0/U0/MicroBlaze_Core_I/Performance.Core/Data_Flow_I/Operand_Select_I/EX_Op1_reg[29]/C (clocked by clk_out1_system_clk_wiz_0_0) and system_i/microblaze_0/U0/MicroBlaze_Core_I/Performance.Core/Data_Flow_I/Operand_Select_I/EX_Op2_reg[10]/D (clocked by clk_out1_system_clk_wiz_0_0). Large setup violations at the end of those stages might be difficult to fix during the post-placement implementation flow and could be the result of non-optimal XDC constraints or non-optimal design architecture
Related violations: <none>

TIMING-16#617 Warning
Large setup violation  
There is a large setup violation of -1.981 ns between system_i/microblaze_0/U0/MicroBlaze_Core_I/Performance.Core/Using_DCache.Using_WriteBack.DCache_wb_I1/TAG_RAM_Module/Not_Using_XPM.Using_B36_S36.The_BRAMs[0].RAMB36_I1/Using_FPGA.Native/CLKARDCLK (clocked by clk_out1_system_clk_wiz_0_0) and system_i/microblaze_0/U0/MicroBlaze_Core_I/Performance.Core/Data_Flow_I/MUL_Unit_I/Use_HW_MUL.Using_DSP48_Architectures.No_MUL64.dsp_module_I2/Using_DSP48E1.DSP48E1_I1/Using_FPGA.DSP48E1_I1/CEM (clocked by clk_out1_system_clk_wiz_0_0). Large setup violations at the end of those stages might be difficult to fix during the post-placement implementation flow and could be the result of non-optimal XDC constraints or non-optimal design architecture
Related violations: <none>

TIMING-16#618 Warning
Large setup violation  
There is a large setup violation of -1.983 ns between system_i/microblaze_0/U0/MicroBlaze_Core_I/Performance.Core/Using_DCache.Using_WriteBack.DCache_wb_I1/TAG_RAM_Module/Not_Using_XPM.Using_B36_S36.The_BRAMs[0].RAMB36_I1/Using_FPGA.Native/CLKARDCLK (clocked by clk_out1_system_clk_wiz_0_0) and system_i/microblaze_0/U0/MicroBlaze_Core_I/Performance.Core/Data_Flow_I/Barrel_Shifter_I/Use_HW_BS.mem_mux3_reg[12]/CE (clocked by clk_out1_system_clk_wiz_0_0). Large setup violations at the end of those stages might be difficult to fix during the post-placement implementation flow and could be the result of non-optimal XDC constraints or non-optimal design architecture
Related violations: <none>

TIMING-16#619 Warning
Large setup violation  
There is a large setup violation of -1.983 ns between system_i/microblaze_0/U0/MicroBlaze_Core_I/Performance.Core/Using_DCache.Using_WriteBack.DCache_wb_I1/TAG_RAM_Module/Not_Using_XPM.Using_B36_S36.The_BRAMs[0].RAMB36_I1/Using_FPGA.Native/CLKARDCLK (clocked by clk_out1_system_clk_wiz_0_0) and system_i/microblaze_0/U0/MicroBlaze_Core_I/Performance.Core/Data_Flow_I/Barrel_Shifter_I/Use_HW_BS.mem_mux3_reg[16]/CE (clocked by clk_out1_system_clk_wiz_0_0). Large setup violations at the end of those stages might be difficult to fix during the post-placement implementation flow and could be the result of non-optimal XDC constraints or non-optimal design architecture
Related violations: <none>

TIMING-16#620 Warning
Large setup violation  
There is a large setup violation of -1.983 ns between system_i/microblaze_0/U0/MicroBlaze_Core_I/Performance.Core/Using_DCache.Using_WriteBack.DCache_wb_I1/TAG_RAM_Module/Not_Using_XPM.Using_B36_S36.The_BRAMs[0].RAMB36_I1/Using_FPGA.Native/CLKARDCLK (clocked by clk_out1_system_clk_wiz_0_0) and system_i/microblaze_0/U0/MicroBlaze_Core_I/Performance.Core/Data_Flow_I/Barrel_Shifter_I/Use_HW_BS.mem_mux3_reg[22]/CE (clocked by clk_out1_system_clk_wiz_0_0). Large setup violations at the end of those stages might be difficult to fix during the post-placement implementation flow and could be the result of non-optimal XDC constraints or non-optimal design architecture
Related violations: <none>

TIMING-16#621 Warning
Large setup violation  
There is a large setup violation of -1.983 ns between system_i/microblaze_0/U0/MicroBlaze_Core_I/Performance.Core/Using_DCache.Using_WriteBack.DCache_wb_I1/TAG_RAM_Module/Not_Using_XPM.Using_B36_S36.The_BRAMs[0].RAMB36_I1/Using_FPGA.Native/CLKARDCLK (clocked by clk_out1_system_clk_wiz_0_0) and system_i/microblaze_0/U0/MicroBlaze_Core_I/Performance.Core/Data_Flow_I/Barrel_Shifter_I/Use_HW_BS.mem_mux3_reg[26]/CE (clocked by clk_out1_system_clk_wiz_0_0). Large setup violations at the end of those stages might be difficult to fix during the post-placement implementation flow and could be the result of non-optimal XDC constraints or non-optimal design architecture
Related violations: <none>

TIMING-16#622 Warning
Large setup violation  
There is a large setup violation of -1.983 ns between system_i/microblaze_0/U0/MicroBlaze_Core_I/Performance.Core/Using_DCache.Using_WriteBack.DCache_wb_I1/TAG_RAM_Module/Not_Using_XPM.Using_B36_S36.The_BRAMs[0].RAMB36_I1/Using_FPGA.Native/CLKARDCLK (clocked by clk_out1_system_clk_wiz_0_0) and system_i/microblaze_0/U0/MicroBlaze_Core_I/Performance.Core/Data_Flow_I/Barrel_Shifter_I/Use_HW_BS.mem_mux3_reg[27]/CE (clocked by clk_out1_system_clk_wiz_0_0). Large setup violations at the end of those stages might be difficult to fix during the post-placement implementation flow and could be the result of non-optimal XDC constraints or non-optimal design architecture
Related violations: <none>

TIMING-16#623 Warning
Large setup violation  
There is a large setup violation of -1.983 ns between system_i/microblaze_0/U0/MicroBlaze_Core_I/Performance.Core/Using_DCache.Using_WriteBack.DCache_wb_I1/TAG_RAM_Module/Not_Using_XPM.Using_B36_S36.The_BRAMs[0].RAMB36_I1/Using_FPGA.Native/CLKARDCLK (clocked by clk_out1_system_clk_wiz_0_0) and system_i/microblaze_0/U0/MicroBlaze_Core_I/Performance.Core/Data_Flow_I/Barrel_Shifter_I/Use_HW_BS.mem_mux3_reg[4]/CE (clocked by clk_out1_system_clk_wiz_0_0). Large setup violations at the end of those stages might be difficult to fix during the post-placement implementation flow and could be the result of non-optimal XDC constraints or non-optimal design architecture
Related violations: <none>

TIMING-16#624 Warning
Large setup violation  
There is a large setup violation of -1.983 ns between system_i/microblaze_0/U0/MicroBlaze_Core_I/Performance.Core/Using_DCache.Using_WriteBack.DCache_wb_I1/TAG_RAM_Module/Not_Using_XPM.Using_B36_S36.The_BRAMs[0].RAMB36_I1/Using_FPGA.Native/CLKARDCLK (clocked by clk_out1_system_clk_wiz_0_0) and system_i/microblaze_0/U0/MicroBlaze_Core_I/Performance.Core/Data_Flow_I/Barrel_Shifter_I/Use_HW_BS.mem_mux3_reg[8]/CE (clocked by clk_out1_system_clk_wiz_0_0). Large setup violations at the end of those stages might be difficult to fix during the post-placement implementation flow and could be the result of non-optimal XDC constraints or non-optimal design architecture
Related violations: <none>

TIMING-16#625 Warning
Large setup violation  
There is a large setup violation of -1.984 ns between system_i/microblaze_0/U0/MicroBlaze_Core_I/Performance.Core/Data_Flow_I/Operand_Select_I/EX_Op1_reg[29]/C (clocked by clk_out1_system_clk_wiz_0_0) and system_i/microblaze_0/U0/MicroBlaze_Core_I/Performance.Core/Data_Flow_I/Operand_Select_I/EX_Op2_reg[14]/D (clocked by clk_out1_system_clk_wiz_0_0). Large setup violations at the end of those stages might be difficult to fix during the post-placement implementation flow and could be the result of non-optimal XDC constraints or non-optimal design architecture
Related violations: <none>

TIMING-16#626 Warning
Large setup violation  
There is a large setup violation of -1.989 ns between system_i/microblaze_0/U0/MicroBlaze_Core_I/Performance.Core/Decode_I/mem_gpr_write_reg/C (clocked by clk_out1_system_clk_wiz_0_0) and system_i/microblaze_0/U0/MicroBlaze_Core_I/Performance.Core/Data_Flow_I/Operand_Select_I/EX_Op2_reg[28]/D (clocked by clk_out1_system_clk_wiz_0_0). Large setup violations at the end of those stages might be difficult to fix during the post-placement implementation flow and could be the result of non-optimal XDC constraints or non-optimal design architecture
Related violations: <none>

TIMING-16#627 Warning
Large setup violation  
There is a large setup violation of -1.990 ns between system_i/microblaze_0/U0/MicroBlaze_Core_I/Performance.Core/Data_Flow_I/Operand_Select_I/EX_Op1_reg[29]/C (clocked by clk_out1_system_clk_wiz_0_0) and system_i/microblaze_0/U0/MicroBlaze_Core_I/Performance.Core/Data_Flow_I/Operand_Select_I/EX_Branch_CMP_Op1_reg[15]/D (clocked by clk_out1_system_clk_wiz_0_0). Large setup violations at the end of those stages might be difficult to fix during the post-placement implementation flow and could be the result of non-optimal XDC constraints or non-optimal design architecture
Related violations: <none>

TIMING-16#628 Warning
Large setup violation  
There is a large setup violation of -1.995 ns between system_i/microblaze_0/U0/MicroBlaze_Core_I/Performance.Core/Using_DCache.Using_WriteBack.DCache_wb_I1/TAG_RAM_Module/Not_Using_XPM.Using_B36_S36.The_BRAMs[0].RAMB36_I1/Using_FPGA.Native/CLKARDCLK (clocked by clk_out1_system_clk_wiz_0_0) and system_i/microblaze_0/U0/MicroBlaze_Core_I/Performance.Core/Data_Flow_I/Byte_Doublet_Handle_gti_I/MEM_DataBus_Byte_Enable_reg[3]/CE (clocked by clk_out1_system_clk_wiz_0_0). Large setup violations at the end of those stages might be difficult to fix during the post-placement implementation flow and could be the result of non-optimal XDC constraints or non-optimal design architecture
Related violations: <none>

TIMING-16#629 Warning
Large setup violation  
There is a large setup violation of -1.995 ns between system_i/microblaze_0/U0/MicroBlaze_Core_I/Performance.Core/Using_DCache.Using_WriteBack.DCache_wb_I1/TAG_RAM_Module/Not_Using_XPM.Using_B36_S36.The_BRAMs[0].RAMB36_I1/Using_FPGA.Native/CLKARDCLK (clocked by clk_out1_system_clk_wiz_0_0) and system_i/microblaze_0/U0/MicroBlaze_Core_I/Performance.Core/Data_Flow_I/Byte_Doublet_Handle_gti_I/MEM_DataBus_Write_Data_reg[13]/CE (clocked by clk_out1_system_clk_wiz_0_0). Large setup violations at the end of those stages might be difficult to fix during the post-placement implementation flow and could be the result of non-optimal XDC constraints or non-optimal design architecture
Related violations: <none>

TIMING-16#630 Warning
Large setup violation  
There is a large setup violation of -1.995 ns between system_i/microblaze_0/U0/MicroBlaze_Core_I/Performance.Core/Using_DCache.Using_WriteBack.DCache_wb_I1/TAG_RAM_Module/Not_Using_XPM.Using_B36_S36.The_BRAMs[0].RAMB36_I1/Using_FPGA.Native/CLKARDCLK (clocked by clk_out1_system_clk_wiz_0_0) and system_i/microblaze_0/U0/MicroBlaze_Core_I/Performance.Core/Data_Flow_I/Byte_Doublet_Handle_gti_I/MEM_DataBus_Write_Data_reg[24]/CE (clocked by clk_out1_system_clk_wiz_0_0). Large setup violations at the end of those stages might be difficult to fix during the post-placement implementation flow and could be the result of non-optimal XDC constraints or non-optimal design architecture
Related violations: <none>

TIMING-16#631 Warning
Large setup violation  
There is a large setup violation of -1.995 ns between system_i/microblaze_0/U0/MicroBlaze_Core_I/Performance.Core/Using_DCache.Using_WriteBack.DCache_wb_I1/TAG_RAM_Module/Not_Using_XPM.Using_B36_S36.The_BRAMs[0].RAMB36_I1/Using_FPGA.Native/CLKARDCLK (clocked by clk_out1_system_clk_wiz_0_0) and system_i/microblaze_0/U0/MicroBlaze_Core_I/Performance.Core/Data_Flow_I/Byte_Doublet_Handle_gti_I/mem_byte_selects_reg[0]/CE (clocked by clk_out1_system_clk_wiz_0_0). Large setup violations at the end of those stages might be difficult to fix during the post-placement implementation flow and could be the result of non-optimal XDC constraints or non-optimal design architecture
Related violations: <none>

TIMING-16#632 Warning
Large setup violation  
There is a large setup violation of -1.997 ns between system_i/microblaze_0/U0/MicroBlaze_Core_I/Performance.Core/Use_DBUS.DAXI_Interface_I1/WB_DAXI_Data_Strobe_reg/C (clocked by clk_out1_system_clk_wiz_0_0) and system_i/microblaze_0/U0/MicroBlaze_Core_I/Performance.Core/Data_Flow_I/Operand_Select_I/EX_Branch_CMP_Op1_reg[12]/D (clocked by clk_out1_system_clk_wiz_0_0). Large setup violations at the end of those stages might be difficult to fix during the post-placement implementation flow and could be the result of non-optimal XDC constraints or non-optimal design architecture
Related violations: <none>

TIMING-16#633 Warning
Large setup violation  
There is a large setup violation of -2.003 ns between system_i/microblaze_0/U0/MicroBlaze_Core_I/Performance.Core/Using_DCache.Using_WriteBack.DCache_wb_I1/Using_Perf_4.WB_DCache_Valid_Read_data_reg[24]/C (clocked by clk_out1_system_clk_wiz_0_0) and system_i/microblaze_0/U0/MicroBlaze_Core_I/Performance.Core/Data_Flow_I/Operand_Select_I/EX_Branch_CMP_Op1_reg[0]/D (clocked by clk_out1_system_clk_wiz_0_0). Large setup violations at the end of those stages might be difficult to fix during the post-placement implementation flow and could be the result of non-optimal XDC constraints or non-optimal design architecture
Related violations: <none>

TIMING-16#634 Warning
Large setup violation  
There is a large setup violation of -2.006 ns between system_i/microblaze_0/U0/MicroBlaze_Core_I/Performance.Core/Using_DCache.Using_WriteBack.DCache_wb_I1/TAG_RAM_Module/Not_Using_XPM.Using_B36_S36.The_BRAMs[0].RAMB36_I1/Using_FPGA.Native/CLKARDCLK (clocked by clk_out1_system_clk_wiz_0_0) and system_i/microblaze_0/U0/MicroBlaze_Core_I/Performance.Core/Data_Flow_I/Barrel_Shifter_I/Use_HW_BS.Using_BitField.mem_mask0_reg[25]/CE (clocked by clk_out1_system_clk_wiz_0_0). Large setup violations at the end of those stages might be difficult to fix during the post-placement implementation flow and could be the result of non-optimal XDC constraints or non-optimal design architecture
Related violations: <none>

TIMING-16#635 Warning
Large setup violation  
There is a large setup violation of -2.006 ns between system_i/microblaze_0/U0/MicroBlaze_Core_I/Performance.Core/Using_DCache.Using_WriteBack.DCache_wb_I1/TAG_RAM_Module/Not_Using_XPM.Using_B36_S36.The_BRAMs[0].RAMB36_I1/Using_FPGA.Native/CLKARDCLK (clocked by clk_out1_system_clk_wiz_0_0) and system_i/microblaze_0/U0/MicroBlaze_Core_I/Performance.Core/Data_Flow_I/Barrel_Shifter_I/Use_HW_BS.Using_BitField.mem_mask0_reg[9]/CE (clocked by clk_out1_system_clk_wiz_0_0). Large setup violations at the end of those stages might be difficult to fix during the post-placement implementation flow and could be the result of non-optimal XDC constraints or non-optimal design architecture
Related violations: <none>

TIMING-16#636 Warning
Large setup violation  
There is a large setup violation of -2.006 ns between system_i/microblaze_0/U0/MicroBlaze_Core_I/Performance.Core/Using_DCache.Using_WriteBack.DCache_wb_I1/TAG_RAM_Module/Not_Using_XPM.Using_B36_S36.The_BRAMs[0].RAMB36_I1/Using_FPGA.Native/CLKARDCLK (clocked by clk_out1_system_clk_wiz_0_0) and system_i/microblaze_0/U0/MicroBlaze_Core_I/Performance.Core/Data_Flow_I/Barrel_Shifter_I/Use_HW_BS.Using_BitField.mem_mask1_reg[12]/CE (clocked by clk_out1_system_clk_wiz_0_0). Large setup violations at the end of those stages might be difficult to fix during the post-placement implementation flow and could be the result of non-optimal XDC constraints or non-optimal design architecture
Related violations: <none>

TIMING-16#637 Warning
Large setup violation  
There is a large setup violation of -2.006 ns between system_i/microblaze_0/U0/MicroBlaze_Core_I/Performance.Core/Using_DCache.Using_WriteBack.DCache_wb_I1/TAG_RAM_Module/Not_Using_XPM.Using_B36_S36.The_BRAMs[0].RAMB36_I1/Using_FPGA.Native/CLKARDCLK (clocked by clk_out1_system_clk_wiz_0_0) and system_i/microblaze_0/U0/MicroBlaze_Core_I/Performance.Core/Data_Flow_I/Barrel_Shifter_I/Use_HW_BS.Using_BitField.mem_mask1_reg[13]/CE (clocked by clk_out1_system_clk_wiz_0_0). Large setup violations at the end of those stages might be difficult to fix during the post-placement implementation flow and could be the result of non-optimal XDC constraints or non-optimal design architecture
Related violations: <none>

TIMING-16#638 Warning
Large setup violation  
There is a large setup violation of -2.006 ns between system_i/microblaze_0/U0/MicroBlaze_Core_I/Performance.Core/Using_DCache.Using_WriteBack.DCache_wb_I1/TAG_RAM_Module/Not_Using_XPM.Using_B36_S36.The_BRAMs[0].RAMB36_I1/Using_FPGA.Native/CLKARDCLK (clocked by clk_out1_system_clk_wiz_0_0) and system_i/microblaze_0/U0/MicroBlaze_Core_I/Performance.Core/Data_Flow_I/Barrel_Shifter_I/Use_HW_BS.Using_BitField.mem_mask1_reg[18]/CE (clocked by clk_out1_system_clk_wiz_0_0). Large setup violations at the end of those stages might be difficult to fix during the post-placement implementation flow and could be the result of non-optimal XDC constraints or non-optimal design architecture
Related violations: <none>

TIMING-16#639 Warning
Large setup violation  
There is a large setup violation of -2.006 ns between system_i/microblaze_0/U0/MicroBlaze_Core_I/Performance.Core/Using_DCache.Using_WriteBack.DCache_wb_I1/TAG_RAM_Module/Not_Using_XPM.Using_B36_S36.The_BRAMs[0].RAMB36_I1/Using_FPGA.Native/CLKARDCLK (clocked by clk_out1_system_clk_wiz_0_0) and system_i/microblaze_0/U0/MicroBlaze_Core_I/Performance.Core/Data_Flow_I/Barrel_Shifter_I/Use_HW_BS.Using_BitField.mem_mask1_reg[28]/CE (clocked by clk_out1_system_clk_wiz_0_0). Large setup violations at the end of those stages might be difficult to fix during the post-placement implementation flow and could be the result of non-optimal XDC constraints or non-optimal design architecture
Related violations: <none>

TIMING-16#640 Warning
Large setup violation  
There is a large setup violation of -2.006 ns between system_i/microblaze_0/U0/MicroBlaze_Core_I/Performance.Core/Using_DCache.Using_WriteBack.DCache_wb_I1/TAG_RAM_Module/Not_Using_XPM.Using_B36_S36.The_BRAMs[0].RAMB36_I1/Using_FPGA.Native/CLKARDCLK (clocked by clk_out1_system_clk_wiz_0_0) and system_i/microblaze_0/U0/MicroBlaze_Core_I/Performance.Core/Data_Flow_I/Barrel_Shifter_I/Use_HW_BS.Using_BitField.mem_mask1_reg[2]/CE (clocked by clk_out1_system_clk_wiz_0_0). Large setup violations at the end of those stages might be difficult to fix during the post-placement implementation flow and could be the result of non-optimal XDC constraints or non-optimal design architecture
Related violations: <none>

TIMING-16#641 Warning
Large setup violation  
There is a large setup violation of -2.006 ns between system_i/microblaze_0/U0/MicroBlaze_Core_I/Performance.Core/Using_DCache.Using_WriteBack.DCache_wb_I1/TAG_RAM_Module/Not_Using_XPM.Using_B36_S36.The_BRAMs[0].RAMB36_I1/Using_FPGA.Native/CLKARDCLK (clocked by clk_out1_system_clk_wiz_0_0) and system_i/microblaze_0/U0/MicroBlaze_Core_I/Performance.Core/Data_Flow_I/Barrel_Shifter_I/Use_HW_BS.Using_BitField.mem_mask1_reg[30]/CE (clocked by clk_out1_system_clk_wiz_0_0). Large setup violations at the end of those stages might be difficult to fix during the post-placement implementation flow and could be the result of non-optimal XDC constraints or non-optimal design architecture
Related violations: <none>

TIMING-16#642 Warning
Large setup violation  
There is a large setup violation of -2.013 ns between system_i/microblaze_0/U0/MicroBlaze_Core_I/Performance.Core/Using_DCache.Using_WriteBack.DCache_wb_I1/TAG_RAM_Module/Not_Using_XPM.Using_B36_S36.The_BRAMs[0].RAMB36_I1/Using_FPGA.Native/CLKARDCLK (clocked by clk_out1_system_clk_wiz_0_0) and system_i/microblaze_0/U0/MicroBlaze_Core_I/Performance.Core/Data_Flow_I/Byte_Doublet_Handle_gti_I/mem_reverse_byteorder_reg/CE (clocked by clk_out1_system_clk_wiz_0_0). Large setup violations at the end of those stages might be difficult to fix during the post-placement implementation flow and could be the result of non-optimal XDC constraints or non-optimal design architecture
Related violations: <none>

TIMING-16#643 Warning
Large setup violation  
There is a large setup violation of -2.014 ns between system_i/microblaze_0/U0/MicroBlaze_Core_I/Performance.Core/Using_DCache.Using_WriteBack.DCache_wb_I1/TAG_RAM_Module/Not_Using_XPM.Using_B36_S36.The_BRAMs[0].RAMB36_I1/Using_FPGA.Native/CLKARDCLK (clocked by clk_out1_system_clk_wiz_0_0) and system_i/microblaze_0/U0/MicroBlaze_Core_I/Performance.Core/Data_Flow_I/exception_registers_I1/Using_FPGA_LUT6.Gen_Ret_Addr[27].WB_PC_FDRE/Using_FPGA.Native/CE (clocked by clk_out1_system_clk_wiz_0_0). Large setup violations at the end of those stages might be difficult to fix during the post-placement implementation flow and could be the result of non-optimal XDC constraints or non-optimal design architecture
Related violations: <none>

TIMING-16#644 Warning
Large setup violation  
There is a large setup violation of -2.014 ns between system_i/microblaze_0/U0/MicroBlaze_Core_I/Performance.Core/Using_DCache.Using_WriteBack.DCache_wb_I1/TAG_RAM_Module/Not_Using_XPM.Using_B36_S36.The_BRAMs[0].RAMB36_I1/Using_FPGA.Native/CLKARDCLK (clocked by clk_out1_system_clk_wiz_0_0) and system_i/microblaze_0/U0/MicroBlaze_Core_I/Performance.Core/Data_Flow_I/exception_registers_I1/Using_FPGA_LUT6.Gen_Ret_Addr[28].WB_PC_FDRE/Using_FPGA.Native/CE (clocked by clk_out1_system_clk_wiz_0_0). Large setup violations at the end of those stages might be difficult to fix during the post-placement implementation flow and could be the result of non-optimal XDC constraints or non-optimal design architecture
Related violations: <none>

TIMING-16#645 Warning
Large setup violation  
There is a large setup violation of -2.015 ns between system_i/microblaze_0/U0/MicroBlaze_Core_I/Performance.Core/Using_DCache.Using_WriteBack.DCache_wb_I1/TAG_RAM_Module/Not_Using_XPM.Using_B36_S36.The_BRAMs[0].RAMB36_I1/Using_FPGA.Native/CLKARDCLK (clocked by clk_out1_system_clk_wiz_0_0) and system_i/microblaze_0/U0/MicroBlaze_Core_I/Performance.Core/Data_Flow_I/Byte_Doublet_Handle_gti_I/No_Long.Reverse_Mem_Accesses.wb_read_msb_doublet_sel_reg/CE (clocked by clk_out1_system_clk_wiz_0_0). Large setup violations at the end of those stages might be difficult to fix during the post-placement implementation flow and could be the result of non-optimal XDC constraints or non-optimal design architecture
Related violations: <none>

TIMING-16#646 Warning
Large setup violation  
There is a large setup violation of -2.018 ns between system_i/microblaze_0/U0/MicroBlaze_Core_I/Performance.Core/Decode_I/mem_gpr_write_reg/C (clocked by clk_out1_system_clk_wiz_0_0) and system_i/microblaze_0/U0/MicroBlaze_Core_I/Performance.Core/Data_Flow_I/Operand_Select_I/EX_Op2_reg[17]/D (clocked by clk_out1_system_clk_wiz_0_0). Large setup violations at the end of those stages might be difficult to fix during the post-placement implementation flow and could be the result of non-optimal XDC constraints or non-optimal design architecture
Related violations: <none>

TIMING-16#647 Warning
Large setup violation  
There is a large setup violation of -2.018 ns between system_i/microblaze_0/U0/MicroBlaze_Core_I/Performance.Core/Using_DCache.Using_WriteBack.DCache_wb_I1/TAG_RAM_Module/Not_Using_XPM.Using_B36_S36.The_BRAMs[0].RAMB36_I1/Using_FPGA.Native/CLKARDCLK (clocked by clk_out1_system_clk_wiz_0_0) and system_i/microblaze_0/U0/MicroBlaze_Core_I/Performance.Core/Data_Flow_I/Barrel_Shifter_I/Use_HW_BS.Using_BitField.mem_mask1_reg[0]/CE (clocked by clk_out1_system_clk_wiz_0_0). Large setup violations at the end of those stages might be difficult to fix during the post-placement implementation flow and could be the result of non-optimal XDC constraints or non-optimal design architecture
Related violations: <none>

TIMING-16#648 Warning
Large setup violation  
There is a large setup violation of -2.018 ns between system_i/microblaze_0/U0/MicroBlaze_Core_I/Performance.Core/Using_DCache.Using_WriteBack.DCache_wb_I1/TAG_RAM_Module/Not_Using_XPM.Using_B36_S36.The_BRAMs[0].RAMB36_I1/Using_FPGA.Native/CLKARDCLK (clocked by clk_out1_system_clk_wiz_0_0) and system_i/microblaze_0/U0/MicroBlaze_Core_I/Performance.Core/Data_Flow_I/Barrel_Shifter_I/Use_HW_BS.Using_BitField.mem_mask1_reg[1]/CE (clocked by clk_out1_system_clk_wiz_0_0). Large setup violations at the end of those stages might be difficult to fix during the post-placement implementation flow and could be the result of non-optimal XDC constraints or non-optimal design architecture
Related violations: <none>

TIMING-16#649 Warning
Large setup violation  
There is a large setup violation of -2.019 ns between system_i/microblaze_0/U0/MicroBlaze_Core_I/Performance.Core/Using_DCache.Using_WriteBack.DCache_wb_I1/TAG_RAM_Module/Not_Using_XPM.Using_B36_S36.The_BRAMs[0].RAMB36_I1/Using_FPGA.Native/CLKARDCLK (clocked by clk_out1_system_clk_wiz_0_0) and system_i/microblaze_0/U0/MicroBlaze_Core_I/Performance.Core/Data_Flow_I/Operand_Select_I/EX_Op1_reg[26]/CE (clocked by clk_out1_system_clk_wiz_0_0). Large setup violations at the end of those stages might be difficult to fix during the post-placement implementation flow and could be the result of non-optimal XDC constraints or non-optimal design architecture
Related violations: <none>

TIMING-16#650 Warning
Large setup violation  
There is a large setup violation of -2.019 ns between system_i/microblaze_0/U0/MicroBlaze_Core_I/Performance.Core/Using_DCache.Using_WriteBack.DCache_wb_I1/TAG_RAM_Module/Not_Using_XPM.Using_B36_S36.The_BRAMs[0].RAMB36_I1/Using_FPGA.Native/CLKARDCLK (clocked by clk_out1_system_clk_wiz_0_0) and system_i/microblaze_0/U0/MicroBlaze_Core_I/Performance.Core/Data_Flow_I/Operand_Select_I/EX_Op2_reg[16]/CE (clocked by clk_out1_system_clk_wiz_0_0). Large setup violations at the end of those stages might be difficult to fix during the post-placement implementation flow and could be the result of non-optimal XDC constraints or non-optimal design architecture
Related violations: <none>

TIMING-16#651 Warning
Large setup violation  
There is a large setup violation of -2.027 ns between system_i/microblaze_0/U0/MicroBlaze_Core_I/Performance.Core/Using_DCache.Using_WriteBack.DCache_wb_I1/TAG_RAM_Module/Not_Using_XPM.Using_B36_S36.The_BRAMs[0].RAMB36_I1/Using_FPGA.Native/CLKARDCLK (clocked by clk_out1_system_clk_wiz_0_0) and system_i/microblaze_0/U0/MicroBlaze_Core_I/Performance.Core/Data_Flow_I/exception_registers_I1/mem_EAR_reg[31]/CE (clocked by clk_out1_system_clk_wiz_0_0). Large setup violations at the end of those stages might be difficult to fix during the post-placement implementation flow and could be the result of non-optimal XDC constraints or non-optimal design architecture
Related violations: <none>

TIMING-16#652 Warning
Large setup violation  
There is a large setup violation of -2.027 ns between system_i/microblaze_0/U0/MicroBlaze_Core_I/Performance.Core/Using_DCache.Using_WriteBack.DCache_wb_I1/TAG_RAM_Module/Not_Using_XPM.Using_B36_S36.The_BRAMs[0].RAMB36_I1/Using_FPGA.Native/CLKARDCLK (clocked by clk_out1_system_clk_wiz_0_0) and system_i/microblaze_0/U0/MicroBlaze_Core_I/Performance.Core/Decode_I/MEM_DataBus_Addr_reg[29]/CE (clocked by clk_out1_system_clk_wiz_0_0). Large setup violations at the end of those stages might be difficult to fix during the post-placement implementation flow and could be the result of non-optimal XDC constraints or non-optimal design architecture
Related violations: <none>

TIMING-16#653 Warning
Large setup violation  
There is a large setup violation of -2.028 ns between system_i/microblaze_0/U0/MicroBlaze_Core_I/Performance.Core/Using_DCache.Using_WriteBack.DCache_wb_I1/TAG_RAM_Module/Not_Using_XPM.Using_B36_S36.The_BRAMs[0].RAMB36_I1/Using_FPGA.Native/CLKARDCLK (clocked by clk_out1_system_clk_wiz_0_0) and system_i/microblaze_0/U0/MicroBlaze_Core_I/Performance.Core/Decode_I/PC_Module_I/Instruction_Prefetch_Mux[18].Gen_Instr_DFF/Using_FPGA.Native/D (clocked by clk_out1_system_clk_wiz_0_0). Large setup violations at the end of those stages might be difficult to fix during the post-placement implementation flow and could be the result of non-optimal XDC constraints or non-optimal design architecture
Related violations: <none>

TIMING-16#654 Warning
Large setup violation  
There is a large setup violation of -2.032 ns between system_i/microblaze_0/U0/MicroBlaze_Core_I/Performance.Core/Data_Flow_I/Operand_Select_I/EX_Op1_reg[29]/C (clocked by clk_out1_system_clk_wiz_0_0) and system_i/microblaze_0/U0/MicroBlaze_Core_I/Performance.Core/Data_Flow_I/Operand_Select_I/EX_Branch_CMP_Op1_reg[13]/D (clocked by clk_out1_system_clk_wiz_0_0). Large setup violations at the end of those stages might be difficult to fix during the post-placement implementation flow and could be the result of non-optimal XDC constraints or non-optimal design architecture
Related violations: <none>

TIMING-16#655 Warning
Large setup violation  
There is a large setup violation of -2.032 ns between system_i/microblaze_0/U0/MicroBlaze_Core_I/Performance.Core/Using_DCache.Using_WriteBack.DCache_wb_I1/TAG_RAM_Module/Not_Using_XPM.Using_B36_S36.The_BRAMs[0].RAMB36_I1/Using_FPGA.Native/CLKARDCLK (clocked by clk_out1_system_clk_wiz_0_0) and system_i/microblaze_0/U0/MicroBlaze_Core_I/Performance.Core/Data_Flow_I/Operand_Select_I/EX_Branch_CMP_Op1_reg[0]/CE (clocked by clk_out1_system_clk_wiz_0_0). Large setup violations at the end of those stages might be difficult to fix during the post-placement implementation flow and could be the result of non-optimal XDC constraints or non-optimal design architecture
Related violations: <none>

TIMING-16#656 Warning
Large setup violation  
There is a large setup violation of -2.032 ns between system_i/microblaze_0/U0/MicroBlaze_Core_I/Performance.Core/Using_DCache.Using_WriteBack.DCache_wb_I1/TAG_RAM_Module/Not_Using_XPM.Using_B36_S36.The_BRAMs[0].RAMB36_I1/Using_FPGA.Native/CLKARDCLK (clocked by clk_out1_system_clk_wiz_0_0) and system_i/microblaze_0/U0/MicroBlaze_Core_I/Performance.Core/Data_Flow_I/Operand_Select_I/EX_Branch_CMP_Op1_reg[24]/CE (clocked by clk_out1_system_clk_wiz_0_0). Large setup violations at the end of those stages might be difficult to fix during the post-placement implementation flow and could be the result of non-optimal XDC constraints or non-optimal design architecture
Related violations: <none>

TIMING-16#657 Warning
Large setup violation  
There is a large setup violation of -2.041 ns between system_i/microblaze_0/U0/MicroBlaze_Core_I/Performance.Core/Using_DCache.Using_WriteBack.DCache_wb_I1/TAG_RAM_Module/Not_Using_XPM.Using_B36_S36.The_BRAMs[0].RAMB36_I1/Using_FPGA.Native/CLKARDCLK (clocked by clk_out1_system_clk_wiz_0_0) and system_i/microblaze_0/U0/MicroBlaze_Core_I/Performance.Core/Data_Flow_I/Operand_Select_I/EX_Branch_CMP_Op1_reg[31]/CE (clocked by clk_out1_system_clk_wiz_0_0). Large setup violations at the end of those stages might be difficult to fix during the post-placement implementation flow and could be the result of non-optimal XDC constraints or non-optimal design architecture
Related violations: <none>

TIMING-16#658 Warning
Large setup violation  
There is a large setup violation of -2.041 ns between system_i/microblaze_0/U0/MicroBlaze_Core_I/Performance.Core/Using_DCache.Using_WriteBack.DCache_wb_I1/TAG_RAM_Module/Not_Using_XPM.Using_B36_S36.The_BRAMs[0].RAMB36_I1/Using_FPGA.Native/CLKARDCLK (clocked by clk_out1_system_clk_wiz_0_0) and system_i/microblaze_0/U0/MicroBlaze_Core_I/Performance.Core/Data_Flow_I/Operand_Select_I/EX_Branch_CMP_Op1_reg[9]/CE (clocked by clk_out1_system_clk_wiz_0_0). Large setup violations at the end of those stages might be difficult to fix during the post-placement implementation flow and could be the result of non-optimal XDC constraints or non-optimal design architecture
Related violations: <none>

TIMING-16#659 Warning
Large setup violation  
There is a large setup violation of -2.041 ns between system_i/microblaze_0/U0/MicroBlaze_Core_I/Performance.Core/Using_DCache.Using_WriteBack.DCache_wb_I1/TAG_RAM_Module/Not_Using_XPM.Using_B36_S36.The_BRAMs[0].RAMB36_I1/Using_FPGA.Native/CLKARDCLK (clocked by clk_out1_system_clk_wiz_0_0) and system_i/microblaze_0/U0/MicroBlaze_Core_I/Performance.Core/Data_Flow_I/Operand_Select_I/EX_Op2_reg[13]/CE (clocked by clk_out1_system_clk_wiz_0_0). Large setup violations at the end of those stages might be difficult to fix during the post-placement implementation flow and could be the result of non-optimal XDC constraints or non-optimal design architecture
Related violations: <none>

TIMING-16#660 Warning
Large setup violation  
There is a large setup violation of -2.041 ns between system_i/microblaze_0/U0/MicroBlaze_Core_I/Performance.Core/Using_DCache.Using_WriteBack.DCache_wb_I1/TAG_RAM_Module/Not_Using_XPM.Using_B36_S36.The_BRAMs[0].RAMB36_I1/Using_FPGA.Native/CLKARDCLK (clocked by clk_out1_system_clk_wiz_0_0) and system_i/microblaze_0/U0/MicroBlaze_Core_I/Performance.Core/Data_Flow_I/Operand_Select_I/EX_Op3_reg[12]/CE (clocked by clk_out1_system_clk_wiz_0_0). Large setup violations at the end of those stages might be difficult to fix during the post-placement implementation flow and could be the result of non-optimal XDC constraints or non-optimal design architecture
Related violations: <none>

TIMING-16#661 Warning
Large setup violation  
There is a large setup violation of -2.041 ns between system_i/microblaze_0/U0/MicroBlaze_Core_I/Performance.Core/Using_DCache.Using_WriteBack.DCache_wb_I1/TAG_RAM_Module/Not_Using_XPM.Using_B36_S36.The_BRAMs[0].RAMB36_I1/Using_FPGA.Native/CLKARDCLK (clocked by clk_out1_system_clk_wiz_0_0) and system_i/microblaze_0/U0/MicroBlaze_Core_I/Performance.Core/Data_Flow_I/Operand_Select_I/EX_Op3_reg[13]/CE (clocked by clk_out1_system_clk_wiz_0_0). Large setup violations at the end of those stages might be difficult to fix during the post-placement implementation flow and could be the result of non-optimal XDC constraints or non-optimal design architecture
Related violations: <none>

TIMING-16#662 Warning
Large setup violation  
There is a large setup violation of -2.041 ns between system_i/microblaze_0/U0/MicroBlaze_Core_I/Performance.Core/Using_DCache.Using_WriteBack.DCache_wb_I1/TAG_RAM_Module/Not_Using_XPM.Using_B36_S36.The_BRAMs[0].RAMB36_I1/Using_FPGA.Native/CLKARDCLK (clocked by clk_out1_system_clk_wiz_0_0) and system_i/microblaze_0/U0/MicroBlaze_Core_I/Performance.Core/Data_Flow_I/Operand_Select_I/EX_Op3_reg[17]/CE (clocked by clk_out1_system_clk_wiz_0_0). Large setup violations at the end of those stages might be difficult to fix during the post-placement implementation flow and could be the result of non-optimal XDC constraints or non-optimal design architecture
Related violations: <none>

TIMING-16#663 Warning
Large setup violation  
There is a large setup violation of -2.041 ns between system_i/microblaze_0/U0/MicroBlaze_Core_I/Performance.Core/Using_DCache.Using_WriteBack.DCache_wb_I1/TAG_RAM_Module/Not_Using_XPM.Using_B36_S36.The_BRAMs[0].RAMB36_I1/Using_FPGA.Native/CLKARDCLK (clocked by clk_out1_system_clk_wiz_0_0) and system_i/microblaze_0/U0/MicroBlaze_Core_I/Performance.Core/Decode_I/PC_Module_I/Instruction_Prefetch_Mux[30].Gen_Instr_DFF/Using_FPGA.Native/D (clocked by clk_out1_system_clk_wiz_0_0). Large setup violations at the end of those stages might be difficult to fix during the post-placement implementation flow and could be the result of non-optimal XDC constraints or non-optimal design architecture
Related violations: <none>

TIMING-16#664 Warning
Large setup violation  
There is a large setup violation of -2.043 ns between system_i/microblaze_0/U0/MicroBlaze_Core_I/Performance.Core/Using_DCache.Using_WriteBack.DCache_wb_I1/TAG_RAM_Module/Not_Using_XPM.Using_B36_S36.The_BRAMs[0].RAMB36_I1/Using_FPGA.Native/CLKARDCLK (clocked by clk_out1_system_clk_wiz_0_0) and system_i/microblaze_0/U0/MicroBlaze_Core_I/Performance.Core/Data_Flow_I/Operand_Select_I/EX_Branch_CMP_Op1_reg[10]/CE (clocked by clk_out1_system_clk_wiz_0_0). Large setup violations at the end of those stages might be difficult to fix during the post-placement implementation flow and could be the result of non-optimal XDC constraints or non-optimal design architecture
Related violations: <none>

TIMING-16#665 Warning
Large setup violation  
There is a large setup violation of -2.043 ns between system_i/microblaze_0/U0/MicroBlaze_Core_I/Performance.Core/Using_DCache.Using_WriteBack.DCache_wb_I1/TAG_RAM_Module/Not_Using_XPM.Using_B36_S36.The_BRAMs[0].RAMB36_I1/Using_FPGA.Native/CLKARDCLK (clocked by clk_out1_system_clk_wiz_0_0) and system_i/microblaze_0/U0/MicroBlaze_Core_I/Performance.Core/Data_Flow_I/Operand_Select_I/EX_Branch_CMP_Op1_reg[15]/CE (clocked by clk_out1_system_clk_wiz_0_0). Large setup violations at the end of those stages might be difficult to fix during the post-placement implementation flow and could be the result of non-optimal XDC constraints or non-optimal design architecture
Related violations: <none>

TIMING-16#666 Warning
Large setup violation  
There is a large setup violation of -2.043 ns between system_i/microblaze_0/U0/MicroBlaze_Core_I/Performance.Core/Using_DCache.Using_WriteBack.DCache_wb_I1/TAG_RAM_Module/Not_Using_XPM.Using_B36_S36.The_BRAMs[0].RAMB36_I1/Using_FPGA.Native/CLKARDCLK (clocked by clk_out1_system_clk_wiz_0_0) and system_i/microblaze_0/U0/MicroBlaze_Core_I/Performance.Core/Data_Flow_I/Operand_Select_I/EX_Op3_reg[16]/CE (clocked by clk_out1_system_clk_wiz_0_0). Large setup violations at the end of those stages might be difficult to fix during the post-placement implementation flow and could be the result of non-optimal XDC constraints or non-optimal design architecture
Related violations: <none>

TIMING-16#667 Warning
Large setup violation  
There is a large setup violation of -2.043 ns between system_i/microblaze_0/U0/MicroBlaze_Core_I/Performance.Core/Using_DCache.Using_WriteBack.DCache_wb_I1/TAG_RAM_Module/Not_Using_XPM.Using_B36_S36.The_BRAMs[0].RAMB36_I1/Using_FPGA.Native/CLKARDCLK (clocked by clk_out1_system_clk_wiz_0_0) and system_i/microblaze_0/U0/MicroBlaze_Core_I/Performance.Core/Decode_I/EX_Arith_Shift_reg/CE (clocked by clk_out1_system_clk_wiz_0_0). Large setup violations at the end of those stages might be difficult to fix during the post-placement implementation flow and could be the result of non-optimal XDC constraints or non-optimal design architecture
Related violations: <none>

TIMING-16#668 Warning
Large setup violation  
There is a large setup violation of -2.044 ns between system_i/microblaze_0/U0/MicroBlaze_Core_I/Performance.Core/Using_DCache.Using_WriteBack.DCache_wb_I1/TAG_RAM_Module/Not_Using_XPM.Using_B36_S36.The_BRAMs[0].RAMB36_I1/Using_FPGA.Native/CLKARDCLK (clocked by clk_out1_system_clk_wiz_0_0) and system_i/microblaze_0/U0/MicroBlaze_Core_I/Performance.Core/Data_Flow_I/exception_registers_I1/Using_FPGA_LUT6.Gen_Ret_Addr[6].WB_PC_FDRE/Using_FPGA.Native/CE (clocked by clk_out1_system_clk_wiz_0_0). Large setup violations at the end of those stages might be difficult to fix during the post-placement implementation flow and could be the result of non-optimal XDC constraints or non-optimal design architecture
Related violations: <none>

TIMING-16#669 Warning
Large setup violation  
There is a large setup violation of -2.044 ns between system_i/microblaze_0/U0/MicroBlaze_Core_I/Performance.Core/Using_DCache.Using_WriteBack.DCache_wb_I1/TAG_RAM_Module/Not_Using_XPM.Using_B36_S36.The_BRAMs[0].RAMB36_I1/Using_FPGA.Native/CLKARDCLK (clocked by clk_out1_system_clk_wiz_0_0) and system_i/microblaze_0/U0/MicroBlaze_Core_I/Performance.Core/Data_Flow_I/exception_registers_I1/Using_FPGA_LUT6.Gen_Ret_Addr[8].WB_PC_FDRE/Using_FPGA.Native/CE (clocked by clk_out1_system_clk_wiz_0_0). Large setup violations at the end of those stages might be difficult to fix during the post-placement implementation flow and could be the result of non-optimal XDC constraints or non-optimal design architecture
Related violations: <none>

TIMING-16#670 Warning
Large setup violation  
There is a large setup violation of -2.048 ns between system_i/microblaze_0/U0/MicroBlaze_Core_I/Performance.Core/Using_DCache.Using_WriteBack.DCache_wb_I1/TAG_RAM_Module/Not_Using_XPM.Using_B36_S36.The_BRAMs[0].RAMB36_I1/Using_FPGA.Native/CLKARDCLK (clocked by clk_out1_system_clk_wiz_0_0) and system_i/microblaze_0/U0/MicroBlaze_Core_I/Performance.Core/Decode_I/OF_Take_Exception_hold_reg/D (clocked by clk_out1_system_clk_wiz_0_0). Large setup violations at the end of those stages might be difficult to fix during the post-placement implementation flow and could be the result of non-optimal XDC constraints or non-optimal design architecture
Related violations: <none>

TIMING-16#671 Warning
Large setup violation  
There is a large setup violation of -2.050 ns between system_i/microblaze_0/U0/MicroBlaze_Core_I/Performance.Core/Using_DCache.Using_WriteBack.DCache_wb_I1/TAG_RAM_Module/Not_Using_XPM.Using_B36_S36.The_BRAMs[0].RAMB36_I1/Using_FPGA.Native/CLKARDCLK (clocked by clk_out1_system_clk_wiz_0_0) and system_i/microblaze_0/U0/MicroBlaze_Core_I/Performance.Core/Data_Flow_I/Operand_Select_I/EX_Branch_CMP_Op1_reg[19]/CE (clocked by clk_out1_system_clk_wiz_0_0). Large setup violations at the end of those stages might be difficult to fix during the post-placement implementation flow and could be the result of non-optimal XDC constraints or non-optimal design architecture
Related violations: <none>

TIMING-16#672 Warning
Large setup violation  
There is a large setup violation of -2.050 ns between system_i/microblaze_0/U0/MicroBlaze_Core_I/Performance.Core/Using_DCache.Using_WriteBack.DCache_wb_I1/TAG_RAM_Module/Not_Using_XPM.Using_B36_S36.The_BRAMs[0].RAMB36_I1/Using_FPGA.Native/CLKARDCLK (clocked by clk_out1_system_clk_wiz_0_0) and system_i/microblaze_0/U0/MicroBlaze_Core_I/Performance.Core/Data_Flow_I/Operand_Select_I/EX_Branch_CMP_Op1_reg[22]/CE (clocked by clk_out1_system_clk_wiz_0_0). Large setup violations at the end of those stages might be difficult to fix during the post-placement implementation flow and could be the result of non-optimal XDC constraints or non-optimal design architecture
Related violations: <none>

TIMING-16#673 Warning
Large setup violation  
There is a large setup violation of -2.050 ns between system_i/microblaze_0/U0/MicroBlaze_Core_I/Performance.Core/Using_DCache.Using_WriteBack.DCache_wb_I1/TAG_RAM_Module/Not_Using_XPM.Using_B36_S36.The_BRAMs[0].RAMB36_I1/Using_FPGA.Native/CLKARDCLK (clocked by clk_out1_system_clk_wiz_0_0) and system_i/microblaze_0/U0/MicroBlaze_Core_I/Performance.Core/Data_Flow_I/Operand_Select_I/EX_Branch_CMP_Op1_reg[23]/CE (clocked by clk_out1_system_clk_wiz_0_0). Large setup violations at the end of those stages might be difficult to fix during the post-placement implementation flow and could be the result of non-optimal XDC constraints or non-optimal design architecture
Related violations: <none>

TIMING-16#674 Warning
Large setup violation  
There is a large setup violation of -2.050 ns between system_i/microblaze_0/U0/MicroBlaze_Core_I/Performance.Core/Using_DCache.Using_WriteBack.DCache_wb_I1/TAG_RAM_Module/Not_Using_XPM.Using_B36_S36.The_BRAMs[0].RAMB36_I1/Using_FPGA.Native/CLKARDCLK (clocked by clk_out1_system_clk_wiz_0_0) and system_i/microblaze_0/U0/MicroBlaze_Core_I/Performance.Core/Data_Flow_I/Operand_Select_I/EX_Branch_CMP_Op1_reg[7]/CE (clocked by clk_out1_system_clk_wiz_0_0). Large setup violations at the end of those stages might be difficult to fix during the post-placement implementation flow and could be the result of non-optimal XDC constraints or non-optimal design architecture
Related violations: <none>

TIMING-16#675 Warning
Large setup violation  
There is a large setup violation of -2.050 ns between system_i/microblaze_0/U0/MicroBlaze_Core_I/Performance.Core/Using_DCache.Using_WriteBack.DCache_wb_I1/TAG_RAM_Module/Not_Using_XPM.Using_B36_S36.The_BRAMs[0].RAMB36_I1/Using_FPGA.Native/CLKARDCLK (clocked by clk_out1_system_clk_wiz_0_0) and system_i/microblaze_0/U0/MicroBlaze_Core_I/Performance.Core/Decode_I/Detect_IExt_Exceptions.ex_IExt_Exception_reg/CE (clocked by clk_out1_system_clk_wiz_0_0). Large setup violations at the end of those stages might be difficult to fix during the post-placement implementation flow and could be the result of non-optimal XDC constraints or non-optimal design architecture
Related violations: <none>

TIMING-16#676 Warning
Large setup violation  
There is a large setup violation of -2.051 ns between system_i/microblaze_0/U0/MicroBlaze_Core_I/Performance.Core/Using_DCache.Using_WriteBack.DCache_wb_I1/TAG_RAM_Module/Not_Using_XPM.Using_B36_S36.The_BRAMs[0].RAMB36_I1/Using_FPGA.Native/CLKARDCLK (clocked by clk_out1_system_clk_wiz_0_0) and system_i/microblaze_0/U0/MicroBlaze_Core_I/Performance.Core/Data_Flow_I/Operand_Select_I/EX_Branch_CMP_Op1_reg[13]/CE (clocked by clk_out1_system_clk_wiz_0_0). Large setup violations at the end of those stages might be difficult to fix during the post-placement implementation flow and could be the result of non-optimal XDC constraints or non-optimal design architecture
Related violations: <none>

TIMING-16#677 Warning
Large setup violation  
There is a large setup violation of -2.051 ns between system_i/microblaze_0/U0/MicroBlaze_Core_I/Performance.Core/Using_DCache.Using_WriteBack.DCache_wb_I1/TAG_RAM_Module/Not_Using_XPM.Using_B36_S36.The_BRAMs[0].RAMB36_I1/Using_FPGA.Native/CLKARDCLK (clocked by clk_out1_system_clk_wiz_0_0) and system_i/microblaze_0/U0/MicroBlaze_Core_I/Performance.Core/Data_Flow_I/Operand_Select_I/EX_Branch_CMP_Op1_reg[16]/CE (clocked by clk_out1_system_clk_wiz_0_0). Large setup violations at the end of those stages might be difficult to fix during the post-placement implementation flow and could be the result of non-optimal XDC constraints or non-optimal design architecture
Related violations: <none>

TIMING-16#678 Warning
Large setup violation  
There is a large setup violation of -2.051 ns between system_i/microblaze_0/U0/MicroBlaze_Core_I/Performance.Core/Using_DCache.Using_WriteBack.DCache_wb_I1/TAG_RAM_Module/Not_Using_XPM.Using_B36_S36.The_BRAMs[0].RAMB36_I1/Using_FPGA.Native/CLKARDCLK (clocked by clk_out1_system_clk_wiz_0_0) and system_i/microblaze_0/U0/MicroBlaze_Core_I/Performance.Core/Data_Flow_I/Operand_Select_I/EX_Branch_CMP_Op1_reg[17]/CE (clocked by clk_out1_system_clk_wiz_0_0). Large setup violations at the end of those stages might be difficult to fix during the post-placement implementation flow and could be the result of non-optimal XDC constraints or non-optimal design architecture
Related violations: <none>

TIMING-16#679 Warning
Large setup violation  
There is a large setup violation of -2.051 ns between system_i/microblaze_0/U0/MicroBlaze_Core_I/Performance.Core/Using_DCache.Using_WriteBack.DCache_wb_I1/TAG_RAM_Module/Not_Using_XPM.Using_B36_S36.The_BRAMs[0].RAMB36_I1/Using_FPGA.Native/CLKARDCLK (clocked by clk_out1_system_clk_wiz_0_0) and system_i/microblaze_0/U0/MicroBlaze_Core_I/Performance.Core/Data_Flow_I/Operand_Select_I/EX_Branch_CMP_Op1_reg[1]/CE (clocked by clk_out1_system_clk_wiz_0_0). Large setup violations at the end of those stages might be difficult to fix during the post-placement implementation flow and could be the result of non-optimal XDC constraints or non-optimal design architecture
Related violations: <none>

TIMING-16#680 Warning
Large setup violation  
There is a large setup violation of -2.051 ns between system_i/microblaze_0/U0/MicroBlaze_Core_I/Performance.Core/Using_DCache.Using_WriteBack.DCache_wb_I1/TAG_RAM_Module/Not_Using_XPM.Using_B36_S36.The_BRAMs[0].RAMB36_I1/Using_FPGA.Native/CLKARDCLK (clocked by clk_out1_system_clk_wiz_0_0) and system_i/microblaze_0/U0/MicroBlaze_Core_I/Performance.Core/Data_Flow_I/Operand_Select_I/EX_Branch_CMP_Op1_reg[20]/CE (clocked by clk_out1_system_clk_wiz_0_0). Large setup violations at the end of those stages might be difficult to fix during the post-placement implementation flow and could be the result of non-optimal XDC constraints or non-optimal design architecture
Related violations: <none>

TIMING-16#681 Warning
Large setup violation  
There is a large setup violation of -2.051 ns between system_i/microblaze_0/U0/MicroBlaze_Core_I/Performance.Core/Using_DCache.Using_WriteBack.DCache_wb_I1/TAG_RAM_Module/Not_Using_XPM.Using_B36_S36.The_BRAMs[0].RAMB36_I1/Using_FPGA.Native/CLKARDCLK (clocked by clk_out1_system_clk_wiz_0_0) and system_i/microblaze_0/U0/MicroBlaze_Core_I/Performance.Core/Data_Flow_I/Operand_Select_I/EX_Op1_reg[17]/CE (clocked by clk_out1_system_clk_wiz_0_0). Large setup violations at the end of those stages might be difficult to fix during the post-placement implementation flow and could be the result of non-optimal XDC constraints or non-optimal design architecture
Related violations: <none>

TIMING-16#682 Warning
Large setup violation  
There is a large setup violation of -2.051 ns between system_i/microblaze_0/U0/MicroBlaze_Core_I/Performance.Core/Using_DCache.Using_WriteBack.DCache_wb_I1/TAG_RAM_Module/Not_Using_XPM.Using_B36_S36.The_BRAMs[0].RAMB36_I1/Using_FPGA.Native/CLKARDCLK (clocked by clk_out1_system_clk_wiz_0_0) and system_i/microblaze_0/U0/MicroBlaze_Core_I/Performance.Core/Data_Flow_I/Operand_Select_I/EX_Op2_reg[17]/CE (clocked by clk_out1_system_clk_wiz_0_0). Large setup violations at the end of those stages might be difficult to fix during the post-placement implementation flow and could be the result of non-optimal XDC constraints or non-optimal design architecture
Related violations: <none>

TIMING-16#683 Warning
Large setup violation  
There is a large setup violation of -2.051 ns between system_i/microblaze_0/U0/MicroBlaze_Core_I/Performance.Core/Using_DCache.Using_WriteBack.DCache_wb_I1/TAG_RAM_Module/Not_Using_XPM.Using_B36_S36.The_BRAMs[0].RAMB36_I1/Using_FPGA.Native/CLKARDCLK (clocked by clk_out1_system_clk_wiz_0_0) and system_i/microblaze_0/U0/MicroBlaze_Core_I/Performance.Core/Data_Flow_I/Operand_Select_I/EX_Op2_reg[18]/CE (clocked by clk_out1_system_clk_wiz_0_0). Large setup violations at the end of those stages might be difficult to fix during the post-placement implementation flow and could be the result of non-optimal XDC constraints or non-optimal design architecture
Related violations: <none>

TIMING-16#684 Warning
Large setup violation  
There is a large setup violation of -2.051 ns between system_i/microblaze_0/U0/MicroBlaze_Core_I/Performance.Core/Using_DCache.Using_WriteBack.DCache_wb_I1/TAG_RAM_Module/Not_Using_XPM.Using_B36_S36.The_BRAMs[0].RAMB36_I1/Using_FPGA.Native/CLKARDCLK (clocked by clk_out1_system_clk_wiz_0_0) and system_i/microblaze_0/U0/MicroBlaze_Core_I/Performance.Core/Data_Flow_I/Operand_Select_I/EX_Op2_reg[20]/CE (clocked by clk_out1_system_clk_wiz_0_0). Large setup violations at the end of those stages might be difficult to fix during the post-placement implementation flow and could be the result of non-optimal XDC constraints or non-optimal design architecture
Related violations: <none>

TIMING-16#685 Warning
Large setup violation  
There is a large setup violation of -2.051 ns between system_i/microblaze_0/U0/MicroBlaze_Core_I/Performance.Core/Using_DCache.Using_WriteBack.DCache_wb_I1/TAG_RAM_Module/Not_Using_XPM.Using_B36_S36.The_BRAMs[0].RAMB36_I1/Using_FPGA.Native/CLKARDCLK (clocked by clk_out1_system_clk_wiz_0_0) and system_i/microblaze_0/U0/MicroBlaze_Core_I/Performance.Core/Data_Flow_I/Operand_Select_I/EX_Op2_reg[23]/CE (clocked by clk_out1_system_clk_wiz_0_0). Large setup violations at the end of those stages might be difficult to fix during the post-placement implementation flow and could be the result of non-optimal XDC constraints or non-optimal design architecture
Related violations: <none>

TIMING-16#686 Warning
Large setup violation  
There is a large setup violation of -2.051 ns between system_i/microblaze_0/U0/MicroBlaze_Core_I/Performance.Core/Using_DCache.Using_WriteBack.DCache_wb_I1/TAG_RAM_Module/Not_Using_XPM.Using_B36_S36.The_BRAMs[0].RAMB36_I1/Using_FPGA.Native/CLKARDCLK (clocked by clk_out1_system_clk_wiz_0_0) and system_i/microblaze_0/U0/MicroBlaze_Core_I/Performance.Core/Data_Flow_I/Operand_Select_I/EX_Op2_reg[25]/CE (clocked by clk_out1_system_clk_wiz_0_0). Large setup violations at the end of those stages might be difficult to fix during the post-placement implementation flow and could be the result of non-optimal XDC constraints or non-optimal design architecture
Related violations: <none>

TIMING-16#687 Warning
Large setup violation  
There is a large setup violation of -2.051 ns between system_i/microblaze_0/U0/MicroBlaze_Core_I/Performance.Core/Using_DCache.Using_WriteBack.DCache_wb_I1/TAG_RAM_Module/Not_Using_XPM.Using_B36_S36.The_BRAMs[0].RAMB36_I1/Using_FPGA.Native/CLKARDCLK (clocked by clk_out1_system_clk_wiz_0_0) and system_i/microblaze_0/U0/MicroBlaze_Core_I/Performance.Core/Data_Flow_I/Operand_Select_I/EX_Op2_reg[26]/CE (clocked by clk_out1_system_clk_wiz_0_0). Large setup violations at the end of those stages might be difficult to fix during the post-placement implementation flow and could be the result of non-optimal XDC constraints or non-optimal design architecture
Related violations: <none>

TIMING-16#688 Warning
Large setup violation  
There is a large setup violation of -2.051 ns between system_i/microblaze_0/U0/MicroBlaze_Core_I/Performance.Core/Using_DCache.Using_WriteBack.DCache_wb_I1/TAG_RAM_Module/Not_Using_XPM.Using_B36_S36.The_BRAMs[0].RAMB36_I1/Using_FPGA.Native/CLKARDCLK (clocked by clk_out1_system_clk_wiz_0_0) and system_i/microblaze_0/U0/MicroBlaze_Core_I/Performance.Core/Data_Flow_I/Operand_Select_I/EX_Op2_reg[27]/CE (clocked by clk_out1_system_clk_wiz_0_0). Large setup violations at the end of those stages might be difficult to fix during the post-placement implementation flow and could be the result of non-optimal XDC constraints or non-optimal design architecture
Related violations: <none>

TIMING-16#689 Warning
Large setup violation  
There is a large setup violation of -2.051 ns between system_i/microblaze_0/U0/MicroBlaze_Core_I/Performance.Core/Using_DCache.Using_WriteBack.DCache_wb_I1/TAG_RAM_Module/Not_Using_XPM.Using_B36_S36.The_BRAMs[0].RAMB36_I1/Using_FPGA.Native/CLKARDCLK (clocked by clk_out1_system_clk_wiz_0_0) and system_i/microblaze_0/U0/MicroBlaze_Core_I/Performance.Core/Data_Flow_I/Operand_Select_I/EX_Op2_reg[28]/CE (clocked by clk_out1_system_clk_wiz_0_0). Large setup violations at the end of those stages might be difficult to fix during the post-placement implementation flow and could be the result of non-optimal XDC constraints or non-optimal design architecture
Related violations: <none>

TIMING-16#690 Warning
Large setup violation  
There is a large setup violation of -2.051 ns between system_i/microblaze_0/U0/MicroBlaze_Core_I/Performance.Core/Using_DCache.Using_WriteBack.DCache_wb_I1/TAG_RAM_Module/Not_Using_XPM.Using_B36_S36.The_BRAMs[0].RAMB36_I1/Using_FPGA.Native/CLKARDCLK (clocked by clk_out1_system_clk_wiz_0_0) and system_i/microblaze_0/U0/MicroBlaze_Core_I/Performance.Core/Data_Flow_I/Operand_Select_I/EX_Op2_reg[29]/CE (clocked by clk_out1_system_clk_wiz_0_0). Large setup violations at the end of those stages might be difficult to fix during the post-placement implementation flow and could be the result of non-optimal XDC constraints or non-optimal design architecture
Related violations: <none>

TIMING-16#691 Warning
Large setup violation  
There is a large setup violation of -2.052 ns between system_i/microblaze_0/U0/MicroBlaze_Core_I/Performance.Core/Using_DCache.Using_WriteBack.DCache_wb_I1/TAG_RAM_Module/Not_Using_XPM.Using_B36_S36.The_BRAMs[0].RAMB36_I1/Using_FPGA.Native/CLKARDCLK (clocked by clk_out1_system_clk_wiz_0_0) and system_i/microblaze_0/U0/MicroBlaze_Core_I/Performance.Core/Data_Flow_I/exception_registers_I1/Use_LUT6.mem_BTR_reg[21]/CE (clocked by clk_out1_system_clk_wiz_0_0). Large setup violations at the end of those stages might be difficult to fix during the post-placement implementation flow and could be the result of non-optimal XDC constraints or non-optimal design architecture
Related violations: <none>

TIMING-16#692 Warning
Large setup violation  
There is a large setup violation of -2.052 ns between system_i/microblaze_0/U0/MicroBlaze_Core_I/Performance.Core/Using_DCache.Using_WriteBack.DCache_wb_I1/TAG_RAM_Module/Not_Using_XPM.Using_B36_S36.The_BRAMs[0].RAMB36_I1/Using_FPGA.Native/CLKARDCLK (clocked by clk_out1_system_clk_wiz_0_0) and system_i/microblaze_0/U0/MicroBlaze_Core_I/Performance.Core/Data_Flow_I/exception_registers_I1/Use_LUT6.mem_BTR_reg[5]/CE (clocked by clk_out1_system_clk_wiz_0_0). Large setup violations at the end of those stages might be difficult to fix during the post-placement implementation flow and could be the result of non-optimal XDC constraints or non-optimal design architecture
Related violations: <none>

TIMING-16#693 Warning
Large setup violation  
There is a large setup violation of -2.052 ns between system_i/microblaze_0/U0/MicroBlaze_Core_I/Performance.Core/Using_DCache.Using_WriteBack.DCache_wb_I1/TAG_RAM_Module/Not_Using_XPM.Using_B36_S36.The_BRAMs[0].RAMB36_I1/Using_FPGA.Native/CLKARDCLK (clocked by clk_out1_system_clk_wiz_0_0) and system_i/microblaze_0/U0/MicroBlaze_Core_I/Performance.Core/Decode_I/MEM_DataBus_Addr_reg[27]/CE (clocked by clk_out1_system_clk_wiz_0_0). Large setup violations at the end of those stages might be difficult to fix during the post-placement implementation flow and could be the result of non-optimal XDC constraints or non-optimal design architecture
Related violations: <none>

TIMING-16#694 Warning
Large setup violation  
There is a large setup violation of -2.052 ns between system_i/microblaze_0/U0/MicroBlaze_Core_I/Performance.Core/Using_DCache.Using_WriteBack.DCache_wb_I1/TAG_RAM_Module/Not_Using_XPM.Using_B36_S36.The_BRAMs[0].RAMB36_I1/Using_FPGA.Native/CLKARDCLK (clocked by clk_out1_system_clk_wiz_0_0) and system_i/microblaze_0/U0/MicroBlaze_Core_I/Performance.Core/Decode_I/MEM_DataBus_Addr_reg[31]/CE (clocked by clk_out1_system_clk_wiz_0_0). Large setup violations at the end of those stages might be difficult to fix during the post-placement implementation flow and could be the result of non-optimal XDC constraints or non-optimal design architecture
Related violations: <none>

TIMING-16#695 Warning
Large setup violation  
There is a large setup violation of -2.052 ns between system_i/microblaze_0/U0/MicroBlaze_Core_I/Performance.Core/Using_DCache.Using_WriteBack.DCache_wb_I1/TAG_RAM_Module/Not_Using_XPM.Using_B36_S36.The_BRAMs[0].RAMB36_I1/Using_FPGA.Native/CLKARDCLK (clocked by clk_out1_system_clk_wiz_0_0) and system_i/microblaze_0/U0/MicroBlaze_Core_I/Performance.Core/Decode_I/PC_Module_I/Instruction_Prefetch_Mux[28].Gen_Instr_DFF/Using_FPGA.Native/D (clocked by clk_out1_system_clk_wiz_0_0). Large setup violations at the end of those stages might be difficult to fix during the post-placement implementation flow and could be the result of non-optimal XDC constraints or non-optimal design architecture
Related violations: <none>

TIMING-16#696 Warning
Large setup violation  
There is a large setup violation of -2.054 ns between system_i/microblaze_0/U0/MicroBlaze_Core_I/Performance.Core/Using_DCache.Using_WriteBack.DCache_wb_I1/TAG_RAM_Module/Not_Using_XPM.Using_B36_S36.The_BRAMs[0].RAMB36_I1/Using_FPGA.Native/CLKARDCLK (clocked by clk_out1_system_clk_wiz_0_0) and system_i/microblaze_0/U0/MicroBlaze_Core_I/Performance.Core/Decode_I/PC_Module_I/Instruction_Prefetch_Mux[1].Gen_Instr_DFF/Using_FPGA.Native/D (clocked by clk_out1_system_clk_wiz_0_0). Large setup violations at the end of those stages might be difficult to fix during the post-placement implementation flow and could be the result of non-optimal XDC constraints or non-optimal design architecture
Related violations: <none>

TIMING-16#697 Warning
Large setup violation  
There is a large setup violation of -2.057 ns between system_i/microblaze_0/U0/MicroBlaze_Core_I/Performance.Core/Using_DCache.Using_WriteBack.DCache_wb_I1/TAG_RAM_Module/Not_Using_XPM.Using_B36_S36.The_BRAMs[0].RAMB36_I1/Using_FPGA.Native/CLKARDCLK (clocked by clk_out1_system_clk_wiz_0_0) and system_i/microblaze_0/U0/MicroBlaze_Core_I/Performance.Core/Data_Flow_I/Operand_Select_I/EX_Op2_reg[14]/CE (clocked by clk_out1_system_clk_wiz_0_0). Large setup violations at the end of those stages might be difficult to fix during the post-placement implementation flow and could be the result of non-optimal XDC constraints or non-optimal design architecture
Related violations: <none>

TIMING-16#698 Warning
Large setup violation  
There is a large setup violation of -2.057 ns between system_i/microblaze_0/U0/MicroBlaze_Core_I/Performance.Core/Using_DCache.Using_WriteBack.DCache_wb_I1/TAG_RAM_Module/Not_Using_XPM.Using_B36_S36.The_BRAMs[0].RAMB36_I1/Using_FPGA.Native/CLKARDCLK (clocked by clk_out1_system_clk_wiz_0_0) and system_i/microblaze_0/U0/MicroBlaze_Core_I/Performance.Core/Data_Flow_I/Operand_Select_I/EX_Op3_reg[10]/CE (clocked by clk_out1_system_clk_wiz_0_0). Large setup violations at the end of those stages might be difficult to fix during the post-placement implementation flow and could be the result of non-optimal XDC constraints or non-optimal design architecture
Related violations: <none>

TIMING-16#699 Warning
Large setup violation  
There is a large setup violation of -2.057 ns between system_i/microblaze_0/U0/MicroBlaze_Core_I/Performance.Core/Using_DCache.Using_WriteBack.DCache_wb_I1/TAG_RAM_Module/Not_Using_XPM.Using_B36_S36.The_BRAMs[0].RAMB36_I1/Using_FPGA.Native/CLKARDCLK (clocked by clk_out1_system_clk_wiz_0_0) and system_i/microblaze_0/U0/MicroBlaze_Core_I/Performance.Core/Data_Flow_I/Operand_Select_I/EX_Op3_reg[24]/CE (clocked by clk_out1_system_clk_wiz_0_0). Large setup violations at the end of those stages might be difficult to fix during the post-placement implementation flow and could be the result of non-optimal XDC constraints or non-optimal design architecture
Related violations: <none>

TIMING-16#700 Warning
Large setup violation  
There is a large setup violation of -2.058 ns between system_i/microblaze_0/U0/MicroBlaze_Core_I/Performance.Core/Using_DCache.Using_WriteBack.DCache_wb_I1/TAG_RAM_Module/Not_Using_XPM.Using_B36_S36.The_BRAMs[0].RAMB36_I1/Using_FPGA.Native/CLKARDCLK (clocked by clk_out1_system_clk_wiz_0_0) and system_i/microblaze_0/U0/MicroBlaze_Core_I/Performance.Core/Data_Flow_I/msr_reg_i/OF_EX_MSR_Bits[23].Using_FDR.MSR_ex_I/Using_FPGA.Native/D (clocked by clk_out1_system_clk_wiz_0_0). Large setup violations at the end of those stages might be difficult to fix during the post-placement implementation flow and could be the result of non-optimal XDC constraints or non-optimal design architecture
Related violations: <none>

TIMING-16#701 Warning
Large setup violation  
There is a large setup violation of -2.071 ns between system_i/microblaze_0/U0/MicroBlaze_Core_I/Performance.Core/Using_DCache.Using_WriteBack.DCache_wb_I1/Using_Perf_4.WB_DCache_Valid_Read_data_reg[27]/C (clocked by clk_out1_system_clk_wiz_0_0) and system_i/microblaze_0/U0/MicroBlaze_Core_I/Performance.Core/Data_Flow_I/Register_File_I/Using_LUT6.All_RAM32M[9].ram32m_i/Using_FPGA.Native/RAMA/I (clocked by clk_out1_system_clk_wiz_0_0). Large setup violations at the end of those stages might be difficult to fix during the post-placement implementation flow and could be the result of non-optimal XDC constraints or non-optimal design architecture
Related violations: <none>

TIMING-16#702 Warning
Large setup violation  
There is a large setup violation of -2.076 ns between system_i/microblaze_0/U0/MicroBlaze_Core_I/Performance.Core/Use_DBUS.DAXI_Interface_I1/WB_DAXI_Data_Strobe_reg/C (clocked by clk_out1_system_clk_wiz_0_0) and system_i/microblaze_0/U0/MicroBlaze_Core_I/Performance.Core/Data_Flow_I/Operand_Select_I/EX_Op3_reg[27]/D (clocked by clk_out1_system_clk_wiz_0_0). Large setup violations at the end of those stages might be difficult to fix during the post-placement implementation flow and could be the result of non-optimal XDC constraints or non-optimal design architecture
Related violations: <none>

TIMING-16#703 Warning
Large setup violation  
There is a large setup violation of -2.077 ns between system_i/microblaze_0/U0/MicroBlaze_Core_I/Performance.Core/Data_Flow_I/Operand_Select_I/EX_Op2_reg[4]/C (clocked by clk_out1_system_clk_wiz_0_0) and system_i/microblaze_0/U0/MicroBlaze_Core_I/Performance.Core/Data_Flow_I/Operand_Select_I/EX_Op2_reg[30]/D (clocked by clk_out1_system_clk_wiz_0_0). Large setup violations at the end of those stages might be difficult to fix during the post-placement implementation flow and could be the result of non-optimal XDC constraints or non-optimal design architecture
Related violations: <none>

TIMING-16#704 Warning
Large setup violation  
There is a large setup violation of -2.077 ns between system_i/microblaze_0/U0/MicroBlaze_Core_I/Performance.Core/Using_DCache.Using_WriteBack.DCache_wb_I1/TAG_RAM_Module/Not_Using_XPM.Using_B36_S36.The_BRAMs[0].RAMB36_I1/Using_FPGA.Native/CLKARDCLK (clocked by clk_out1_system_clk_wiz_0_0) and system_i/microblaze_0/U0/MicroBlaze_Core_I/Performance.Core/Decode_I/PC_Module_I/Instruction_Prefetch_Mux[5].Gen_Instr_DFF/Using_FPGA.Native/D (clocked by clk_out1_system_clk_wiz_0_0). Large setup violations at the end of those stages might be difficult to fix during the post-placement implementation flow and could be the result of non-optimal XDC constraints or non-optimal design architecture
Related violations: <none>

TIMING-16#705 Warning
Large setup violation  
There is a large setup violation of -2.084 ns between system_i/microblaze_0/U0/MicroBlaze_Core_I/Performance.Core/Using_DCache.Using_WriteBack.DCache_wb_I1/TAG_RAM_Module/Not_Using_XPM.Using_B36_S36.The_BRAMs[0].RAMB36_I1/Using_FPGA.Native/CLKARDCLK (clocked by clk_out1_system_clk_wiz_0_0) and system_i/microblaze_0/U0/MicroBlaze_Core_I/Performance.Core/Data_Flow_I/Data_Flow_Logic_I/Gen_Bits[30].MEM_EX_Result_Inst/Using_FPGA.Native/CE (clocked by clk_out1_system_clk_wiz_0_0). Large setup violations at the end of those stages might be difficult to fix during the post-placement implementation flow and could be the result of non-optimal XDC constraints or non-optimal design architecture
Related violations: <none>

TIMING-16#706 Warning
Large setup violation  
There is a large setup violation of -2.085 ns between system_i/microblaze_0/U0/MicroBlaze_Core_I/Performance.Core/Using_DCache.Using_WriteBack.DCache_wb_I1/TAG_RAM_Module/Not_Using_XPM.Using_B36_S36.The_BRAMs[0].RAMB36_I1/Using_FPGA.Native/CLKARDCLK (clocked by clk_out1_system_clk_wiz_0_0) and system_i/microblaze_0/U0/MicroBlaze_Core_I/Performance.Core/Data_Flow_I/Byte_Doublet_Handle_gti_I/mem_byte_selects_reg[1]/CE (clocked by clk_out1_system_clk_wiz_0_0). Large setup violations at the end of those stages might be difficult to fix during the post-placement implementation flow and could be the result of non-optimal XDC constraints or non-optimal design architecture
Related violations: <none>

TIMING-16#707 Warning
Large setup violation  
There is a large setup violation of -2.090 ns between system_i/microblaze_0/U0/MicroBlaze_Core_I/Performance.Core/Using_DCache.Using_WriteBack.DCache_wb_I1/TAG_RAM_Module/Not_Using_XPM.Using_B36_S36.The_BRAMs[0].RAMB36_I1/Using_FPGA.Native/CLKARDCLK (clocked by clk_out1_system_clk_wiz_0_0) and system_i/microblaze_0/U0/MicroBlaze_Core_I/Performance.Core/Data_Flow_I/Barrel_Shifter_I/Use_HW_BS.Using_BitField.Gen_Bits[18].mem_Rd_reg[18]/CE (clocked by clk_out1_system_clk_wiz_0_0). Large setup violations at the end of those stages might be difficult to fix during the post-placement implementation flow and could be the result of non-optimal XDC constraints or non-optimal design architecture
Related violations: <none>

TIMING-16#708 Warning
Large setup violation  
There is a large setup violation of -2.090 ns between system_i/microblaze_0/U0/MicroBlaze_Core_I/Performance.Core/Using_DCache.Using_WriteBack.DCache_wb_I1/TAG_RAM_Module/Not_Using_XPM.Using_B36_S36.The_BRAMs[0].RAMB36_I1/Using_FPGA.Native/CLKARDCLK (clocked by clk_out1_system_clk_wiz_0_0) and system_i/microblaze_0/U0/MicroBlaze_Core_I/Performance.Core/Data_Flow_I/Barrel_Shifter_I/Use_HW_BS.Using_BitField.Gen_Bits[24].mem_Rd_reg[24]/CE (clocked by clk_out1_system_clk_wiz_0_0). Large setup violations at the end of those stages might be difficult to fix during the post-placement implementation flow and could be the result of non-optimal XDC constraints or non-optimal design architecture
Related violations: <none>

TIMING-16#709 Warning
Large setup violation  
There is a large setup violation of -2.090 ns between system_i/microblaze_0/U0/MicroBlaze_Core_I/Performance.Core/Using_DCache.Using_WriteBack.DCache_wb_I1/TAG_RAM_Module/Not_Using_XPM.Using_B36_S36.The_BRAMs[0].RAMB36_I1/Using_FPGA.Native/CLKARDCLK (clocked by clk_out1_system_clk_wiz_0_0) and system_i/microblaze_0/U0/MicroBlaze_Core_I/Performance.Core/Data_Flow_I/Barrel_Shifter_I/Use_HW_BS.Using_BitField.Gen_Bits[4].mem_Rd_reg[4]/CE (clocked by clk_out1_system_clk_wiz_0_0). Large setup violations at the end of those stages might be difficult to fix during the post-placement implementation flow and could be the result of non-optimal XDC constraints or non-optimal design architecture
Related violations: <none>

TIMING-16#710 Warning
Large setup violation  
There is a large setup violation of -2.090 ns between system_i/microblaze_0/U0/MicroBlaze_Core_I/Performance.Core/Using_DCache.Using_WriteBack.DCache_wb_I1/TAG_RAM_Module/Not_Using_XPM.Using_B36_S36.The_BRAMs[0].RAMB36_I1/Using_FPGA.Native/CLKARDCLK (clocked by clk_out1_system_clk_wiz_0_0) and system_i/microblaze_0/U0/MicroBlaze_Core_I/Performance.Core/Data_Flow_I/Byte_Doublet_Handle_gti_I/MEM_DataBus_Write_Data_reg[21]/CE (clocked by clk_out1_system_clk_wiz_0_0). Large setup violations at the end of those stages might be difficult to fix during the post-placement implementation flow and could be the result of non-optimal XDC constraints or non-optimal design architecture
Related violations: <none>

TIMING-16#711 Warning
Large setup violation  
There is a large setup violation of -2.091 ns between system_i/microblaze_0/U0/MicroBlaze_Core_I/Performance.Core/Use_DBUS.DAXI_Interface_I1/WB_DAXI_Data_Strobe_reg/C (clocked by clk_out1_system_clk_wiz_0_0) and system_i/microblaze_0/U0/MicroBlaze_Core_I/Performance.Core/Data_Flow_I/Operand_Select_I/EX_Branch_CMP_Op1_reg[7]/D (clocked by clk_out1_system_clk_wiz_0_0). Large setup violations at the end of those stages might be difficult to fix during the post-placement implementation flow and could be the result of non-optimal XDC constraints or non-optimal design architecture
Related violations: <none>

TIMING-16#712 Warning
Large setup violation  
There is a large setup violation of -2.091 ns between system_i/microblaze_0/U0/MicroBlaze_Core_I/Performance.Core/Using_DCache.Using_WriteBack.DCache_wb_I1/TAG_RAM_Module/Not_Using_XPM.Using_B36_S36.The_BRAMs[0].RAMB36_I1/Using_FPGA.Native/CLKARDCLK (clocked by clk_out1_system_clk_wiz_0_0) and system_i/microblaze_0/U0/MicroBlaze_Core_I/Performance.Core/Data_Flow_I/Byte_Doublet_Handle_gti_I/MEM_DataBus_Write_Data_reg[27]/CE (clocked by clk_out1_system_clk_wiz_0_0). Large setup violations at the end of those stages might be difficult to fix during the post-placement implementation flow and could be the result of non-optimal XDC constraints or non-optimal design architecture
Related violations: <none>

TIMING-16#713 Warning
Large setup violation  
There is a large setup violation of -2.091 ns between system_i/microblaze_0/U0/MicroBlaze_Core_I/Performance.Core/Using_DCache.Using_WriteBack.DCache_wb_I1/TAG_RAM_Module/Not_Using_XPM.Using_B36_S36.The_BRAMs[0].RAMB36_I1/Using_FPGA.Native/CLKARDCLK (clocked by clk_out1_system_clk_wiz_0_0) and system_i/microblaze_0/U0/MicroBlaze_Core_I/Performance.Core/Data_Flow_I/Byte_Doublet_Handle_gti_I/MEM_DataBus_Write_Data_reg[5]/CE (clocked by clk_out1_system_clk_wiz_0_0). Large setup violations at the end of those stages might be difficult to fix during the post-placement implementation flow and could be the result of non-optimal XDC constraints or non-optimal design architecture
Related violations: <none>

TIMING-16#714 Warning
Large setup violation  
There is a large setup violation of -2.092 ns between system_i/microblaze_0/U0/MicroBlaze_Core_I/Performance.Core/Using_DCache.Using_WriteBack.DCache_wb_I1/TAG_RAM_Module/Not_Using_XPM.Using_B36_S36.The_BRAMs[0].RAMB36_I1/Using_FPGA.Native/CLKARDCLK (clocked by clk_out1_system_clk_wiz_0_0) and system_i/microblaze_0/U0/MicroBlaze_Core_I/Performance.Core/Decode_I/EX_ALU_Op_reg[1]/CE (clocked by clk_out1_system_clk_wiz_0_0). Large setup violations at the end of those stages might be difficult to fix during the post-placement implementation flow and could be the result of non-optimal XDC constraints or non-optimal design architecture
Related violations: <none>

TIMING-16#715 Warning
Large setup violation  
There is a large setup violation of -2.096 ns between system_i/microblaze_0/U0/MicroBlaze_Core_I/Performance.Core/Using_DCache.Using_WriteBack.DCache_wb_I1/TAG_RAM_Module/Not_Using_XPM.Using_B36_S36.The_BRAMs[0].RAMB36_I1/Using_FPGA.Native/CLKARDCLK (clocked by clk_out1_system_clk_wiz_0_0) and system_i/microblaze_0/U0/MicroBlaze_Core_I/Performance.Core/Data_Flow_I/MUL_Unit_I/Use_HW_MUL.Using_DSP48_Architectures.No_MUL64.WB_Mul_Result_reg[21]/CE (clocked by clk_out1_system_clk_wiz_0_0). Large setup violations at the end of those stages might be difficult to fix during the post-placement implementation flow and could be the result of non-optimal XDC constraints or non-optimal design architecture
Related violations: <none>

TIMING-16#716 Warning
Large setup violation  
There is a large setup violation of -2.096 ns between system_i/microblaze_0/U0/MicroBlaze_Core_I/Performance.Core/Using_DCache.Using_WriteBack.DCache_wb_I1/TAG_RAM_Module/Not_Using_XPM.Using_B36_S36.The_BRAMs[0].RAMB36_I1/Using_FPGA.Native/CLKARDCLK (clocked by clk_out1_system_clk_wiz_0_0) and system_i/microblaze_0/U0/MicroBlaze_Core_I/Performance.Core/Data_Flow_I/MUL_Unit_I/Use_HW_MUL.Using_DSP48_Architectures.No_MUL64.WB_Mul_Result_reg[22]/CE (clocked by clk_out1_system_clk_wiz_0_0). Large setup violations at the end of those stages might be difficult to fix during the post-placement implementation flow and could be the result of non-optimal XDC constraints or non-optimal design architecture
Related violations: <none>

TIMING-16#717 Warning
Large setup violation  
There is a large setup violation of -2.096 ns between system_i/microblaze_0/U0/MicroBlaze_Core_I/Performance.Core/Using_DCache.Using_WriteBack.DCache_wb_I1/TAG_RAM_Module/Not_Using_XPM.Using_B36_S36.The_BRAMs[0].RAMB36_I1/Using_FPGA.Native/CLKARDCLK (clocked by clk_out1_system_clk_wiz_0_0) and system_i/microblaze_0/U0/MicroBlaze_Core_I/Performance.Core/Data_Flow_I/MUL_Unit_I/Use_HW_MUL.Using_DSP48_Architectures.No_MUL64.WB_Mul_Result_reg[23]/CE (clocked by clk_out1_system_clk_wiz_0_0). Large setup violations at the end of those stages might be difficult to fix during the post-placement implementation flow and could be the result of non-optimal XDC constraints or non-optimal design architecture
Related violations: <none>

TIMING-16#718 Warning
Large setup violation  
There is a large setup violation of -2.096 ns between system_i/microblaze_0/U0/MicroBlaze_Core_I/Performance.Core/Using_DCache.Using_WriteBack.DCache_wb_I1/TAG_RAM_Module/Not_Using_XPM.Using_B36_S36.The_BRAMs[0].RAMB36_I1/Using_FPGA.Native/CLKARDCLK (clocked by clk_out1_system_clk_wiz_0_0) and system_i/microblaze_0/U0/MicroBlaze_Core_I/Performance.Core/Data_Flow_I/MUL_Unit_I/Use_HW_MUL.Using_DSP48_Architectures.No_MUL64.WB_Mul_Result_reg[26]/CE (clocked by clk_out1_system_clk_wiz_0_0). Large setup violations at the end of those stages might be difficult to fix during the post-placement implementation flow and could be the result of non-optimal XDC constraints or non-optimal design architecture
Related violations: <none>

TIMING-16#719 Warning
Large setup violation  
There is a large setup violation of -2.096 ns between system_i/microblaze_0/U0/MicroBlaze_Core_I/Performance.Core/Using_DCache.Using_WriteBack.DCache_wb_I1/TAG_RAM_Module/Not_Using_XPM.Using_B36_S36.The_BRAMs[0].RAMB36_I1/Using_FPGA.Native/CLKARDCLK (clocked by clk_out1_system_clk_wiz_0_0) and system_i/microblaze_0/U0/MicroBlaze_Core_I/Performance.Core/Data_Flow_I/MUL_Unit_I/Use_HW_MUL.Using_DSP48_Architectures.No_MUL64.WB_Mul_Result_reg[31]/CE (clocked by clk_out1_system_clk_wiz_0_0). Large setup violations at the end of those stages might be difficult to fix during the post-placement implementation flow and could be the result of non-optimal XDC constraints or non-optimal design architecture
Related violations: <none>

TIMING-16#720 Warning
Large setup violation  
There is a large setup violation of -2.097 ns between system_i/microblaze_0/U0/MicroBlaze_Core_I/Performance.Core/Using_DCache.Using_WriteBack.DCache_wb_I1/TAG_RAM_Module/Not_Using_XPM.Using_B36_S36.The_BRAMs[0].RAMB36_I1/Using_FPGA.Native/CLKARDCLK (clocked by clk_out1_system_clk_wiz_0_0) and system_i/microblaze_0/U0/MicroBlaze_Core_I/Performance.Core/Decode_I/Detect_Illegal_Major_Opcodes.ex_Illegal_Opcode_reg/CE (clocked by clk_out1_system_clk_wiz_0_0). Large setup violations at the end of those stages might be difficult to fix during the post-placement implementation flow and could be the result of non-optimal XDC constraints or non-optimal design architecture
Related violations: <none>

TIMING-16#721 Warning
Large setup violation  
There is a large setup violation of -2.097 ns between system_i/microblaze_0/U0/MicroBlaze_Core_I/Performance.Core/Using_DCache.Using_WriteBack.DCache_wb_I1/TAG_RAM_Module/Not_Using_XPM.Using_B36_S36.The_BRAMs[0].RAMB36_I1/Using_FPGA.Native/CLKARDCLK (clocked by clk_out1_system_clk_wiz_0_0) and system_i/microblaze_0/U0/MicroBlaze_Core_I/Performance.Core/Decode_I/EX_Pattern_Cmp_Sel_reg/CE (clocked by clk_out1_system_clk_wiz_0_0). Large setup violations at the end of those stages might be difficult to fix during the post-placement implementation flow and could be the result of non-optimal XDC constraints or non-optimal design architecture
Related violations: <none>

TIMING-16#722 Warning
Large setup violation  
There is a large setup violation of -2.098 ns between system_i/microblaze_0/U0/MicroBlaze_Core_I/Performance.Core/Using_DCache.Using_WriteBack.DCache_wb_I1/TAG_RAM_Module/Not_Using_XPM.Using_B36_S36.The_BRAMs[0].RAMB36_I1/Using_FPGA.Native/CLKARDCLK (clocked by clk_out1_system_clk_wiz_0_0) and system_i/microblaze_0/U0/MicroBlaze_Core_I/Performance.Core/Decode_I/PC_Module_I/Instruction_Prefetch_Mux[0].Gen_Instr_DFF/Using_FPGA.Native/D (clocked by clk_out1_system_clk_wiz_0_0). Large setup violations at the end of those stages might be difficult to fix during the post-placement implementation flow and could be the result of non-optimal XDC constraints or non-optimal design architecture
Related violations: <none>

TIMING-16#723 Warning
Large setup violation  
There is a large setup violation of -2.101 ns between system_i/microblaze_0/U0/MicroBlaze_Core_I/Performance.Core/Using_DCache.Using_WriteBack.DCache_wb_I1/TAG_RAM_Module/Not_Using_XPM.Using_B36_S36.The_BRAMs[0].RAMB36_I1/Using_FPGA.Native/CLKARDCLK (clocked by clk_out1_system_clk_wiz_0_0) and system_i/microblaze_0/U0/MicroBlaze_Core_I/Performance.Core/Data_Flow_I/exception_registers_I1/Use_LUT6.mem_BTR_reg[0]/CE (clocked by clk_out1_system_clk_wiz_0_0). Large setup violations at the end of those stages might be difficult to fix during the post-placement implementation flow and could be the result of non-optimal XDC constraints or non-optimal design architecture
Related violations: <none>

TIMING-16#724 Warning
Large setup violation  
There is a large setup violation of -2.101 ns between system_i/microblaze_0/U0/MicroBlaze_Core_I/Performance.Core/Using_DCache.Using_WriteBack.DCache_wb_I1/TAG_RAM_Module/Not_Using_XPM.Using_B36_S36.The_BRAMs[0].RAMB36_I1/Using_FPGA.Native/CLKARDCLK (clocked by clk_out1_system_clk_wiz_0_0) and system_i/microblaze_0/U0/MicroBlaze_Core_I/Performance.Core/Data_Flow_I/exception_registers_I1/Use_LUT6.mem_BTR_reg[16]/CE (clocked by clk_out1_system_clk_wiz_0_0). Large setup violations at the end of those stages might be difficult to fix during the post-placement implementation flow and could be the result of non-optimal XDC constraints or non-optimal design architecture
Related violations: <none>

TIMING-16#725 Warning
Large setup violation  
There is a large setup violation of -2.101 ns between system_i/microblaze_0/U0/MicroBlaze_Core_I/Performance.Core/Using_DCache.Using_WriteBack.DCache_wb_I1/TAG_RAM_Module/Not_Using_XPM.Using_B36_S36.The_BRAMs[0].RAMB36_I1/Using_FPGA.Native/CLKARDCLK (clocked by clk_out1_system_clk_wiz_0_0) and system_i/microblaze_0/U0/MicroBlaze_Core_I/Performance.Core/Data_Flow_I/exception_registers_I1/Use_LUT6.mem_BTR_reg[22]/CE (clocked by clk_out1_system_clk_wiz_0_0). Large setup violations at the end of those stages might be difficult to fix during the post-placement implementation flow and could be the result of non-optimal XDC constraints or non-optimal design architecture
Related violations: <none>

TIMING-16#726 Warning
Large setup violation  
There is a large setup violation of -2.101 ns between system_i/microblaze_0/U0/MicroBlaze_Core_I/Performance.Core/Using_DCache.Using_WriteBack.DCache_wb_I1/TAG_RAM_Module/Not_Using_XPM.Using_B36_S36.The_BRAMs[0].RAMB36_I1/Using_FPGA.Native/CLKARDCLK (clocked by clk_out1_system_clk_wiz_0_0) and system_i/microblaze_0/U0/MicroBlaze_Core_I/Performance.Core/Data_Flow_I/exception_registers_I1/Use_LUT6.mem_BTR_reg[6]/CE (clocked by clk_out1_system_clk_wiz_0_0). Large setup violations at the end of those stages might be difficult to fix during the post-placement implementation flow and could be the result of non-optimal XDC constraints or non-optimal design architecture
Related violations: <none>

TIMING-16#727 Warning
Large setup violation  
There is a large setup violation of -2.101 ns between system_i/microblaze_0/U0/MicroBlaze_Core_I/Performance.Core/Using_DCache.Using_WriteBack.DCache_wb_I1/TAG_RAM_Module/Not_Using_XPM.Using_B36_S36.The_BRAMs[0].RAMB36_I1/Using_FPGA.Native/CLKARDCLK (clocked by clk_out1_system_clk_wiz_0_0) and system_i/microblaze_0/U0/MicroBlaze_Core_I/Performance.Core/Decode_I/MEM_DataBus_Addr_reg[0]/CE (clocked by clk_out1_system_clk_wiz_0_0). Large setup violations at the end of those stages might be difficult to fix during the post-placement implementation flow and could be the result of non-optimal XDC constraints or non-optimal design architecture
Related violations: <none>

TIMING-16#728 Warning
Large setup violation  
There is a large setup violation of -2.101 ns between system_i/microblaze_0/U0/MicroBlaze_Core_I/Performance.Core/Using_DCache.Using_WriteBack.DCache_wb_I1/TAG_RAM_Module/Not_Using_XPM.Using_B36_S36.The_BRAMs[0].RAMB36_I1/Using_FPGA.Native/CLKARDCLK (clocked by clk_out1_system_clk_wiz_0_0) and system_i/microblaze_0/U0/MicroBlaze_Core_I/Performance.Core/Decode_I/MEM_DataBus_Addr_reg[1]/CE (clocked by clk_out1_system_clk_wiz_0_0). Large setup violations at the end of those stages might be difficult to fix during the post-placement implementation flow and could be the result of non-optimal XDC constraints or non-optimal design architecture
Related violations: <none>

TIMING-16#729 Warning
Large setup violation  
There is a large setup violation of -2.103 ns between system_i/microblaze_0/U0/MicroBlaze_Core_I/Performance.Core/Data_Flow_I/Operand_Select_I/EX_Op1_reg[29]/C (clocked by clk_out1_system_clk_wiz_0_0) and system_i/microblaze_0/U0/MicroBlaze_Core_I/Performance.Core/Data_Flow_I/Operand_Select_I/EX_Branch_CMP_Op1_reg[24]/D (clocked by clk_out1_system_clk_wiz_0_0). Large setup violations at the end of those stages might be difficult to fix during the post-placement implementation flow and could be the result of non-optimal XDC constraints or non-optimal design architecture
Related violations: <none>

TIMING-16#730 Warning
Large setup violation  
There is a large setup violation of -2.103 ns between system_i/microblaze_0/U0/MicroBlaze_Core_I/Performance.Core/Using_DCache.Using_WriteBack.DCache_wb_I1/TAG_RAM_Module/Not_Using_XPM.Using_B36_S36.The_BRAMs[0].RAMB36_I1/Using_FPGA.Native/CLKARDCLK (clocked by clk_out1_system_clk_wiz_0_0) and system_i/microblaze_0/U0/MicroBlaze_Core_I/Performance.Core/Data_Flow_I/Data_Flow_Logic_I/Gen_Bits[10].MEM_EX_Result_Inst/Using_FPGA.Native/CE (clocked by clk_out1_system_clk_wiz_0_0). Large setup violations at the end of those stages might be difficult to fix during the post-placement implementation flow and could be the result of non-optimal XDC constraints or non-optimal design architecture
Related violations: <none>

TIMING-16#731 Warning
Large setup violation  
There is a large setup violation of -2.104 ns between system_i/microblaze_0/U0/MicroBlaze_Core_I/Performance.Core/Use_DBUS.DAXI_Interface_I1/WB_DAXI_Data_Strobe_reg/C (clocked by clk_out1_system_clk_wiz_0_0) and system_i/microblaze_0/U0/MicroBlaze_Core_I/Performance.Core/Data_Flow_I/Register_File_I/Using_LUT6.All_RAM32M[11].ram32m_i/Using_FPGA.Native/RAMA/I (clocked by clk_out1_system_clk_wiz_0_0). Large setup violations at the end of those stages might be difficult to fix during the post-placement implementation flow and could be the result of non-optimal XDC constraints or non-optimal design architecture
Related violations: <none>

TIMING-16#732 Warning
Large setup violation  
There is a large setup violation of -2.104 ns between system_i/microblaze_0/U0/MicroBlaze_Core_I/Performance.Core/Using_DCache.Using_WriteBack.DCache_wb_I1/TAG_RAM_Module/Not_Using_XPM.Using_B36_S36.The_BRAMs[0].RAMB36_I1/Using_FPGA.Native/CLKARDCLK (clocked by clk_out1_system_clk_wiz_0_0) and system_i/microblaze_0/U0/MicroBlaze_Core_I/Performance.Core/Decode_I/PC_Module_I/Instruction_Prefetch_Mux[27].Gen_Instr_DFF/Using_FPGA.Native/D (clocked by clk_out1_system_clk_wiz_0_0). Large setup violations at the end of those stages might be difficult to fix during the post-placement implementation flow and could be the result of non-optimal XDC constraints or non-optimal design architecture
Related violations: <none>

TIMING-16#733 Warning
Large setup violation  
There is a large setup violation of -2.105 ns between system_i/microblaze_0/U0/MicroBlaze_Core_I/Performance.Core/Using_DCache.Using_WriteBack.DCache_wb_I1/TAG_RAM_Module/Not_Using_XPM.Using_B36_S36.The_BRAMs[0].RAMB36_I1/Using_FPGA.Native/CLKARDCLK (clocked by clk_out1_system_clk_wiz_0_0) and system_i/microblaze_0/U0/MicroBlaze_Core_I/Performance.Core/Data_Flow_I/exception_registers_I1/Use_LUT6.mem_BTR_reg[11]/CE (clocked by clk_out1_system_clk_wiz_0_0). Large setup violations at the end of those stages might be difficult to fix during the post-placement implementation flow and could be the result of non-optimal XDC constraints or non-optimal design architecture
Related violations: <none>

TIMING-16#734 Warning
Large setup violation  
There is a large setup violation of -2.105 ns between system_i/microblaze_0/U0/MicroBlaze_Core_I/Performance.Core/Using_DCache.Using_WriteBack.DCache_wb_I1/TAG_RAM_Module/Not_Using_XPM.Using_B36_S36.The_BRAMs[0].RAMB36_I1/Using_FPGA.Native/CLKARDCLK (clocked by clk_out1_system_clk_wiz_0_0) and system_i/microblaze_0/U0/MicroBlaze_Core_I/Performance.Core/Data_Flow_I/exception_registers_I1/Use_LUT6.mem_BTR_reg[17]/CE (clocked by clk_out1_system_clk_wiz_0_0). Large setup violations at the end of those stages might be difficult to fix during the post-placement implementation flow and could be the result of non-optimal XDC constraints or non-optimal design architecture
Related violations: <none>

TIMING-16#735 Warning
Large setup violation  
There is a large setup violation of -2.105 ns between system_i/microblaze_0/U0/MicroBlaze_Core_I/Performance.Core/Using_DCache.Using_WriteBack.DCache_wb_I1/TAG_RAM_Module/Not_Using_XPM.Using_B36_S36.The_BRAMs[0].RAMB36_I1/Using_FPGA.Native/CLKARDCLK (clocked by clk_out1_system_clk_wiz_0_0) and system_i/microblaze_0/U0/MicroBlaze_Core_I/Performance.Core/Data_Flow_I/exception_registers_I1/Use_LUT6.mem_BTR_reg[18]/CE (clocked by clk_out1_system_clk_wiz_0_0). Large setup violations at the end of those stages might be difficult to fix during the post-placement implementation flow and could be the result of non-optimal XDC constraints or non-optimal design architecture
Related violations: <none>

TIMING-16#736 Warning
Large setup violation  
There is a large setup violation of -2.105 ns between system_i/microblaze_0/U0/MicroBlaze_Core_I/Performance.Core/Using_DCache.Using_WriteBack.DCache_wb_I1/TAG_RAM_Module/Not_Using_XPM.Using_B36_S36.The_BRAMs[0].RAMB36_I1/Using_FPGA.Native/CLKARDCLK (clocked by clk_out1_system_clk_wiz_0_0) and system_i/microblaze_0/U0/MicroBlaze_Core_I/Performance.Core/Data_Flow_I/exception_registers_I1/Use_LUT6.mem_BTR_reg[1]/CE (clocked by clk_out1_system_clk_wiz_0_0). Large setup violations at the end of those stages might be difficult to fix during the post-placement implementation flow and could be the result of non-optimal XDC constraints or non-optimal design architecture
Related violations: <none>

TIMING-16#737 Warning
Large setup violation  
There is a large setup violation of -2.105 ns between system_i/microblaze_0/U0/MicroBlaze_Core_I/Performance.Core/Using_DCache.Using_WriteBack.DCache_wb_I1/TAG_RAM_Module/Not_Using_XPM.Using_B36_S36.The_BRAMs[0].RAMB36_I1/Using_FPGA.Native/CLKARDCLK (clocked by clk_out1_system_clk_wiz_0_0) and system_i/microblaze_0/U0/MicroBlaze_Core_I/Performance.Core/Data_Flow_I/exception_registers_I1/Use_LUT6.mem_BTR_reg[27]/CE (clocked by clk_out1_system_clk_wiz_0_0). Large setup violations at the end of those stages might be difficult to fix during the post-placement implementation flow and could be the result of non-optimal XDC constraints or non-optimal design architecture
Related violations: <none>

TIMING-16#738 Warning
Large setup violation  
There is a large setup violation of -2.105 ns between system_i/microblaze_0/U0/MicroBlaze_Core_I/Performance.Core/Using_DCache.Using_WriteBack.DCache_wb_I1/TAG_RAM_Module/Not_Using_XPM.Using_B36_S36.The_BRAMs[0].RAMB36_I1/Using_FPGA.Native/CLKARDCLK (clocked by clk_out1_system_clk_wiz_0_0) and system_i/microblaze_0/U0/MicroBlaze_Core_I/Performance.Core/Data_Flow_I/exception_registers_I1/Use_LUT6.mem_BTR_reg[2]/CE (clocked by clk_out1_system_clk_wiz_0_0). Large setup violations at the end of those stages might be difficult to fix during the post-placement implementation flow and could be the result of non-optimal XDC constraints or non-optimal design architecture
Related violations: <none>

TIMING-16#739 Warning
Large setup violation  
There is a large setup violation of -2.109 ns between system_i/microblaze_0/U0/MicroBlaze_Core_I/Performance.Core/Decode_I/mem_gpr_write_reg/C (clocked by clk_out1_system_clk_wiz_0_0) and system_i/microblaze_0/U0/MicroBlaze_Core_I/Performance.Core/Data_Flow_I/Operand_Select_I/EX_Op2_reg[29]/D (clocked by clk_out1_system_clk_wiz_0_0). Large setup violations at the end of those stages might be difficult to fix during the post-placement implementation flow and could be the result of non-optimal XDC constraints or non-optimal design architecture
Related violations: <none>

TIMING-16#740 Warning
Large setup violation  
There is a large setup violation of -2.109 ns between system_i/microblaze_0/U0/MicroBlaze_Core_I/Performance.Core/Using_DCache.Using_WriteBack.DCache_wb_I1/TAG_RAM_Module/Not_Using_XPM.Using_B36_S36.The_BRAMs[0].RAMB36_I1/Using_FPGA.Native/CLKARDCLK (clocked by clk_out1_system_clk_wiz_0_0) and system_i/microblaze_0/U0/MicroBlaze_Core_I/Performance.Core/Data_Flow_I/Barrel_Shifter_I/Use_HW_BS.Using_BitField.mem_mask0_reg[10]/CE (clocked by clk_out1_system_clk_wiz_0_0). Large setup violations at the end of those stages might be difficult to fix during the post-placement implementation flow and could be the result of non-optimal XDC constraints or non-optimal design architecture
Related violations: <none>

TIMING-16#741 Warning
Large setup violation  
There is a large setup violation of -2.109 ns between system_i/microblaze_0/U0/MicroBlaze_Core_I/Performance.Core/Using_DCache.Using_WriteBack.DCache_wb_I1/TAG_RAM_Module/Not_Using_XPM.Using_B36_S36.The_BRAMs[0].RAMB36_I1/Using_FPGA.Native/CLKARDCLK (clocked by clk_out1_system_clk_wiz_0_0) and system_i/microblaze_0/U0/MicroBlaze_Core_I/Performance.Core/Data_Flow_I/Barrel_Shifter_I/Use_HW_BS.Using_BitField.mem_mask0_reg[13]/CE (clocked by clk_out1_system_clk_wiz_0_0). Large setup violations at the end of those stages might be difficult to fix during the post-placement implementation flow and could be the result of non-optimal XDC constraints or non-optimal design architecture
Related violations: <none>

TIMING-16#742 Warning
Large setup violation  
There is a large setup violation of -2.109 ns between system_i/microblaze_0/U0/MicroBlaze_Core_I/Performance.Core/Using_DCache.Using_WriteBack.DCache_wb_I1/TAG_RAM_Module/Not_Using_XPM.Using_B36_S36.The_BRAMs[0].RAMB36_I1/Using_FPGA.Native/CLKARDCLK (clocked by clk_out1_system_clk_wiz_0_0) and system_i/microblaze_0/U0/MicroBlaze_Core_I/Performance.Core/Data_Flow_I/Barrel_Shifter_I/Use_HW_BS.Using_BitField.mem_mask0_reg[23]/CE (clocked by clk_out1_system_clk_wiz_0_0). Large setup violations at the end of those stages might be difficult to fix during the post-placement implementation flow and could be the result of non-optimal XDC constraints or non-optimal design architecture
Related violations: <none>

TIMING-16#743 Warning
Large setup violation  
There is a large setup violation of -2.109 ns between system_i/microblaze_0/U0/MicroBlaze_Core_I/Performance.Core/Using_DCache.Using_WriteBack.DCache_wb_I1/TAG_RAM_Module/Not_Using_XPM.Using_B36_S36.The_BRAMs[0].RAMB36_I1/Using_FPGA.Native/CLKARDCLK (clocked by clk_out1_system_clk_wiz_0_0) and system_i/microblaze_0/U0/MicroBlaze_Core_I/Performance.Core/Data_Flow_I/Barrel_Shifter_I/Use_HW_BS.Using_BitField.mem_mask0_reg[7]/CE (clocked by clk_out1_system_clk_wiz_0_0). Large setup violations at the end of those stages might be difficult to fix during the post-placement implementation flow and could be the result of non-optimal XDC constraints or non-optimal design architecture
Related violations: <none>

TIMING-16#744 Warning
Large setup violation  
There is a large setup violation of -2.110 ns between system_i/microblaze_0/U0/MicroBlaze_Core_I/Performance.Core/Using_DCache.Using_WriteBack.DCache_wb_I1/TAG_RAM_Module/Not_Using_XPM.Using_B36_S36.The_BRAMs[0].RAMB36_I1/Using_FPGA.Native/CLKARDCLK (clocked by clk_out1_system_clk_wiz_0_0) and system_i/microblaze_0/U0/MicroBlaze_Core_I/Performance.Core/Data_Flow_I/Barrel_Shifter_I/Use_HW_BS.Using_BitField.mem_mask0_reg[0]/CE (clocked by clk_out1_system_clk_wiz_0_0). Large setup violations at the end of those stages might be difficult to fix during the post-placement implementation flow and could be the result of non-optimal XDC constraints or non-optimal design architecture
Related violations: <none>

TIMING-16#745 Warning
Large setup violation  
There is a large setup violation of -2.110 ns between system_i/microblaze_0/U0/MicroBlaze_Core_I/Performance.Core/Using_DCache.Using_WriteBack.DCache_wb_I1/TAG_RAM_Module/Not_Using_XPM.Using_B36_S36.The_BRAMs[0].RAMB36_I1/Using_FPGA.Native/CLKARDCLK (clocked by clk_out1_system_clk_wiz_0_0) and system_i/microblaze_0/U0/MicroBlaze_Core_I/Performance.Core/Data_Flow_I/Barrel_Shifter_I/Use_HW_BS.Using_BitField.mem_mask0_reg[12]/CE (clocked by clk_out1_system_clk_wiz_0_0). Large setup violations at the end of those stages might be difficult to fix during the post-placement implementation flow and could be the result of non-optimal XDC constraints or non-optimal design architecture
Related violations: <none>

TIMING-16#746 Warning
Large setup violation  
There is a large setup violation of -2.110 ns between system_i/microblaze_0/U0/MicroBlaze_Core_I/Performance.Core/Using_DCache.Using_WriteBack.DCache_wb_I1/TAG_RAM_Module/Not_Using_XPM.Using_B36_S36.The_BRAMs[0].RAMB36_I1/Using_FPGA.Native/CLKARDCLK (clocked by clk_out1_system_clk_wiz_0_0) and system_i/microblaze_0/U0/MicroBlaze_Core_I/Performance.Core/Data_Flow_I/Barrel_Shifter_I/Use_HW_BS.Using_BitField.mem_mask0_reg[1]/CE (clocked by clk_out1_system_clk_wiz_0_0). Large setup violations at the end of those stages might be difficult to fix during the post-placement implementation flow and could be the result of non-optimal XDC constraints or non-optimal design architecture
Related violations: <none>

TIMING-16#747 Warning
Large setup violation  
There is a large setup violation of -2.110 ns between system_i/microblaze_0/U0/MicroBlaze_Core_I/Performance.Core/Using_DCache.Using_WriteBack.DCache_wb_I1/TAG_RAM_Module/Not_Using_XPM.Using_B36_S36.The_BRAMs[0].RAMB36_I1/Using_FPGA.Native/CLKARDCLK (clocked by clk_out1_system_clk_wiz_0_0) and system_i/microblaze_0/U0/MicroBlaze_Core_I/Performance.Core/Data_Flow_I/Barrel_Shifter_I/Use_HW_BS.Using_BitField.mem_mask0_reg[21]/CE (clocked by clk_out1_system_clk_wiz_0_0). Large setup violations at the end of those stages might be difficult to fix during the post-placement implementation flow and could be the result of non-optimal XDC constraints or non-optimal design architecture
Related violations: <none>

TIMING-16#748 Warning
Large setup violation  
There is a large setup violation of -2.110 ns between system_i/microblaze_0/U0/MicroBlaze_Core_I/Performance.Core/Using_DCache.Using_WriteBack.DCache_wb_I1/TAG_RAM_Module/Not_Using_XPM.Using_B36_S36.The_BRAMs[0].RAMB36_I1/Using_FPGA.Native/CLKARDCLK (clocked by clk_out1_system_clk_wiz_0_0) and system_i/microblaze_0/U0/MicroBlaze_Core_I/Performance.Core/Data_Flow_I/Barrel_Shifter_I/Use_HW_BS.Using_BitField.mem_mask0_reg[24]/CE (clocked by clk_out1_system_clk_wiz_0_0). Large setup violations at the end of those stages might be difficult to fix during the post-placement implementation flow and could be the result of non-optimal XDC constraints or non-optimal design architecture
Related violations: <none>

TIMING-16#749 Warning
Large setup violation  
There is a large setup violation of -2.110 ns between system_i/microblaze_0/U0/MicroBlaze_Core_I/Performance.Core/Using_DCache.Using_WriteBack.DCache_wb_I1/TAG_RAM_Module/Not_Using_XPM.Using_B36_S36.The_BRAMs[0].RAMB36_I1/Using_FPGA.Native/CLKARDCLK (clocked by clk_out1_system_clk_wiz_0_0) and system_i/microblaze_0/U0/MicroBlaze_Core_I/Performance.Core/Data_Flow_I/Barrel_Shifter_I/Use_HW_BS.Using_BitField.mem_mask0_reg[28]/CE (clocked by clk_out1_system_clk_wiz_0_0). Large setup violations at the end of those stages might be difficult to fix during the post-placement implementation flow and could be the result of non-optimal XDC constraints or non-optimal design architecture
Related violations: <none>

TIMING-16#750 Warning
Large setup violation  
There is a large setup violation of -2.110 ns between system_i/microblaze_0/U0/MicroBlaze_Core_I/Performance.Core/Using_DCache.Using_WriteBack.DCache_wb_I1/TAG_RAM_Module/Not_Using_XPM.Using_B36_S36.The_BRAMs[0].RAMB36_I1/Using_FPGA.Native/CLKARDCLK (clocked by clk_out1_system_clk_wiz_0_0) and system_i/microblaze_0/U0/MicroBlaze_Core_I/Performance.Core/Data_Flow_I/Barrel_Shifter_I/Use_HW_BS.Using_BitField.mem_mask0_reg[29]/CE (clocked by clk_out1_system_clk_wiz_0_0). Large setup violations at the end of those stages might be difficult to fix during the post-placement implementation flow and could be the result of non-optimal XDC constraints or non-optimal design architecture
Related violations: <none>

TIMING-16#751 Warning
Large setup violation  
There is a large setup violation of -2.110 ns between system_i/microblaze_0/U0/MicroBlaze_Core_I/Performance.Core/Using_DCache.Using_WriteBack.DCache_wb_I1/TAG_RAM_Module/Not_Using_XPM.Using_B36_S36.The_BRAMs[0].RAMB36_I1/Using_FPGA.Native/CLKARDCLK (clocked by clk_out1_system_clk_wiz_0_0) and system_i/microblaze_0/U0/MicroBlaze_Core_I/Performance.Core/Data_Flow_I/Barrel_Shifter_I/Use_HW_BS.Using_BitField.mem_mask0_reg[8]/CE (clocked by clk_out1_system_clk_wiz_0_0). Large setup violations at the end of those stages might be difficult to fix during the post-placement implementation flow and could be the result of non-optimal XDC constraints or non-optimal design architecture
Related violations: <none>

TIMING-16#752 Warning
Large setup violation  
There is a large setup violation of -2.110 ns between system_i/microblaze_0/U0/MicroBlaze_Core_I/Performance.Core/Using_DCache.Using_WriteBack.DCache_wb_I1/TAG_RAM_Module/Not_Using_XPM.Using_B36_S36.The_BRAMs[0].RAMB36_I1/Using_FPGA.Native/CLKARDCLK (clocked by clk_out1_system_clk_wiz_0_0) and system_i/microblaze_0/U0/MicroBlaze_Core_I/Performance.Core/Data_Flow_I/Barrel_Shifter_I/Use_HW_BS.Using_BitField.mem_mask1_reg[23]/CE (clocked by clk_out1_system_clk_wiz_0_0). Large setup violations at the end of those stages might be difficult to fix during the post-placement implementation flow and could be the result of non-optimal XDC constraints or non-optimal design architecture
Related violations: <none>

TIMING-16#753 Warning
Large setup violation  
There is a large setup violation of -2.110 ns between system_i/microblaze_0/U0/MicroBlaze_Core_I/Performance.Core/Using_DCache.Using_WriteBack.DCache_wb_I1/TAG_RAM_Module/Not_Using_XPM.Using_B36_S36.The_BRAMs[0].RAMB36_I1/Using_FPGA.Native/CLKARDCLK (clocked by clk_out1_system_clk_wiz_0_0) and system_i/microblaze_0/U0/MicroBlaze_Core_I/Performance.Core/Data_Flow_I/Barrel_Shifter_I/Use_HW_BS.Using_BitField.mem_mask1_reg[8]/CE (clocked by clk_out1_system_clk_wiz_0_0). Large setup violations at the end of those stages might be difficult to fix during the post-placement implementation flow and could be the result of non-optimal XDC constraints or non-optimal design architecture
Related violations: <none>

TIMING-16#754 Warning
Large setup violation  
There is a large setup violation of -2.110 ns between system_i/microblaze_0/U0/MicroBlaze_Core_I/Performance.Core/Using_DCache.Using_WriteBack.DCache_wb_I1/TAG_RAM_Module/Not_Using_XPM.Using_B36_S36.The_BRAMs[0].RAMB36_I1/Using_FPGA.Native/CLKARDCLK (clocked by clk_out1_system_clk_wiz_0_0) and system_i/microblaze_0/U0/MicroBlaze_Core_I/Performance.Core/Data_Flow_I/Byte_Doublet_Handle_gti_I/MEM_DataBus_Byte_Enable_reg[0]/CE (clocked by clk_out1_system_clk_wiz_0_0). Large setup violations at the end of those stages might be difficult to fix during the post-placement implementation flow and could be the result of non-optimal XDC constraints or non-optimal design architecture
Related violations: <none>

TIMING-16#755 Warning
Large setup violation  
There is a large setup violation of -2.112 ns between system_i/microblaze_0/U0/MicroBlaze_Core_I/Performance.Core/Using_DCache.Using_WriteBack.DCache_wb_I1/TAG_RAM_Module/Not_Using_XPM.Using_B36_S36.The_BRAMs[0].RAMB36_I1/Using_FPGA.Native/CLKARDCLK (clocked by clk_out1_system_clk_wiz_0_0) and system_i/microblaze_0/U0/MicroBlaze_Core_I/Performance.Core/Data_Flow_I/Operand_Select_I/EX_Branch_CMP_Op1_reg[25]/CE (clocked by clk_out1_system_clk_wiz_0_0). Large setup violations at the end of those stages might be difficult to fix during the post-placement implementation flow and could be the result of non-optimal XDC constraints or non-optimal design architecture
Related violations: <none>

TIMING-16#756 Warning
Large setup violation  
There is a large setup violation of -2.112 ns between system_i/microblaze_0/U0/MicroBlaze_Core_I/Performance.Core/Using_DCache.Using_WriteBack.DCache_wb_I1/TAG_RAM_Module/Not_Using_XPM.Using_B36_S36.The_BRAMs[0].RAMB36_I1/Using_FPGA.Native/CLKARDCLK (clocked by clk_out1_system_clk_wiz_0_0) and system_i/microblaze_0/U0/MicroBlaze_Core_I/Performance.Core/Data_Flow_I/Operand_Select_I/EX_Branch_CMP_Op1_reg[3]/CE (clocked by clk_out1_system_clk_wiz_0_0). Large setup violations at the end of those stages might be difficult to fix during the post-placement implementation flow and could be the result of non-optimal XDC constraints or non-optimal design architecture
Related violations: <none>

TIMING-16#757 Warning
Large setup violation  
There is a large setup violation of -2.112 ns between system_i/microblaze_0/U0/MicroBlaze_Core_I/Performance.Core/Using_DCache.Using_WriteBack.DCache_wb_I1/TAG_RAM_Module/Not_Using_XPM.Using_B36_S36.The_BRAMs[0].RAMB36_I1/Using_FPGA.Native/CLKARDCLK (clocked by clk_out1_system_clk_wiz_0_0) and system_i/microblaze_0/U0/MicroBlaze_Core_I/Performance.Core/Data_Flow_I/Operand_Select_I/EX_Op3_reg[19]/CE (clocked by clk_out1_system_clk_wiz_0_0). Large setup violations at the end of those stages might be difficult to fix during the post-placement implementation flow and could be the result of non-optimal XDC constraints or non-optimal design architecture
Related violations: <none>

TIMING-16#758 Warning
Large setup violation  
There is a large setup violation of -2.112 ns between system_i/microblaze_0/U0/MicroBlaze_Core_I/Performance.Core/Using_DCache.Using_WriteBack.DCache_wb_I1/TAG_RAM_Module/Not_Using_XPM.Using_B36_S36.The_BRAMs[0].RAMB36_I1/Using_FPGA.Native/CLKARDCLK (clocked by clk_out1_system_clk_wiz_0_0) and system_i/microblaze_0/U0/MicroBlaze_Core_I/Performance.Core/Data_Flow_I/Operand_Select_I/EX_Op3_reg[22]/CE (clocked by clk_out1_system_clk_wiz_0_0). Large setup violations at the end of those stages might be difficult to fix during the post-placement implementation flow and could be the result of non-optimal XDC constraints or non-optimal design architecture
Related violations: <none>

TIMING-16#759 Warning
Large setup violation  
There is a large setup violation of -2.112 ns between system_i/microblaze_0/U0/MicroBlaze_Core_I/Performance.Core/Using_DCache.Using_WriteBack.DCache_wb_I1/TAG_RAM_Module/Not_Using_XPM.Using_B36_S36.The_BRAMs[0].RAMB36_I1/Using_FPGA.Native/CLKARDCLK (clocked by clk_out1_system_clk_wiz_0_0) and system_i/microblaze_0/U0/MicroBlaze_Core_I/Performance.Core/Data_Flow_I/Operand_Select_I/EX_Op3_reg[7]/CE (clocked by clk_out1_system_clk_wiz_0_0). Large setup violations at the end of those stages might be difficult to fix during the post-placement implementation flow and could be the result of non-optimal XDC constraints or non-optimal design architecture
Related violations: <none>

TIMING-16#760 Warning
Large setup violation  
There is a large setup violation of -2.112 ns between system_i/microblaze_0/U0/MicroBlaze_Core_I/Performance.Core/Using_DCache.Using_WriteBack.DCache_wb_I1/TAG_RAM_Module/Not_Using_XPM.Using_B36_S36.The_BRAMs[0].RAMB36_I1/Using_FPGA.Native/CLKARDCLK (clocked by clk_out1_system_clk_wiz_0_0) and system_i/microblaze_0/U0/MicroBlaze_Core_I/Performance.Core/Decode_I/EX_Bit_Insert_reg/CE (clocked by clk_out1_system_clk_wiz_0_0). Large setup violations at the end of those stages might be difficult to fix during the post-placement implementation flow and could be the result of non-optimal XDC constraints or non-optimal design architecture
Related violations: <none>

TIMING-16#761 Warning
Large setup violation  
There is a large setup violation of -2.114 ns between system_i/microblaze_0/U0/MicroBlaze_Core_I/Performance.Core/Using_DCache.Using_WriteBack.DCache_wb_I1/TAG_RAM_Module/Not_Using_XPM.Using_B36_S36.The_BRAMs[0].RAMB36_I1/Using_FPGA.Native/CLKARDCLK (clocked by clk_out1_system_clk_wiz_0_0) and system_i/microblaze_0/U0/MicroBlaze_Core_I/Performance.Core/Data_Flow_I/Byte_Doublet_Handle_gti_I/MEM_DataBus_Write_Data_reg[3]/CE (clocked by clk_out1_system_clk_wiz_0_0). Large setup violations at the end of those stages might be difficult to fix during the post-placement implementation flow and could be the result of non-optimal XDC constraints or non-optimal design architecture
Related violations: <none>

TIMING-16#762 Warning
Large setup violation  
There is a large setup violation of -2.119 ns between system_i/microblaze_0/U0/MicroBlaze_Core_I/Performance.Core/Using_DCache.Using_WriteBack.DCache_wb_I1/TAG_RAM_Module/Not_Using_XPM.Using_B36_S36.The_BRAMs[0].RAMB36_I1/Using_FPGA.Native/CLKARDCLK (clocked by clk_out1_system_clk_wiz_0_0) and system_i/microblaze_0/U0/MicroBlaze_Core_I/Performance.Core/Decode_I/MEM_DataBus_Addr_reg[24]/CE (clocked by clk_out1_system_clk_wiz_0_0). Large setup violations at the end of those stages might be difficult to fix during the post-placement implementation flow and could be the result of non-optimal XDC constraints or non-optimal design architecture
Related violations: <none>

TIMING-16#763 Warning
Large setup violation  
There is a large setup violation of -2.119 ns between system_i/microblaze_0/U0/MicroBlaze_Core_I/Performance.Core/Using_DCache.Using_WriteBack.DCache_wb_I1/TAG_RAM_Module/Not_Using_XPM.Using_B36_S36.The_BRAMs[0].RAMB36_I1/Using_FPGA.Native/CLKARDCLK (clocked by clk_out1_system_clk_wiz_0_0) and system_i/microblaze_0/U0/MicroBlaze_Core_I/Performance.Core/Decode_I/MEM_DataBus_Addr_reg[25]/CE (clocked by clk_out1_system_clk_wiz_0_0). Large setup violations at the end of those stages might be difficult to fix during the post-placement implementation flow and could be the result of non-optimal XDC constraints or non-optimal design architecture
Related violations: <none>

TIMING-16#764 Warning
Large setup violation  
There is a large setup violation of -2.119 ns between system_i/microblaze_0/U0/MicroBlaze_Core_I/Performance.Core/Using_DCache.Using_WriteBack.DCache_wb_I1/TAG_RAM_Module/Not_Using_XPM.Using_B36_S36.The_BRAMs[0].RAMB36_I1/Using_FPGA.Native/CLKARDCLK (clocked by clk_out1_system_clk_wiz_0_0) and system_i/microblaze_0/U0/MicroBlaze_Core_I/Performance.Core/Decode_I/MEM_DataBus_Addr_reg[26]/CE (clocked by clk_out1_system_clk_wiz_0_0). Large setup violations at the end of those stages might be difficult to fix during the post-placement implementation flow and could be the result of non-optimal XDC constraints or non-optimal design architecture
Related violations: <none>

TIMING-16#765 Warning
Large setup violation  
There is a large setup violation of -2.121 ns between system_i/microblaze_0/U0/MicroBlaze_Core_I/Performance.Core/Using_DCache.Using_WriteBack.DCache_wb_I1/TAG_RAM_Module/Not_Using_XPM.Using_B36_S36.The_BRAMs[0].RAMB36_I1/Using_FPGA.Native/CLKARDCLK (clocked by clk_out1_system_clk_wiz_0_0) and system_i/microblaze_0/U0/MicroBlaze_Core_I/Performance.Core/Data_Flow_I/Barrel_Shifter_I/Use_HW_BS.Using_BitField.mem_mask1_reg[14]/CE (clocked by clk_out1_system_clk_wiz_0_0). Large setup violations at the end of those stages might be difficult to fix during the post-placement implementation flow and could be the result of non-optimal XDC constraints or non-optimal design architecture
Related violations: <none>

TIMING-16#766 Warning
Large setup violation  
There is a large setup violation of -2.121 ns between system_i/microblaze_0/U0/MicroBlaze_Core_I/Performance.Core/Using_DCache.Using_WriteBack.DCache_wb_I1/TAG_RAM_Module/Not_Using_XPM.Using_B36_S36.The_BRAMs[0].RAMB36_I1/Using_FPGA.Native/CLKARDCLK (clocked by clk_out1_system_clk_wiz_0_0) and system_i/microblaze_0/U0/MicroBlaze_Core_I/Performance.Core/Data_Flow_I/Barrel_Shifter_I/Use_HW_BS.Using_BitField.mem_mask1_reg[25]/CE (clocked by clk_out1_system_clk_wiz_0_0). Large setup violations at the end of those stages might be difficult to fix during the post-placement implementation flow and could be the result of non-optimal XDC constraints or non-optimal design architecture
Related violations: <none>

TIMING-16#767 Warning
Large setup violation  
There is a large setup violation of -2.121 ns between system_i/microblaze_0/U0/MicroBlaze_Core_I/Performance.Core/Using_DCache.Using_WriteBack.DCache_wb_I1/TAG_RAM_Module/Not_Using_XPM.Using_B36_S36.The_BRAMs[0].RAMB36_I1/Using_FPGA.Native/CLKARDCLK (clocked by clk_out1_system_clk_wiz_0_0) and system_i/microblaze_0/U0/MicroBlaze_Core_I/Performance.Core/Data_Flow_I/Barrel_Shifter_I/Use_HW_BS.Using_BitField.mem_mask1_reg[27]/CE (clocked by clk_out1_system_clk_wiz_0_0). Large setup violations at the end of those stages might be difficult to fix during the post-placement implementation flow and could be the result of non-optimal XDC constraints or non-optimal design architecture
Related violations: <none>

TIMING-16#768 Warning
Large setup violation  
There is a large setup violation of -2.121 ns between system_i/microblaze_0/U0/MicroBlaze_Core_I/Performance.Core/Using_DCache.Using_WriteBack.DCache_wb_I1/TAG_RAM_Module/Not_Using_XPM.Using_B36_S36.The_BRAMs[0].RAMB36_I1/Using_FPGA.Native/CLKARDCLK (clocked by clk_out1_system_clk_wiz_0_0) and system_i/microblaze_0/U0/MicroBlaze_Core_I/Performance.Core/Data_Flow_I/Byte_Doublet_Handle_gti_I/MEM_DataBus_Byte_Enable_reg[1]/CE (clocked by clk_out1_system_clk_wiz_0_0). Large setup violations at the end of those stages might be difficult to fix during the post-placement implementation flow and could be the result of non-optimal XDC constraints or non-optimal design architecture
Related violations: <none>

TIMING-16#769 Warning
Large setup violation  
There is a large setup violation of -2.121 ns between system_i/microblaze_0/U0/MicroBlaze_Core_I/Performance.Core/Using_DCache.Using_WriteBack.DCache_wb_I1/TAG_RAM_Module/Not_Using_XPM.Using_B36_S36.The_BRAMs[0].RAMB36_I1/Using_FPGA.Native/CLKARDCLK (clocked by clk_out1_system_clk_wiz_0_0) and system_i/microblaze_0/U0/MicroBlaze_Core_I/Performance.Core/Decode_I/MEM_Sel_MEM_Res_I_reg/CE (clocked by clk_out1_system_clk_wiz_0_0). Large setup violations at the end of those stages might be difficult to fix during the post-placement implementation flow and could be the result of non-optimal XDC constraints or non-optimal design architecture
Related violations: <none>

TIMING-16#770 Warning
Large setup violation  
There is a large setup violation of -2.126 ns between system_i/microblaze_0/U0/MicroBlaze_Core_I/Performance.Core/Using_DCache.Using_WriteBack.DCache_wb_I1/TAG_RAM_Module/Not_Using_XPM.Using_B36_S36.The_BRAMs[0].RAMB36_I1/Using_FPGA.Native/CLKARDCLK (clocked by clk_out1_system_clk_wiz_0_0) and system_i/microblaze_0/U0/MicroBlaze_Core_I/Performance.Core/Data_Flow_I/Barrel_Shifter_I/Use_HW_BS.Using_BitField.Gen_Bits[10].mem_Rd_reg[10]/CE (clocked by clk_out1_system_clk_wiz_0_0). Large setup violations at the end of those stages might be difficult to fix during the post-placement implementation flow and could be the result of non-optimal XDC constraints or non-optimal design architecture
Related violations: <none>

TIMING-16#771 Warning
Large setup violation  
There is a large setup violation of -2.132 ns between system_i/microblaze_0/U0/MicroBlaze_Core_I/Performance.Core/Use_DBUS.DAXI_Interface_I1/WB_DAXI_Data_Strobe_reg/C (clocked by clk_out1_system_clk_wiz_0_0) and system_i/microblaze_0/U0/MicroBlaze_Core_I/Performance.Core/Data_Flow_I/Operand_Select_I/EX_Op3_reg[30]/D (clocked by clk_out1_system_clk_wiz_0_0). Large setup violations at the end of those stages might be difficult to fix during the post-placement implementation flow and could be the result of non-optimal XDC constraints or non-optimal design architecture
Related violations: <none>

TIMING-16#772 Warning
Large setup violation  
There is a large setup violation of -2.135 ns between system_i/microblaze_0/U0/MicroBlaze_Core_I/Performance.Core/Data_Flow_I/Operand_Select_I/EX_Op2_reg[4]/C (clocked by clk_out1_system_clk_wiz_0_0) and system_i/microblaze_0/U0/MicroBlaze_Core_I/Performance.Core/Data_Flow_I/Operand_Select_I/EX_Branch_CMP_Op1_reg[30]/D (clocked by clk_out1_system_clk_wiz_0_0). Large setup violations at the end of those stages might be difficult to fix during the post-placement implementation flow and could be the result of non-optimal XDC constraints or non-optimal design architecture
Related violations: <none>

TIMING-16#773 Warning
Large setup violation  
There is a large setup violation of -2.136 ns between system_i/microblaze_0/U0/MicroBlaze_Core_I/Performance.Core/Using_DCache.Using_WriteBack.DCache_wb_I1/TAG_RAM_Module/Not_Using_XPM.Using_B36_S36.The_BRAMs[0].RAMB36_I1/Using_FPGA.Native/CLKARDCLK (clocked by clk_out1_system_clk_wiz_0_0) and system_i/microblaze_0/U0/MicroBlaze_Core_I/Performance.Core/Data_Flow_I/Byte_Doublet_Handle_gti_I/MEM_DataBus_Write_Data_reg[23]/CE (clocked by clk_out1_system_clk_wiz_0_0). Large setup violations at the end of those stages might be difficult to fix during the post-placement implementation flow and could be the result of non-optimal XDC constraints or non-optimal design architecture
Related violations: <none>

TIMING-16#774 Warning
Large setup violation  
There is a large setup violation of -2.136 ns between system_i/microblaze_0/U0/MicroBlaze_Core_I/Performance.Core/Using_DCache.Using_WriteBack.DCache_wb_I1/TAG_RAM_Module/Not_Using_XPM.Using_B36_S36.The_BRAMs[0].RAMB36_I1/Using_FPGA.Native/CLKARDCLK (clocked by clk_out1_system_clk_wiz_0_0) and system_i/microblaze_0/U0/MicroBlaze_Core_I/Performance.Core/Data_Flow_I/Byte_Doublet_Handle_gti_I/MEM_DataBus_Write_Data_reg[26]/CE (clocked by clk_out1_system_clk_wiz_0_0). Large setup violations at the end of those stages might be difficult to fix during the post-placement implementation flow and could be the result of non-optimal XDC constraints or non-optimal design architecture
Related violations: <none>

TIMING-16#775 Warning
Large setup violation  
There is a large setup violation of -2.145 ns between system_i/microblaze_0/U0/MicroBlaze_Core_I/Performance.Core/Use_DBUS.DAXI_Interface_I1/WB_DAXI_Data_Strobe_reg/C (clocked by clk_out1_system_clk_wiz_0_0) and system_i/microblaze_0/U0/MicroBlaze_Core_I/Performance.Core/Data_Flow_I/Operand_Select_I/EX_Branch_CMP_Op1_reg[8]/D (clocked by clk_out1_system_clk_wiz_0_0). Large setup violations at the end of those stages might be difficult to fix during the post-placement implementation flow and could be the result of non-optimal XDC constraints or non-optimal design architecture
Related violations: <none>

TIMING-16#776 Warning
Large setup violation  
There is a large setup violation of -2.147 ns between system_i/microblaze_0/U0/MicroBlaze_Core_I/Performance.Core/Using_DCache.Using_WriteBack.DCache_wb_I1/TAG_RAM_Module/Not_Using_XPM.Using_B36_S36.The_BRAMs[0].RAMB36_I1/Using_FPGA.Native/CLKARDCLK (clocked by clk_out1_system_clk_wiz_0_0) and system_i/microblaze_0/U0/MicroBlaze_Core_I/Performance.Core/Data_Flow_I/Barrel_Shifter_I/Use_HW_BS.Using_BitField.mem_mask0_reg[14]/CE (clocked by clk_out1_system_clk_wiz_0_0). Large setup violations at the end of those stages might be difficult to fix during the post-placement implementation flow and could be the result of non-optimal XDC constraints or non-optimal design architecture
Related violations: <none>

TIMING-16#777 Warning
Large setup violation  
There is a large setup violation of -2.147 ns between system_i/microblaze_0/U0/MicroBlaze_Core_I/Performance.Core/Using_DCache.Using_WriteBack.DCache_wb_I1/TAG_RAM_Module/Not_Using_XPM.Using_B36_S36.The_BRAMs[0].RAMB36_I1/Using_FPGA.Native/CLKARDCLK (clocked by clk_out1_system_clk_wiz_0_0) and system_i/microblaze_0/U0/MicroBlaze_Core_I/Performance.Core/Data_Flow_I/Barrel_Shifter_I/Use_HW_BS.Using_BitField.mem_mask0_reg[15]/CE (clocked by clk_out1_system_clk_wiz_0_0). Large setup violations at the end of those stages might be difficult to fix during the post-placement implementation flow and could be the result of non-optimal XDC constraints or non-optimal design architecture
Related violations: <none>

TIMING-16#778 Warning
Large setup violation  
There is a large setup violation of -2.147 ns between system_i/microblaze_0/U0/MicroBlaze_Core_I/Performance.Core/Using_DCache.Using_WriteBack.DCache_wb_I1/TAG_RAM_Module/Not_Using_XPM.Using_B36_S36.The_BRAMs[0].RAMB36_I1/Using_FPGA.Native/CLKARDCLK (clocked by clk_out1_system_clk_wiz_0_0) and system_i/microblaze_0/U0/MicroBlaze_Core_I/Performance.Core/Data_Flow_I/Barrel_Shifter_I/Use_HW_BS.Using_BitField.mem_mask0_reg[2]/CE (clocked by clk_out1_system_clk_wiz_0_0). Large setup violations at the end of those stages might be difficult to fix during the post-placement implementation flow and could be the result of non-optimal XDC constraints or non-optimal design architecture
Related violations: <none>

TIMING-16#779 Warning
Large setup violation  
There is a large setup violation of -2.147 ns between system_i/microblaze_0/U0/MicroBlaze_Core_I/Performance.Core/Using_DCache.Using_WriteBack.DCache_wb_I1/TAG_RAM_Module/Not_Using_XPM.Using_B36_S36.The_BRAMs[0].RAMB36_I1/Using_FPGA.Native/CLKARDCLK (clocked by clk_out1_system_clk_wiz_0_0) and system_i/microblaze_0/U0/MicroBlaze_Core_I/Performance.Core/Data_Flow_I/Barrel_Shifter_I/Use_HW_BS.Using_BitField.mem_mask1_reg[26]/CE (clocked by clk_out1_system_clk_wiz_0_0). Large setup violations at the end of those stages might be difficult to fix during the post-placement implementation flow and could be the result of non-optimal XDC constraints or non-optimal design architecture
Related violations: <none>

TIMING-16#780 Warning
Large setup violation  
There is a large setup violation of -2.148 ns between system_i/microblaze_0/U0/MicroBlaze_Core_I/Performance.Core/Using_DCache.Using_WriteBack.DCache_wb_I1/TAG_RAM_Module/Not_Using_XPM.Using_B36_S36.The_BRAMs[0].RAMB36_I1/Using_FPGA.Native/CLKARDCLK (clocked by clk_out1_system_clk_wiz_0_0) and system_i/microblaze_0/U0/MicroBlaze_Core_I/Performance.Core/Data_Flow_I/Data_Flow_Logic_I/Gen_Bits[18].MEM_EX_Result_Inst/Using_FPGA.Native/CE (clocked by clk_out1_system_clk_wiz_0_0). Large setup violations at the end of those stages might be difficult to fix during the post-placement implementation flow and could be the result of non-optimal XDC constraints or non-optimal design architecture
Related violations: <none>

TIMING-16#781 Warning
Large setup violation  
There is a large setup violation of -2.148 ns between system_i/microblaze_0/U0/MicroBlaze_Core_I/Performance.Core/Using_DCache.Using_WriteBack.DCache_wb_I1/TAG_RAM_Module/Not_Using_XPM.Using_B36_S36.The_BRAMs[0].RAMB36_I1/Using_FPGA.Native/CLKARDCLK (clocked by clk_out1_system_clk_wiz_0_0) and system_i/microblaze_0/U0/MicroBlaze_Core_I/Performance.Core/Data_Flow_I/Data_Flow_Logic_I/Gen_Bits[19].MEM_EX_Result_Inst/Using_FPGA.Native/CE (clocked by clk_out1_system_clk_wiz_0_0). Large setup violations at the end of those stages might be difficult to fix during the post-placement implementation flow and could be the result of non-optimal XDC constraints or non-optimal design architecture
Related violations: <none>

TIMING-16#782 Warning
Large setup violation  
There is a large setup violation of -2.148 ns between system_i/microblaze_0/U0/MicroBlaze_Core_I/Performance.Core/Using_DCache.Using_WriteBack.DCache_wb_I1/TAG_RAM_Module/Not_Using_XPM.Using_B36_S36.The_BRAMs[0].RAMB36_I1/Using_FPGA.Native/CLKARDCLK (clocked by clk_out1_system_clk_wiz_0_0) and system_i/microblaze_0/U0/MicroBlaze_Core_I/Performance.Core/Data_Flow_I/Data_Flow_Logic_I/Gen_Bits[21].MEM_EX_Result_Inst/Using_FPGA.Native/CE (clocked by clk_out1_system_clk_wiz_0_0). Large setup violations at the end of those stages might be difficult to fix during the post-placement implementation flow and could be the result of non-optimal XDC constraints or non-optimal design architecture
Related violations: <none>

TIMING-16#783 Warning
Large setup violation  
There is a large setup violation of -2.148 ns between system_i/microblaze_0/U0/MicroBlaze_Core_I/Performance.Core/Using_DCache.Using_WriteBack.DCache_wb_I1/TAG_RAM_Module/Not_Using_XPM.Using_B36_S36.The_BRAMs[0].RAMB36_I1/Using_FPGA.Native/CLKARDCLK (clocked by clk_out1_system_clk_wiz_0_0) and system_i/microblaze_0/U0/MicroBlaze_Core_I/Performance.Core/Data_Flow_I/Data_Flow_Logic_I/Gen_Bits[27].MEM_EX_Result_Inst/Using_FPGA.Native/CE (clocked by clk_out1_system_clk_wiz_0_0). Large setup violations at the end of those stages might be difficult to fix during the post-placement implementation flow and could be the result of non-optimal XDC constraints or non-optimal design architecture
Related violations: <none>

TIMING-16#784 Warning
Large setup violation  
There is a large setup violation of -2.149 ns between system_i/microblaze_0/U0/MicroBlaze_Core_I/Performance.Core/Using_DCache.Using_WriteBack.DCache_wb_I1/TAG_RAM_Module/Not_Using_XPM.Using_B36_S36.The_BRAMs[0].RAMB36_I1/Using_FPGA.Native/CLKARDCLK (clocked by clk_out1_system_clk_wiz_0_0) and system_i/microblaze_0/U0/MicroBlaze_Core_I/Performance.Core/Data_Flow_I/Data_Flow_Logic_I/Gen_Bits[17].MEM_EX_Result_Inst/Using_FPGA.Native/CE (clocked by clk_out1_system_clk_wiz_0_0). Large setup violations at the end of those stages might be difficult to fix during the post-placement implementation flow and could be the result of non-optimal XDC constraints or non-optimal design architecture
Related violations: <none>

TIMING-16#785 Warning
Large setup violation  
There is a large setup violation of -2.149 ns between system_i/microblaze_0/U0/MicroBlaze_Core_I/Performance.Core/Using_DCache.Using_WriteBack.DCache_wb_I1/TAG_RAM_Module/Not_Using_XPM.Using_B36_S36.The_BRAMs[0].RAMB36_I1/Using_FPGA.Native/CLKARDCLK (clocked by clk_out1_system_clk_wiz_0_0) and system_i/microblaze_0/U0/MicroBlaze_Core_I/Performance.Core/Data_Flow_I/Data_Flow_Logic_I/Gen_Bits[4].MEM_EX_Result_Inst/Using_FPGA.Native/CE (clocked by clk_out1_system_clk_wiz_0_0). Large setup violations at the end of those stages might be difficult to fix during the post-placement implementation flow and could be the result of non-optimal XDC constraints or non-optimal design architecture
Related violations: <none>

TIMING-16#786 Warning
Large setup violation  
There is a large setup violation of -2.149 ns between system_i/microblaze_0/U0/MicroBlaze_Core_I/Performance.Core/Using_DCache.Using_WriteBack.DCache_wb_I1/TAG_RAM_Module/Not_Using_XPM.Using_B36_S36.The_BRAMs[0].RAMB36_I1/Using_FPGA.Native/CLKARDCLK (clocked by clk_out1_system_clk_wiz_0_0) and system_i/microblaze_0/U0/MicroBlaze_Core_I/Performance.Core/Data_Flow_I/Data_Flow_Logic_I/Gen_Bits[5].MEM_EX_Result_Inst/Using_FPGA.Native/CE (clocked by clk_out1_system_clk_wiz_0_0). Large setup violations at the end of those stages might be difficult to fix during the post-placement implementation flow and could be the result of non-optimal XDC constraints or non-optimal design architecture
Related violations: <none>

TIMING-16#787 Warning
Large setup violation  
There is a large setup violation of -2.149 ns between system_i/microblaze_0/U0/MicroBlaze_Core_I/Performance.Core/Using_DCache.Using_WriteBack.DCache_wb_I1/TAG_RAM_Module/Not_Using_XPM.Using_B36_S36.The_BRAMs[0].RAMB36_I1/Using_FPGA.Native/CLKARDCLK (clocked by clk_out1_system_clk_wiz_0_0) and system_i/microblaze_0/U0/MicroBlaze_Core_I/Performance.Core/Data_Flow_I/Data_Flow_Logic_I/Gen_Bits[6].MEM_EX_Result_Inst/Using_FPGA.Native/CE (clocked by clk_out1_system_clk_wiz_0_0). Large setup violations at the end of those stages might be difficult to fix during the post-placement implementation flow and could be the result of non-optimal XDC constraints or non-optimal design architecture
Related violations: <none>

TIMING-16#788 Warning
Large setup violation  
There is a large setup violation of -2.154 ns between system_i/microblaze_0/U0/MicroBlaze_Core_I/Performance.Core/Using_DCache.Using_WriteBack.DCache_wb_I1/TAG_RAM_Module/Not_Using_XPM.Using_B36_S36.The_BRAMs[0].RAMB36_I1/Using_FPGA.Native/CLKARDCLK (clocked by clk_out1_system_clk_wiz_0_0) and system_i/microblaze_0/U0/MicroBlaze_Core_I/Performance.Core/Data_Flow_I/Barrel_Shifter_I/Use_HW_BS.mem_shift16_8_reg[1]/CE (clocked by clk_out1_system_clk_wiz_0_0). Large setup violations at the end of those stages might be difficult to fix during the post-placement implementation flow and could be the result of non-optimal XDC constraints or non-optimal design architecture
Related violations: <none>

TIMING-16#789 Warning
Large setup violation  
There is a large setup violation of -2.157 ns between system_i/microblaze_0/U0/MicroBlaze_Core_I/Performance.Core/Using_DCache.Using_WriteBack.DCache_wb_I1/TAG_RAM_Module/Not_Using_XPM.Using_B36_S36.The_BRAMs[0].RAMB36_I1/Using_FPGA.Native/CLKARDCLK (clocked by clk_out1_system_clk_wiz_0_0) and system_i/microblaze_0/U0/MicroBlaze_Core_I/Performance.Core/Decode_I/MEM_DataBus_Addr_reg[19]/CE (clocked by clk_out1_system_clk_wiz_0_0). Large setup violations at the end of those stages might be difficult to fix during the post-placement implementation flow and could be the result of non-optimal XDC constraints or non-optimal design architecture
Related violations: <none>

TIMING-16#790 Warning
Large setup violation  
There is a large setup violation of -2.157 ns between system_i/microblaze_0/U0/MicroBlaze_Core_I/Performance.Core/Using_DCache.Using_WriteBack.DCache_wb_I1/TAG_RAM_Module/Not_Using_XPM.Using_B36_S36.The_BRAMs[0].RAMB36_I1/Using_FPGA.Native/CLKARDCLK (clocked by clk_out1_system_clk_wiz_0_0) and system_i/microblaze_0/U0/MicroBlaze_Core_I/Performance.Core/Decode_I/MEM_DataBus_Addr_reg[20]/CE (clocked by clk_out1_system_clk_wiz_0_0). Large setup violations at the end of those stages might be difficult to fix during the post-placement implementation flow and could be the result of non-optimal XDC constraints or non-optimal design architecture
Related violations: <none>

TIMING-16#791 Warning
Large setup violation  
There is a large setup violation of -2.157 ns between system_i/microblaze_0/U0/MicroBlaze_Core_I/Performance.Core/Using_DCache.Using_WriteBack.DCache_wb_I1/TAG_RAM_Module/Not_Using_XPM.Using_B36_S36.The_BRAMs[0].RAMB36_I1/Using_FPGA.Native/CLKARDCLK (clocked by clk_out1_system_clk_wiz_0_0) and system_i/microblaze_0/U0/MicroBlaze_Core_I/Performance.Core/Decode_I/MEM_DataBus_Addr_reg[21]/CE (clocked by clk_out1_system_clk_wiz_0_0). Large setup violations at the end of those stages might be difficult to fix during the post-placement implementation flow and could be the result of non-optimal XDC constraints or non-optimal design architecture
Related violations: <none>

TIMING-16#792 Warning
Large setup violation  
There is a large setup violation of -2.157 ns between system_i/microblaze_0/U0/MicroBlaze_Core_I/Performance.Core/Using_DCache.Using_WriteBack.DCache_wb_I1/TAG_RAM_Module/Not_Using_XPM.Using_B36_S36.The_BRAMs[0].RAMB36_I1/Using_FPGA.Native/CLKARDCLK (clocked by clk_out1_system_clk_wiz_0_0) and system_i/microblaze_0/U0/MicroBlaze_Core_I/Performance.Core/Decode_I/MEM_DataBus_Addr_reg[22]/CE (clocked by clk_out1_system_clk_wiz_0_0). Large setup violations at the end of those stages might be difficult to fix during the post-placement implementation flow and could be the result of non-optimal XDC constraints or non-optimal design architecture
Related violations: <none>

TIMING-16#793 Warning
Large setup violation  
There is a large setup violation of -2.160 ns between system_i/microblaze_0/U0/MicroBlaze_Core_I/Performance.Core/Using_DCache.Using_WriteBack.DCache_wb_I1/TAG_RAM_Module/Not_Using_XPM.Using_B36_S36.The_BRAMs[0].RAMB36_I1/Using_FPGA.Native/CLKARDCLK (clocked by clk_out1_system_clk_wiz_0_0) and system_i/microblaze_0/U0/MicroBlaze_Core_I/Performance.Core/Data_Flow_I/Operand_Select_I/EX_Op1_reg[13]/CE (clocked by clk_out1_system_clk_wiz_0_0). Large setup violations at the end of those stages might be difficult to fix during the post-placement implementation flow and could be the result of non-optimal XDC constraints or non-optimal design architecture
Related violations: <none>

TIMING-16#794 Warning
Large setup violation  
There is a large setup violation of -2.160 ns between system_i/microblaze_0/U0/MicroBlaze_Core_I/Performance.Core/Using_DCache.Using_WriteBack.DCache_wb_I1/TAG_RAM_Module/Not_Using_XPM.Using_B36_S36.The_BRAMs[0].RAMB36_I1/Using_FPGA.Native/CLKARDCLK (clocked by clk_out1_system_clk_wiz_0_0) and system_i/microblaze_0/U0/MicroBlaze_Core_I/Performance.Core/Data_Flow_I/Operand_Select_I/EX_Op1_reg[22]/CE (clocked by clk_out1_system_clk_wiz_0_0). Large setup violations at the end of those stages might be difficult to fix during the post-placement implementation flow and could be the result of non-optimal XDC constraints or non-optimal design architecture
Related violations: <none>

TIMING-16#795 Warning
Large setup violation  
There is a large setup violation of -2.161 ns between system_i/microblaze_0/U0/MicroBlaze_Core_I/Performance.Core/Using_DCache.Using_WriteBack.DCache_wb_I1/TAG_RAM_Module/Not_Using_XPM.Using_B36_S36.The_BRAMs[0].RAMB36_I1/Using_FPGA.Native/CLKARDCLK (clocked by clk_out1_system_clk_wiz_0_0) and system_i/microblaze_0/U0/MicroBlaze_Core_I/Performance.Core/Data_Flow_I/exception_registers_I1/Use_LUT6.mem_BTR_reg[12]/CE (clocked by clk_out1_system_clk_wiz_0_0). Large setup violations at the end of those stages might be difficult to fix during the post-placement implementation flow and could be the result of non-optimal XDC constraints or non-optimal design architecture
Related violations: <none>

TIMING-16#796 Warning
Large setup violation  
There is a large setup violation of -2.161 ns between system_i/microblaze_0/U0/MicroBlaze_Core_I/Performance.Core/Using_DCache.Using_WriteBack.DCache_wb_I1/TAG_RAM_Module/Not_Using_XPM.Using_B36_S36.The_BRAMs[0].RAMB36_I1/Using_FPGA.Native/CLKARDCLK (clocked by clk_out1_system_clk_wiz_0_0) and system_i/microblaze_0/U0/MicroBlaze_Core_I/Performance.Core/Data_Flow_I/exception_registers_I1/Use_LUT6.mem_BTR_reg[14]/CE (clocked by clk_out1_system_clk_wiz_0_0). Large setup violations at the end of those stages might be difficult to fix during the post-placement implementation flow and could be the result of non-optimal XDC constraints or non-optimal design architecture
Related violations: <none>

TIMING-16#797 Warning
Large setup violation  
There is a large setup violation of -2.161 ns between system_i/microblaze_0/U0/MicroBlaze_Core_I/Performance.Core/Using_DCache.Using_WriteBack.DCache_wb_I1/TAG_RAM_Module/Not_Using_XPM.Using_B36_S36.The_BRAMs[0].RAMB36_I1/Using_FPGA.Native/CLKARDCLK (clocked by clk_out1_system_clk_wiz_0_0) and system_i/microblaze_0/U0/MicroBlaze_Core_I/Performance.Core/Data_Flow_I/exception_registers_I1/Use_LUT6.mem_BTR_reg[28]/CE (clocked by clk_out1_system_clk_wiz_0_0). Large setup violations at the end of those stages might be difficult to fix during the post-placement implementation flow and could be the result of non-optimal XDC constraints or non-optimal design architecture
Related violations: <none>

TIMING-16#798 Warning
Large setup violation  
There is a large setup violation of -2.161 ns between system_i/microblaze_0/U0/MicroBlaze_Core_I/Performance.Core/Using_DCache.Using_WriteBack.DCache_wb_I1/TAG_RAM_Module/Not_Using_XPM.Using_B36_S36.The_BRAMs[0].RAMB36_I1/Using_FPGA.Native/CLKARDCLK (clocked by clk_out1_system_clk_wiz_0_0) and system_i/microblaze_0/U0/MicroBlaze_Core_I/Performance.Core/Data_Flow_I/exception_registers_I1/Use_LUT6.mem_BTR_reg[31]/CE (clocked by clk_out1_system_clk_wiz_0_0). Large setup violations at the end of those stages might be difficult to fix during the post-placement implementation flow and could be the result of non-optimal XDC constraints or non-optimal design architecture
Related violations: <none>

TIMING-16#799 Warning
Large setup violation  
There is a large setup violation of -2.162 ns between system_i/microblaze_0/U0/MicroBlaze_Core_I/Performance.Core/Using_DCache.Using_WriteBack.DCache_wb_I1/TAG_RAM_Module/Not_Using_XPM.Using_B36_S36.The_BRAMs[0].RAMB36_I1/Using_FPGA.Native/CLKARDCLK (clocked by clk_out1_system_clk_wiz_0_0) and system_i/microblaze_0/U0/MicroBlaze_Core_I/Performance.Core/Data_Flow_I/Operand_Select_I/EX_Op1_reg[21]/CE (clocked by clk_out1_system_clk_wiz_0_0). Large setup violations at the end of those stages might be difficult to fix during the post-placement implementation flow and could be the result of non-optimal XDC constraints or non-optimal design architecture
Related violations: <none>

TIMING-16#800 Warning
Large setup violation  
There is a large setup violation of -2.162 ns between system_i/microblaze_0/U0/MicroBlaze_Core_I/Performance.Core/Using_DCache.Using_WriteBack.DCache_wb_I1/TAG_RAM_Module/Not_Using_XPM.Using_B36_S36.The_BRAMs[0].RAMB36_I1/Using_FPGA.Native/CLKARDCLK (clocked by clk_out1_system_clk_wiz_0_0) and system_i/microblaze_0/U0/MicroBlaze_Core_I/Performance.Core/Data_Flow_I/Operand_Select_I/EX_Op2_reg[12]/CE (clocked by clk_out1_system_clk_wiz_0_0). Large setup violations at the end of those stages might be difficult to fix during the post-placement implementation flow and could be the result of non-optimal XDC constraints or non-optimal design architecture
Related violations: <none>

TIMING-16#801 Warning
Large setup violation  
There is a large setup violation of -2.162 ns between system_i/microblaze_0/U0/MicroBlaze_Core_I/Performance.Core/Using_DCache.Using_WriteBack.DCache_wb_I1/TAG_RAM_Module/Not_Using_XPM.Using_B36_S36.The_BRAMs[0].RAMB36_I1/Using_FPGA.Native/CLKARDCLK (clocked by clk_out1_system_clk_wiz_0_0) and system_i/microblaze_0/U0/MicroBlaze_Core_I/Performance.Core/Data_Flow_I/Operand_Select_I/EX_Op3_reg[20]/CE (clocked by clk_out1_system_clk_wiz_0_0). Large setup violations at the end of those stages might be difficult to fix during the post-placement implementation flow and could be the result of non-optimal XDC constraints or non-optimal design architecture
Related violations: <none>

TIMING-16#802 Warning
Large setup violation  
There is a large setup violation of -2.163 ns between system_i/microblaze_0/U0/MicroBlaze_Core_I/Performance.Core/Using_DCache.Using_WriteBack.DCache_wb_I1/TAG_RAM_Module/Not_Using_XPM.Using_B36_S36.The_BRAMs[0].RAMB36_I1/Using_FPGA.Native/CLKARDCLK (clocked by clk_out1_system_clk_wiz_0_0) and system_i/microblaze_0/U0/MicroBlaze_Core_I/Performance.Core/Data_Flow_I/Operand_Select_I/EX_Branch_CMP_Op1_reg[29]/CE (clocked by clk_out1_system_clk_wiz_0_0). Large setup violations at the end of those stages might be difficult to fix during the post-placement implementation flow and could be the result of non-optimal XDC constraints or non-optimal design architecture
Related violations: <none>

TIMING-16#803 Warning
Large setup violation  
There is a large setup violation of -2.163 ns between system_i/microblaze_0/U0/MicroBlaze_Core_I/Performance.Core/Using_DCache.Using_WriteBack.DCache_wb_I1/TAG_RAM_Module/Not_Using_XPM.Using_B36_S36.The_BRAMs[0].RAMB36_I1/Using_FPGA.Native/CLKARDCLK (clocked by clk_out1_system_clk_wiz_0_0) and system_i/microblaze_0/U0/MicroBlaze_Core_I/Performance.Core/Data_Flow_I/Operand_Select_I/EX_Branch_CMP_Op1_reg[30]/CE (clocked by clk_out1_system_clk_wiz_0_0). Large setup violations at the end of those stages might be difficult to fix during the post-placement implementation flow and could be the result of non-optimal XDC constraints or non-optimal design architecture
Related violations: <none>

TIMING-16#804 Warning
Large setup violation  
There is a large setup violation of -2.163 ns between system_i/microblaze_0/U0/MicroBlaze_Core_I/Performance.Core/Using_DCache.Using_WriteBack.DCache_wb_I1/TAG_RAM_Module/Not_Using_XPM.Using_B36_S36.The_BRAMs[0].RAMB36_I1/Using_FPGA.Native/CLKARDCLK (clocked by clk_out1_system_clk_wiz_0_0) and system_i/microblaze_0/U0/MicroBlaze_Core_I/Performance.Core/Data_Flow_I/Operand_Select_I/EX_Op2_reg[7]/CE (clocked by clk_out1_system_clk_wiz_0_0). Large setup violations at the end of those stages might be difficult to fix during the post-placement implementation flow and could be the result of non-optimal XDC constraints or non-optimal design architecture
Related violations: <none>

TIMING-16#805 Warning
Large setup violation  
There is a large setup violation of -2.165 ns between system_i/microblaze_0/U0/MicroBlaze_Core_I/Performance.Core/Decode_I/MEM_DataBus_Addr_reg[12]/C (clocked by clk_out1_system_clk_wiz_0_0) and system_i/microblaze_0/U0/MicroBlaze_Core_I/Performance.Core/Data_Flow_I/exception_registers_I1/Use_LUT6.mem_BTR_reg[13]/D (clocked by clk_out1_system_clk_wiz_0_0). Large setup violations at the end of those stages might be difficult to fix during the post-placement implementation flow and could be the result of non-optimal XDC constraints or non-optimal design architecture
Related violations: <none>

TIMING-16#806 Warning
Large setup violation  
There is a large setup violation of -2.165 ns between system_i/microblaze_0/U0/MicroBlaze_Core_I/Performance.Core/Using_DCache.Using_WriteBack.DCache_wb_I1/TAG_RAM_Module/Not_Using_XPM.Using_B36_S36.The_BRAMs[0].RAMB36_I1/Using_FPGA.Native/CLKARDCLK (clocked by clk_out1_system_clk_wiz_0_0) and system_i/microblaze_0/U0/MicroBlaze_Core_I/Performance.Core/Decode_I/EX_ALU_Op_reg[0]/CE (clocked by clk_out1_system_clk_wiz_0_0). Large setup violations at the end of those stages might be difficult to fix during the post-placement implementation flow and could be the result of non-optimal XDC constraints or non-optimal design architecture
Related violations: <none>

TIMING-16#807 Warning
Large setup violation  
There is a large setup violation of -2.165 ns between system_i/microblaze_0/U0/MicroBlaze_Core_I/Performance.Core/Using_DCache.Using_WriteBack.DCache_wb_I1/TAG_RAM_Module/Not_Using_XPM.Using_B36_S36.The_BRAMs[0].RAMB36_I1/Using_FPGA.Native/CLKARDCLK (clocked by clk_out1_system_clk_wiz_0_0) and system_i/microblaze_0/U0/MicroBlaze_Core_I/Performance.Core/Decode_I/EX_Use_Carry_reg/CE (clocked by clk_out1_system_clk_wiz_0_0). Large setup violations at the end of those stages might be difficult to fix during the post-placement implementation flow and could be the result of non-optimal XDC constraints or non-optimal design architecture
Related violations: <none>

TIMING-16#808 Warning
Large setup violation  
There is a large setup violation of -2.166 ns between system_i/microblaze_0/U0/MicroBlaze_Core_I/Performance.Core/Data_Flow_I/MUL_Unit_I/Use_HW_MUL.Using_DSP48_Architectures.No_MUL64.dsp_module_I3/Using_DSP48E1.DSP48E1_I1/Using_FPGA.DSP48E1_I1/CLK (clocked by clk_out1_system_clk_wiz_0_0) and system_i/microblaze_0/U0/MicroBlaze_Core_I/Performance.Core/Data_Flow_I/Operand_Select_I/EX_Branch_CMP_Op1_reg[5]/D (clocked by clk_out1_system_clk_wiz_0_0). Large setup violations at the end of those stages might be difficult to fix during the post-placement implementation flow and could be the result of non-optimal XDC constraints or non-optimal design architecture
Related violations: <none>

TIMING-16#809 Warning
Large setup violation  
There is a large setup violation of -2.168 ns between system_i/microblaze_0/U0/MicroBlaze_Core_I/Performance.Core/Using_DCache.Using_WriteBack.DCache_wb_I1/TAG_RAM_Module/Not_Using_XPM.Using_B36_S36.The_BRAMs[0].RAMB36_I1/Using_FPGA.Native/CLKARDCLK (clocked by clk_out1_system_clk_wiz_0_0) and system_i/microblaze_0/U0/MicroBlaze_Core_I/Performance.Core/Data_Flow_I/Barrel_Shifter_I/Use_HW_BS.Using_BitField.mem_mask1_reg[10]/CE (clocked by clk_out1_system_clk_wiz_0_0). Large setup violations at the end of those stages might be difficult to fix during the post-placement implementation flow and could be the result of non-optimal XDC constraints or non-optimal design architecture
Related violations: <none>

TIMING-16#810 Warning
Large setup violation  
There is a large setup violation of -2.168 ns between system_i/microblaze_0/U0/MicroBlaze_Core_I/Performance.Core/Using_DCache.Using_WriteBack.DCache_wb_I1/TAG_RAM_Module/Not_Using_XPM.Using_B36_S36.The_BRAMs[0].RAMB36_I1/Using_FPGA.Native/CLKARDCLK (clocked by clk_out1_system_clk_wiz_0_0) and system_i/microblaze_0/U0/MicroBlaze_Core_I/Performance.Core/Data_Flow_I/Barrel_Shifter_I/Use_HW_BS.Using_BitField.mem_mask1_reg[17]/CE (clocked by clk_out1_system_clk_wiz_0_0). Large setup violations at the end of those stages might be difficult to fix during the post-placement implementation flow and could be the result of non-optimal XDC constraints or non-optimal design architecture
Related violations: <none>

TIMING-16#811 Warning
Large setup violation  
There is a large setup violation of -2.168 ns between system_i/microblaze_0/U0/MicroBlaze_Core_I/Performance.Core/Using_DCache.Using_WriteBack.DCache_wb_I1/TAG_RAM_Module/Not_Using_XPM.Using_B36_S36.The_BRAMs[0].RAMB36_I1/Using_FPGA.Native/CLKARDCLK (clocked by clk_out1_system_clk_wiz_0_0) and system_i/microblaze_0/U0/MicroBlaze_Core_I/Performance.Core/Data_Flow_I/Barrel_Shifter_I/Use_HW_BS.Using_BitField.mem_mask1_reg[3]/CE (clocked by clk_out1_system_clk_wiz_0_0). Large setup violations at the end of those stages might be difficult to fix during the post-placement implementation flow and could be the result of non-optimal XDC constraints or non-optimal design architecture
Related violations: <none>

TIMING-16#812 Warning
Large setup violation  
There is a large setup violation of -2.168 ns between system_i/microblaze_0/U0/MicroBlaze_Core_I/Performance.Core/Using_DCache.Using_WriteBack.DCache_wb_I1/TAG_RAM_Module/Not_Using_XPM.Using_B36_S36.The_BRAMs[0].RAMB36_I1/Using_FPGA.Native/CLKARDCLK (clocked by clk_out1_system_clk_wiz_0_0) and system_i/microblaze_0/U0/MicroBlaze_Core_I/Performance.Core/Data_Flow_I/Barrel_Shifter_I/Use_HW_BS.Using_BitField.mem_mask1_reg[6]/CE (clocked by clk_out1_system_clk_wiz_0_0). Large setup violations at the end of those stages might be difficult to fix during the post-placement implementation flow and could be the result of non-optimal XDC constraints or non-optimal design architecture
Related violations: <none>

TIMING-16#813 Warning
Large setup violation  
There is a large setup violation of -2.172 ns between system_i/microblaze_0/U0/MicroBlaze_Core_I/Performance.Core/Data_Flow_I/Using_Stack_Protection.stack_protection_I/shr_reg_reg[21]/C (clocked by clk_out1_system_clk_wiz_0_0) and system_i/microblaze_0/U0/MicroBlaze_Core_I/Performance.Core/Data_Flow_I/exception_registers_I1/Use_LUT6.mem_BTR_reg[15]/D (clocked by clk_out1_system_clk_wiz_0_0). Large setup violations at the end of those stages might be difficult to fix during the post-placement implementation flow and could be the result of non-optimal XDC constraints or non-optimal design architecture
Related violations: <none>

TIMING-16#814 Warning
Large setup violation  
There is a large setup violation of -2.173 ns between system_i/microblaze_0/U0/MicroBlaze_Core_I/Performance.Core/Using_DCache.Using_WriteBack.DCache_wb_I1/TAG_RAM_Module/Not_Using_XPM.Using_B36_S36.The_BRAMs[0].RAMB36_I1/Using_FPGA.Native/CLKARDCLK (clocked by clk_out1_system_clk_wiz_0_0) and system_i/microblaze_0/U0/MicroBlaze_Core_I/Performance.Core/Data_Flow_I/Byte_Doublet_Handle_gti_I/MEM_DataBus_Write_Data_reg[14]/CE (clocked by clk_out1_system_clk_wiz_0_0). Large setup violations at the end of those stages might be difficult to fix during the post-placement implementation flow and could be the result of non-optimal XDC constraints or non-optimal design architecture
Related violations: <none>

TIMING-16#815 Warning
Large setup violation  
There is a large setup violation of -2.173 ns between system_i/microblaze_0/U0/MicroBlaze_Core_I/Performance.Core/Using_DCache.Using_WriteBack.DCache_wb_I1/TAG_RAM_Module/Not_Using_XPM.Using_B36_S36.The_BRAMs[0].RAMB36_I1/Using_FPGA.Native/CLKARDCLK (clocked by clk_out1_system_clk_wiz_0_0) and system_i/microblaze_0/U0/MicroBlaze_Core_I/Performance.Core/Data_Flow_I/Byte_Doublet_Handle_gti_I/MEM_DataBus_Write_Data_reg[7]/CE (clocked by clk_out1_system_clk_wiz_0_0). Large setup violations at the end of those stages might be difficult to fix during the post-placement implementation flow and could be the result of non-optimal XDC constraints or non-optimal design architecture
Related violations: <none>

TIMING-16#816 Warning
Large setup violation  
There is a large setup violation of -2.178 ns between system_i/microblaze_0/U0/MicroBlaze_Core_I/Performance.Core/Using_DCache.Using_WriteBack.DCache_wb_I1/TAG_RAM_Module/Not_Using_XPM.Using_B36_S36.The_BRAMs[0].RAMB36_I1/Using_FPGA.Native/CLKARDCLK (clocked by clk_out1_system_clk_wiz_0_0) and system_i/microblaze_0/U0/MicroBlaze_Core_I/Performance.Core/Data_Flow_I/Barrel_Shifter_I/Use_HW_BS.Using_BitField.mem_mask0_reg[11]/CE (clocked by clk_out1_system_clk_wiz_0_0). Large setup violations at the end of those stages might be difficult to fix during the post-placement implementation flow and could be the result of non-optimal XDC constraints or non-optimal design architecture
Related violations: <none>

TIMING-16#817 Warning
Large setup violation  
There is a large setup violation of -2.178 ns between system_i/microblaze_0/U0/MicroBlaze_Core_I/Performance.Core/Using_DCache.Using_WriteBack.DCache_wb_I1/TAG_RAM_Module/Not_Using_XPM.Using_B36_S36.The_BRAMs[0].RAMB36_I1/Using_FPGA.Native/CLKARDCLK (clocked by clk_out1_system_clk_wiz_0_0) and system_i/microblaze_0/U0/MicroBlaze_Core_I/Performance.Core/Data_Flow_I/Barrel_Shifter_I/Use_HW_BS.Using_BitField.mem_mask0_reg[30]/CE (clocked by clk_out1_system_clk_wiz_0_0). Large setup violations at the end of those stages might be difficult to fix during the post-placement implementation flow and could be the result of non-optimal XDC constraints or non-optimal design architecture
Related violations: <none>

TIMING-16#818 Warning
Large setup violation  
There is a large setup violation of -2.178 ns between system_i/microblaze_0/U0/MicroBlaze_Core_I/Performance.Core/Using_DCache.Using_WriteBack.DCache_wb_I1/TAG_RAM_Module/Not_Using_XPM.Using_B36_S36.The_BRAMs[0].RAMB36_I1/Using_FPGA.Native/CLKARDCLK (clocked by clk_out1_system_clk_wiz_0_0) and system_i/microblaze_0/U0/MicroBlaze_Core_I/Performance.Core/Data_Flow_I/Barrel_Shifter_I/Use_HW_BS.Using_BitField.mem_mask0_reg[3]/CE (clocked by clk_out1_system_clk_wiz_0_0). Large setup violations at the end of those stages might be difficult to fix during the post-placement implementation flow and could be the result of non-optimal XDC constraints or non-optimal design architecture
Related violations: <none>

TIMING-16#819 Warning
Large setup violation  
There is a large setup violation of -2.178 ns between system_i/microblaze_0/U0/MicroBlaze_Core_I/Performance.Core/Using_DCache.Using_WriteBack.DCache_wb_I1/TAG_RAM_Module/Not_Using_XPM.Using_B36_S36.The_BRAMs[0].RAMB36_I1/Using_FPGA.Native/CLKARDCLK (clocked by clk_out1_system_clk_wiz_0_0) and system_i/microblaze_0/U0/MicroBlaze_Core_I/Performance.Core/Data_Flow_I/Barrel_Shifter_I/Use_HW_BS.Using_BitField.mem_mask1_reg[9]/CE (clocked by clk_out1_system_clk_wiz_0_0). Large setup violations at the end of those stages might be difficult to fix during the post-placement implementation flow and could be the result of non-optimal XDC constraints or non-optimal design architecture
Related violations: <none>

TIMING-16#820 Warning
Large setup violation  
There is a large setup violation of -2.179 ns between system_i/microblaze_0/U0/MicroBlaze_Core_I/Performance.Core/Using_DCache.Using_WriteBack.DCache_wb_I1/TAG_RAM_Module/Not_Using_XPM.Using_B36_S36.The_BRAMs[0].RAMB36_I1/Using_FPGA.Native/CLKARDCLK (clocked by clk_out1_system_clk_wiz_0_0) and system_i/microblaze_0/U0/MicroBlaze_Core_I/Performance.Core/Data_Flow_I/Operand_Select_I/EX_Branch_CMP_Op1_reg[11]/CE (clocked by clk_out1_system_clk_wiz_0_0). Large setup violations at the end of those stages might be difficult to fix during the post-placement implementation flow and could be the result of non-optimal XDC constraints or non-optimal design architecture
Related violations: <none>

TIMING-16#821 Warning
Large setup violation  
There is a large setup violation of -2.179 ns between system_i/microblaze_0/U0/MicroBlaze_Core_I/Performance.Core/Using_DCache.Using_WriteBack.DCache_wb_I1/TAG_RAM_Module/Not_Using_XPM.Using_B36_S36.The_BRAMs[0].RAMB36_I1/Using_FPGA.Native/CLKARDCLK (clocked by clk_out1_system_clk_wiz_0_0) and system_i/microblaze_0/U0/MicroBlaze_Core_I/Performance.Core/Data_Flow_I/Operand_Select_I/EX_Branch_CMP_Op1_reg[26]/CE (clocked by clk_out1_system_clk_wiz_0_0). Large setup violations at the end of those stages might be difficult to fix during the post-placement implementation flow and could be the result of non-optimal XDC constraints or non-optimal design architecture
Related violations: <none>

TIMING-16#822 Warning
Large setup violation  
There is a large setup violation of -2.180 ns between system_i/microblaze_0/U0/MicroBlaze_Core_I/Performance.Core/Using_DCache.Using_WriteBack.DCache_wb_I1/Using_Perf_4.WB_DCache_Valid_Read_data_reg[14]/C (clocked by clk_out1_system_clk_wiz_0_0) and system_i/microblaze_0/U0/MicroBlaze_Core_I/Performance.Core/Data_Flow_I/Operand_Select_I/EX_Branch_CMP_Op1_reg[22]/D (clocked by clk_out1_system_clk_wiz_0_0). Large setup violations at the end of those stages might be difficult to fix during the post-placement implementation flow and could be the result of non-optimal XDC constraints or non-optimal design architecture
Related violations: <none>

TIMING-16#823 Warning
Large setup violation  
There is a large setup violation of -2.183 ns between system_i/microblaze_0/U0/MicroBlaze_Core_I/Performance.Core/Use_DLMB.wb_dlmb_valid_read_data_reg[25]/C (clocked by clk_out1_system_clk_wiz_0_0) and system_i/microblaze_0/U0/MicroBlaze_Core_I/Performance.Core/Data_Flow_I/Register_File_I/Using_LUT6.All_RAM32M[8].ram32m_i/Using_FPGA.Native/RAMA/I (clocked by clk_out1_system_clk_wiz_0_0). Large setup violations at the end of those stages might be difficult to fix during the post-placement implementation flow and could be the result of non-optimal XDC constraints or non-optimal design architecture
Related violations: <none>

TIMING-16#824 Warning
Large setup violation  
There is a large setup violation of -2.183 ns between system_i/microblaze_0/U0/MicroBlaze_Core_I/Performance.Core/Using_DCache.Using_WriteBack.DCache_wb_I1/TAG_RAM_Module/Not_Using_XPM.Using_B36_S36.The_BRAMs[0].RAMB36_I1/Using_FPGA.Native/CLKARDCLK (clocked by clk_out1_system_clk_wiz_0_0) and system_i/microblaze_0/U0/MicroBlaze_Core_I/Performance.Core/Data_Flow_I/Byte_Doublet_Handle_gti_I/MEM_DataBus_Write_Data_reg[16]/CE (clocked by clk_out1_system_clk_wiz_0_0). Large setup violations at the end of those stages might be difficult to fix during the post-placement implementation flow and could be the result of non-optimal XDC constraints or non-optimal design architecture
Related violations: <none>

TIMING-16#825 Warning
Large setup violation  
There is a large setup violation of -2.183 ns between system_i/microblaze_0/U0/MicroBlaze_Core_I/Performance.Core/Using_DCache.Using_WriteBack.DCache_wb_I1/TAG_RAM_Module/Not_Using_XPM.Using_B36_S36.The_BRAMs[0].RAMB36_I1/Using_FPGA.Native/CLKARDCLK (clocked by clk_out1_system_clk_wiz_0_0) and system_i/microblaze_0/U0/MicroBlaze_Core_I/Performance.Core/Data_Flow_I/Byte_Doublet_Handle_gti_I/MEM_DataBus_Write_Data_reg[1]/CE (clocked by clk_out1_system_clk_wiz_0_0). Large setup violations at the end of those stages might be difficult to fix during the post-placement implementation flow and could be the result of non-optimal XDC constraints or non-optimal design architecture
Related violations: <none>

TIMING-16#826 Warning
Large setup violation  
There is a large setup violation of -2.183 ns between system_i/microblaze_0/U0/MicroBlaze_Core_I/Performance.Core/Using_DCache.Using_WriteBack.DCache_wb_I1/TAG_RAM_Module/Not_Using_XPM.Using_B36_S36.The_BRAMs[0].RAMB36_I1/Using_FPGA.Native/CLKARDCLK (clocked by clk_out1_system_clk_wiz_0_0) and system_i/microblaze_0/U0/MicroBlaze_Core_I/Performance.Core/Data_Flow_I/Byte_Doublet_Handle_gti_I/MEM_DataBus_Write_Data_reg[2]/CE (clocked by clk_out1_system_clk_wiz_0_0). Large setup violations at the end of those stages might be difficult to fix during the post-placement implementation flow and could be the result of non-optimal XDC constraints or non-optimal design architecture
Related violations: <none>

TIMING-16#827 Warning
Large setup violation  
There is a large setup violation of -2.184 ns between system_i/microblaze_0/U0/MicroBlaze_Core_I/Performance.Core/Using_DCache.Using_WriteBack.DCache_wb_I1/TAG_RAM_Module/Not_Using_XPM.Using_B36_S36.The_BRAMs[0].RAMB36_I1/Using_FPGA.Native/CLKARDCLK (clocked by clk_out1_system_clk_wiz_0_0) and system_i/microblaze_0/U0/MicroBlaze_Core_I/Performance.Core/Data_Flow_I/Operand_Select_I/EX_Op3_reg[11]/CE (clocked by clk_out1_system_clk_wiz_0_0). Large setup violations at the end of those stages might be difficult to fix during the post-placement implementation flow and could be the result of non-optimal XDC constraints or non-optimal design architecture
Related violations: <none>

TIMING-16#828 Warning
Large setup violation  
There is a large setup violation of -2.184 ns between system_i/microblaze_0/U0/MicroBlaze_Core_I/Performance.Core/Using_DCache.Using_WriteBack.DCache_wb_I1/TAG_RAM_Module/Not_Using_XPM.Using_B36_S36.The_BRAMs[0].RAMB36_I1/Using_FPGA.Native/CLKARDCLK (clocked by clk_out1_system_clk_wiz_0_0) and system_i/microblaze_0/U0/MicroBlaze_Core_I/Performance.Core/Data_Flow_I/Operand_Select_I/EX_Op3_reg[30]/CE (clocked by clk_out1_system_clk_wiz_0_0). Large setup violations at the end of those stages might be difficult to fix during the post-placement implementation flow and could be the result of non-optimal XDC constraints or non-optimal design architecture
Related violations: <none>

TIMING-16#829 Warning
Large setup violation  
There is a large setup violation of -2.184 ns between system_i/microblaze_0/U0/MicroBlaze_Core_I/Performance.Core/Using_DCache.Using_WriteBack.DCache_wb_I1/TAG_RAM_Module/Not_Using_XPM.Using_B36_S36.The_BRAMs[0].RAMB36_I1/Using_FPGA.Native/CLKARDCLK (clocked by clk_out1_system_clk_wiz_0_0) and system_i/microblaze_0/U0/MicroBlaze_Core_I/Performance.Core/Data_Flow_I/Operand_Select_I/EX_Op3_reg[31]/CE (clocked by clk_out1_system_clk_wiz_0_0). Large setup violations at the end of those stages might be difficult to fix during the post-placement implementation flow and could be the result of non-optimal XDC constraints or non-optimal design architecture
Related violations: <none>

TIMING-16#830 Warning
Large setup violation  
There is a large setup violation of -2.187 ns between system_i/microblaze_0/U0/MicroBlaze_Core_I/Performance.Core/Using_DCache.Using_WriteBack.DCache_wb_I1/TAG_RAM_Module/Not_Using_XPM.Using_B36_S36.The_BRAMs[0].RAMB36_I1/Using_FPGA.Native/CLKARDCLK (clocked by clk_out1_system_clk_wiz_0_0) and system_i/microblaze_0/U0/MicroBlaze_Core_I/Performance.Core/Data_Flow_I/Barrel_Shifter_I/Use_HW_BS.Using_BitField.Gen_Bits[19].mem_Rd_reg[19]/CE (clocked by clk_out1_system_clk_wiz_0_0). Large setup violations at the end of those stages might be difficult to fix during the post-placement implementation flow and could be the result of non-optimal XDC constraints or non-optimal design architecture
Related violations: <none>

TIMING-16#831 Warning
Large setup violation  
There is a large setup violation of -2.187 ns between system_i/microblaze_0/U0/MicroBlaze_Core_I/Performance.Core/Using_DCache.Using_WriteBack.DCache_wb_I1/TAG_RAM_Module/Not_Using_XPM.Using_B36_S36.The_BRAMs[0].RAMB36_I1/Using_FPGA.Native/CLKARDCLK (clocked by clk_out1_system_clk_wiz_0_0) and system_i/microblaze_0/U0/MicroBlaze_Core_I/Performance.Core/Data_Flow_I/Barrel_Shifter_I/Use_HW_BS.Using_BitField.Gen_Bits[1].mem_Rd_reg[1]/CE (clocked by clk_out1_system_clk_wiz_0_0). Large setup violations at the end of those stages might be difficult to fix during the post-placement implementation flow and could be the result of non-optimal XDC constraints or non-optimal design architecture
Related violations: <none>

TIMING-16#832 Warning
Large setup violation  
There is a large setup violation of -2.187 ns between system_i/microblaze_0/U0/MicroBlaze_Core_I/Performance.Core/Using_DCache.Using_WriteBack.DCache_wb_I1/TAG_RAM_Module/Not_Using_XPM.Using_B36_S36.The_BRAMs[0].RAMB36_I1/Using_FPGA.Native/CLKARDCLK (clocked by clk_out1_system_clk_wiz_0_0) and system_i/microblaze_0/U0/MicroBlaze_Core_I/Performance.Core/Data_Flow_I/Barrel_Shifter_I/Use_HW_BS.Using_BitField.Gen_Bits[3].mem_Rd_reg[3]/CE (clocked by clk_out1_system_clk_wiz_0_0). Large setup violations at the end of those stages might be difficult to fix during the post-placement implementation flow and could be the result of non-optimal XDC constraints or non-optimal design architecture
Related violations: <none>

TIMING-16#833 Warning
Large setup violation  
There is a large setup violation of -2.187 ns between system_i/microblaze_0/U0/MicroBlaze_Core_I/Performance.Core/Using_DCache.Using_WriteBack.DCache_wb_I1/TAG_RAM_Module/Not_Using_XPM.Using_B36_S36.The_BRAMs[0].RAMB36_I1/Using_FPGA.Native/CLKARDCLK (clocked by clk_out1_system_clk_wiz_0_0) and system_i/microblaze_0/U0/MicroBlaze_Core_I/Performance.Core/Data_Flow_I/Byte_Doublet_Handle_gti_I/MEM_DataBus_Write_Data_reg[19]/CE (clocked by clk_out1_system_clk_wiz_0_0). Large setup violations at the end of those stages might be difficult to fix during the post-placement implementation flow and could be the result of non-optimal XDC constraints or non-optimal design architecture
Related violations: <none>

TIMING-16#834 Warning
Large setup violation  
There is a large setup violation of -2.187 ns between system_i/microblaze_0/U0/MicroBlaze_Core_I/Performance.Core/Using_DCache.Using_WriteBack.DCache_wb_I1/TAG_RAM_Module/Not_Using_XPM.Using_B36_S36.The_BRAMs[0].RAMB36_I1/Using_FPGA.Native/CLKARDCLK (clocked by clk_out1_system_clk_wiz_0_0) and system_i/microblaze_0/U0/MicroBlaze_Core_I/Performance.Core/Data_Flow_I/Byte_Doublet_Handle_gti_I/MEM_DataBus_Write_Data_reg[20]/CE (clocked by clk_out1_system_clk_wiz_0_0). Large setup violations at the end of those stages might be difficult to fix during the post-placement implementation flow and could be the result of non-optimal XDC constraints or non-optimal design architecture
Related violations: <none>

TIMING-16#835 Warning
Large setup violation  
There is a large setup violation of -2.191 ns between system_i/microblaze_0/U0/MicroBlaze_Core_I/Performance.Core/Using_DCache.Using_WriteBack.DCache_wb_I1/TAG_RAM_Module/Not_Using_XPM.Using_B36_S36.The_BRAMs[0].RAMB36_I1/Using_FPGA.Native/CLKARDCLK (clocked by clk_out1_system_clk_wiz_0_0) and system_i/microblaze_0/U0/MicroBlaze_Core_I/Performance.Core/Data_Flow_I/Byte_Doublet_Handle_gti_I/MEM_DataBus_Write_Data_reg[17]/CE (clocked by clk_out1_system_clk_wiz_0_0). Large setup violations at the end of those stages might be difficult to fix during the post-placement implementation flow and could be the result of non-optimal XDC constraints or non-optimal design architecture
Related violations: <none>

TIMING-16#836 Warning
Large setup violation  
There is a large setup violation of -2.191 ns between system_i/microblaze_0/U0/MicroBlaze_Core_I/Performance.Core/Using_DCache.Using_WriteBack.DCache_wb_I1/TAG_RAM_Module/Not_Using_XPM.Using_B36_S36.The_BRAMs[0].RAMB36_I1/Using_FPGA.Native/CLKARDCLK (clocked by clk_out1_system_clk_wiz_0_0) and system_i/microblaze_0/U0/MicroBlaze_Core_I/Performance.Core/Data_Flow_I/exception_registers_I1/mem_EAR_reg[30]/CE (clocked by clk_out1_system_clk_wiz_0_0). Large setup violations at the end of those stages might be difficult to fix during the post-placement implementation flow and could be the result of non-optimal XDC constraints or non-optimal design architecture
Related violations: <none>

TIMING-16#837 Warning
Large setup violation  
There is a large setup violation of -2.191 ns between system_i/microblaze_0/U0/MicroBlaze_Core_I/Performance.Core/Using_DCache.Using_WriteBack.DCache_wb_I1/TAG_RAM_Module/Not_Using_XPM.Using_B36_S36.The_BRAMs[0].RAMB36_I1/Using_FPGA.Native/CLKARDCLK (clocked by clk_out1_system_clk_wiz_0_0) and system_i/microblaze_0/U0/MicroBlaze_Core_I/Performance.Core/Data_Flow_I/msr_reg_i/OF_EX_MSR_Bits[25].Using_FDR.MSR_ex_I/Using_FPGA.Native/D (clocked by clk_out1_system_clk_wiz_0_0). Large setup violations at the end of those stages might be difficult to fix during the post-placement implementation flow and could be the result of non-optimal XDC constraints or non-optimal design architecture
Related violations: <none>

TIMING-16#838 Warning
Large setup violation  
There is a large setup violation of -2.191 ns between system_i/microblaze_0/U0/MicroBlaze_Core_I/Performance.Core/Using_DCache.Using_WriteBack.DCache_wb_I1/TAG_RAM_Module/Not_Using_XPM.Using_B36_S36.The_BRAMs[0].RAMB36_I1/Using_FPGA.Native/CLKARDCLK (clocked by clk_out1_system_clk_wiz_0_0) and system_i/microblaze_0/U0/MicroBlaze_Core_I/Performance.Core/Decode_I/MEM_DataBus_Addr_reg[28]/CE (clocked by clk_out1_system_clk_wiz_0_0). Large setup violations at the end of those stages might be difficult to fix during the post-placement implementation flow and could be the result of non-optimal XDC constraints or non-optimal design architecture
Related violations: <none>

TIMING-16#839 Warning
Large setup violation  
There is a large setup violation of -2.193 ns between system_i/microblaze_0/U0/MicroBlaze_Core_I/Performance.Core/Using_DCache.Using_WriteBack.DCache_wb_I1/TAG_RAM_Module/Not_Using_XPM.Using_B36_S36.The_BRAMs[0].RAMB36_I1/Using_FPGA.Native/CLKARDCLK (clocked by clk_out1_system_clk_wiz_0_0) and system_i/microblaze_0/U0/MicroBlaze_Core_I/Performance.Core/Decode_I/PC_Module_I/Instruction_Prefetch_Mux[12].Gen_Instr_DFF/Using_FPGA.Native/D (clocked by clk_out1_system_clk_wiz_0_0). Large setup violations at the end of those stages might be difficult to fix during the post-placement implementation flow and could be the result of non-optimal XDC constraints or non-optimal design architecture
Related violations: <none>

TIMING-16#840 Warning
Large setup violation  
There is a large setup violation of -2.196 ns between system_i/microblaze_0/U0/MicroBlaze_Core_I/Performance.Core/Using_DCache.Using_WriteBack.DCache_wb_I1/TAG_RAM_Module/Not_Using_XPM.Using_B36_S36.The_BRAMs[0].RAMB36_I1/Using_FPGA.Native/CLKARDCLK (clocked by clk_out1_system_clk_wiz_0_0) and system_i/microblaze_0/U0/MicroBlaze_Core_I/Performance.Core/Decode_I/EX_Shift_Op_reg[1]/CE (clocked by clk_out1_system_clk_wiz_0_0). Large setup violations at the end of those stages might be difficult to fix during the post-placement implementation flow and could be the result of non-optimal XDC constraints or non-optimal design architecture
Related violations: <none>

TIMING-16#841 Warning
Large setup violation  
There is a large setup violation of -2.196 ns between system_i/microblaze_0/U0/MicroBlaze_Core_I/Performance.Core/Using_DCache.Using_WriteBack.DCache_wb_I1/TAG_RAM_Module/Not_Using_XPM.Using_B36_S36.The_BRAMs[0].RAMB36_I1/Using_FPGA.Native/CLKARDCLK (clocked by clk_out1_system_clk_wiz_0_0) and system_i/microblaze_0/U0/MicroBlaze_Core_I/Performance.Core/Decode_I/EX_Unsigned_Op_reg/CE (clocked by clk_out1_system_clk_wiz_0_0). Large setup violations at the end of those stages might be difficult to fix during the post-placement implementation flow and could be the result of non-optimal XDC constraints or non-optimal design architecture
Related violations: <none>

TIMING-16#842 Warning
Large setup violation  
There is a large setup violation of -2.200 ns between system_i/microblaze_0/U0/MicroBlaze_Core_I/Performance.Core/Using_DCache.Using_WriteBack.DCache_wb_I1/TAG_RAM_Module/Not_Using_XPM.Using_B36_S36.The_BRAMs[0].RAMB36_I1/Using_FPGA.Native/CLKARDCLK (clocked by clk_out1_system_clk_wiz_0_0) and system_i/microblaze_0/U0/MicroBlaze_Core_I/Performance.Core/Data_Flow_I/Byte_Doublet_Handle_gti_I/MEM_DataBus_Byte_Enable_reg[2]/CE (clocked by clk_out1_system_clk_wiz_0_0). Large setup violations at the end of those stages might be difficult to fix during the post-placement implementation flow and could be the result of non-optimal XDC constraints or non-optimal design architecture
Related violations: <none>

TIMING-16#843 Warning
Large setup violation  
There is a large setup violation of -2.200 ns between system_i/microblaze_0/U0/MicroBlaze_Core_I/Performance.Core/Using_DCache.Using_WriteBack.DCache_wb_I1/TAG_RAM_Module/Not_Using_XPM.Using_B36_S36.The_BRAMs[0].RAMB36_I1/Using_FPGA.Native/CLKARDCLK (clocked by clk_out1_system_clk_wiz_0_0) and system_i/microblaze_0/U0/MicroBlaze_Core_I/Performance.Core/Data_Flow_I/Byte_Doublet_Handle_gti_I/MEM_DataBus_Write_Data_reg[10]/CE (clocked by clk_out1_system_clk_wiz_0_0). Large setup violations at the end of those stages might be difficult to fix during the post-placement implementation flow and could be the result of non-optimal XDC constraints or non-optimal design architecture
Related violations: <none>

TIMING-16#844 Warning
Large setup violation  
There is a large setup violation of -2.200 ns between system_i/microblaze_0/U0/MicroBlaze_Core_I/Performance.Core/Using_DCache.Using_WriteBack.DCache_wb_I1/TAG_RAM_Module/Not_Using_XPM.Using_B36_S36.The_BRAMs[0].RAMB36_I1/Using_FPGA.Native/CLKARDCLK (clocked by clk_out1_system_clk_wiz_0_0) and system_i/microblaze_0/U0/MicroBlaze_Core_I/Performance.Core/Data_Flow_I/Byte_Doublet_Handle_gti_I/MEM_DataBus_Write_Data_reg[15]/CE (clocked by clk_out1_system_clk_wiz_0_0). Large setup violations at the end of those stages might be difficult to fix during the post-placement implementation flow and could be the result of non-optimal XDC constraints or non-optimal design architecture
Related violations: <none>

TIMING-16#845 Warning
Large setup violation  
There is a large setup violation of -2.200 ns between system_i/microblaze_0/U0/MicroBlaze_Core_I/Performance.Core/Using_DCache.Using_WriteBack.DCache_wb_I1/TAG_RAM_Module/Not_Using_XPM.Using_B36_S36.The_BRAMs[0].RAMB36_I1/Using_FPGA.Native/CLKARDCLK (clocked by clk_out1_system_clk_wiz_0_0) and system_i/microblaze_0/U0/MicroBlaze_Core_I/Performance.Core/Data_Flow_I/Byte_Doublet_Handle_gti_I/MEM_DataBus_Write_Data_reg[8]/CE (clocked by clk_out1_system_clk_wiz_0_0). Large setup violations at the end of those stages might be difficult to fix during the post-placement implementation flow and could be the result of non-optimal XDC constraints or non-optimal design architecture
Related violations: <none>

TIMING-16#846 Warning
Large setup violation  
There is a large setup violation of -2.200 ns between system_i/microblaze_0/U0/MicroBlaze_Core_I/Performance.Core/Using_DCache.Using_WriteBack.DCache_wb_I1/TAG_RAM_Module/Not_Using_XPM.Using_B36_S36.The_BRAMs[0].RAMB36_I1/Using_FPGA.Native/CLKARDCLK (clocked by clk_out1_system_clk_wiz_0_0) and system_i/microblaze_0/U0/MicroBlaze_Core_I/Performance.Core/Data_Flow_I/Byte_Doublet_Handle_gti_I/MEM_DataBus_Write_Data_reg[9]/CE (clocked by clk_out1_system_clk_wiz_0_0). Large setup violations at the end of those stages might be difficult to fix during the post-placement implementation flow and could be the result of non-optimal XDC constraints or non-optimal design architecture
Related violations: <none>

TIMING-16#847 Warning
Large setup violation  
There is a large setup violation of -2.202 ns between system_i/microblaze_0/U0/MicroBlaze_Core_I/Performance.Core/Using_DCache.Using_WriteBack.DCache_wb_I1/TAG_RAM_Module/Not_Using_XPM.Using_B36_S36.The_BRAMs[0].RAMB36_I1/Using_FPGA.Native/CLKARDCLK (clocked by clk_out1_system_clk_wiz_0_0) and system_i/microblaze_0/U0/MicroBlaze_Core_I/Performance.Core/Data_Flow_I/Operand_Select_I/EX_Op3_reg[27]/CE (clocked by clk_out1_system_clk_wiz_0_0). Large setup violations at the end of those stages might be difficult to fix during the post-placement implementation flow and could be the result of non-optimal XDC constraints or non-optimal design architecture
Related violations: <none>

TIMING-16#848 Warning
Large setup violation  
There is a large setup violation of -2.203 ns between system_i/microblaze_0/U0/MicroBlaze_Core_I/Performance.Core/Using_DCache.Using_WriteBack.DCache_wb_I1/TAG_RAM_Module/Not_Using_XPM.Using_B36_S36.The_BRAMs[0].RAMB36_I1/Using_FPGA.Native/CLKARDCLK (clocked by clk_out1_system_clk_wiz_0_0) and system_i/microblaze_0/U0/MicroBlaze_Core_I/Performance.Core/Data_Flow_I/Barrel_Shifter_I/Use_HW_BS.Using_BitField.mem_mask0_reg[19]/CE (clocked by clk_out1_system_clk_wiz_0_0). Large setup violations at the end of those stages might be difficult to fix during the post-placement implementation flow and could be the result of non-optimal XDC constraints or non-optimal design architecture
Related violations: <none>

TIMING-16#849 Warning
Large setup violation  
There is a large setup violation of -2.203 ns between system_i/microblaze_0/U0/MicroBlaze_Core_I/Performance.Core/Using_DCache.Using_WriteBack.DCache_wb_I1/TAG_RAM_Module/Not_Using_XPM.Using_B36_S36.The_BRAMs[0].RAMB36_I1/Using_FPGA.Native/CLKARDCLK (clocked by clk_out1_system_clk_wiz_0_0) and system_i/microblaze_0/U0/MicroBlaze_Core_I/Performance.Core/Data_Flow_I/Barrel_Shifter_I/Use_HW_BS.Using_BitField.mem_mask0_reg[20]/CE (clocked by clk_out1_system_clk_wiz_0_0). Large setup violations at the end of those stages might be difficult to fix during the post-placement implementation flow and could be the result of non-optimal XDC constraints or non-optimal design architecture
Related violations: <none>

TIMING-16#850 Warning
Large setup violation  
There is a large setup violation of -2.203 ns between system_i/microblaze_0/U0/MicroBlaze_Core_I/Performance.Core/Using_DCache.Using_WriteBack.DCache_wb_I1/TAG_RAM_Module/Not_Using_XPM.Using_B36_S36.The_BRAMs[0].RAMB36_I1/Using_FPGA.Native/CLKARDCLK (clocked by clk_out1_system_clk_wiz_0_0) and system_i/microblaze_0/U0/MicroBlaze_Core_I/Performance.Core/Data_Flow_I/Barrel_Shifter_I/Use_HW_BS.Using_BitField.mem_mask0_reg[26]/CE (clocked by clk_out1_system_clk_wiz_0_0). Large setup violations at the end of those stages might be difficult to fix during the post-placement implementation flow and could be the result of non-optimal XDC constraints or non-optimal design architecture
Related violations: <none>

TIMING-16#851 Warning
Large setup violation  
There is a large setup violation of -2.203 ns between system_i/microblaze_0/U0/MicroBlaze_Core_I/Performance.Core/Using_DCache.Using_WriteBack.DCache_wb_I1/TAG_RAM_Module/Not_Using_XPM.Using_B36_S36.The_BRAMs[0].RAMB36_I1/Using_FPGA.Native/CLKARDCLK (clocked by clk_out1_system_clk_wiz_0_0) and system_i/microblaze_0/U0/MicroBlaze_Core_I/Performance.Core/Data_Flow_I/Barrel_Shifter_I/Use_HW_BS.Using_BitField.mem_mask0_reg[27]/CE (clocked by clk_out1_system_clk_wiz_0_0). Large setup violations at the end of those stages might be difficult to fix during the post-placement implementation flow and could be the result of non-optimal XDC constraints or non-optimal design architecture
Related violations: <none>

TIMING-16#852 Warning
Large setup violation  
There is a large setup violation of -2.206 ns between system_i/microblaze_0/U0/MicroBlaze_Core_I/Performance.Core/Using_DCache.Using_WriteBack.DCache_wb_I1/TAG_RAM_Module/Not_Using_XPM.Using_B36_S36.The_BRAMs[0].RAMB36_I1/Using_FPGA.Native/CLKARDCLK (clocked by clk_out1_system_clk_wiz_0_0) and system_i/microblaze_0/U0/MicroBlaze_Core_I/Performance.Core/Data_Flow_I/Operand_Select_I/EX_Op1_reg[27]/CE (clocked by clk_out1_system_clk_wiz_0_0). Large setup violations at the end of those stages might be difficult to fix during the post-placement implementation flow and could be the result of non-optimal XDC constraints or non-optimal design architecture
Related violations: <none>

TIMING-16#853 Warning
Large setup violation  
There is a large setup violation of -2.206 ns between system_i/microblaze_0/U0/MicroBlaze_Core_I/Performance.Core/Using_DCache.Using_WriteBack.DCache_wb_I1/TAG_RAM_Module/Not_Using_XPM.Using_B36_S36.The_BRAMs[0].RAMB36_I1/Using_FPGA.Native/CLKARDCLK (clocked by clk_out1_system_clk_wiz_0_0) and system_i/microblaze_0/U0/MicroBlaze_Core_I/Performance.Core/Data_Flow_I/Operand_Select_I/EX_Op1_reg[28]/CE (clocked by clk_out1_system_clk_wiz_0_0). Large setup violations at the end of those stages might be difficult to fix during the post-placement implementation flow and could be the result of non-optimal XDC constraints or non-optimal design architecture
Related violations: <none>

TIMING-16#854 Warning
Large setup violation  
There is a large setup violation of -2.208 ns between system_i/microblaze_0/U0/MicroBlaze_Core_I/Performance.Core/Data_Flow_I/Using_Stack_Protection.stack_protection_I/shr_reg_reg[21]/C (clocked by clk_out1_system_clk_wiz_0_0) and system_i/microblaze_0/U0/MicroBlaze_Core_I/Performance.Core/Data_Flow_I/exception_registers_I1/Use_LUT6.mem_BTR_reg[14]/D (clocked by clk_out1_system_clk_wiz_0_0). Large setup violations at the end of those stages might be difficult to fix during the post-placement implementation flow and could be the result of non-optimal XDC constraints or non-optimal design architecture
Related violations: <none>

TIMING-16#855 Warning
Large setup violation  
There is a large setup violation of -2.209 ns between system_i/microblaze_0/U0/MicroBlaze_Core_I/Performance.Core/Using_DCache.Using_WriteBack.DCache_wb_I1/TAG_RAM_Module/Not_Using_XPM.Using_B36_S36.The_BRAMs[0].RAMB36_I1/Using_FPGA.Native/CLKARDCLK (clocked by clk_out1_system_clk_wiz_0_0) and system_i/microblaze_0/U0/MicroBlaze_Core_I/Performance.Core/Data_Flow_I/Operand_Select_I/EX_Op2_reg[19]/CE (clocked by clk_out1_system_clk_wiz_0_0). Large setup violations at the end of those stages might be difficult to fix during the post-placement implementation flow and could be the result of non-optimal XDC constraints or non-optimal design architecture
Related violations: <none>

TIMING-16#856 Warning
Large setup violation  
There is a large setup violation of -2.209 ns between system_i/microblaze_0/U0/MicroBlaze_Core_I/Performance.Core/Using_DCache.Using_WriteBack.DCache_wb_I1/TAG_RAM_Module/Not_Using_XPM.Using_B36_S36.The_BRAMs[0].RAMB36_I1/Using_FPGA.Native/CLKARDCLK (clocked by clk_out1_system_clk_wiz_0_0) and system_i/microblaze_0/U0/MicroBlaze_Core_I/Performance.Core/Data_Flow_I/Operand_Select_I/EX_Op2_reg[22]/CE (clocked by clk_out1_system_clk_wiz_0_0). Large setup violations at the end of those stages might be difficult to fix during the post-placement implementation flow and could be the result of non-optimal XDC constraints or non-optimal design architecture
Related violations: <none>

TIMING-16#857 Warning
Large setup violation  
There is a large setup violation of -2.210 ns between system_i/microblaze_0/U0/MicroBlaze_Core_I/Performance.Core/Using_DCache.Using_WriteBack.DCache_wb_I1/TAG_RAM_Module/Not_Using_XPM.Using_B36_S36.The_BRAMs[0].RAMB36_I1/Using_FPGA.Native/CLKARDCLK (clocked by clk_out1_system_clk_wiz_0_0) and system_i/microblaze_0/U0/MicroBlaze_Core_I/Performance.Core/Data_Flow_I/Operand_Select_I/EX_Op2_reg[10]/CE (clocked by clk_out1_system_clk_wiz_0_0). Large setup violations at the end of those stages might be difficult to fix during the post-placement implementation flow and could be the result of non-optimal XDC constraints or non-optimal design architecture
Related violations: <none>

TIMING-16#858 Warning
Large setup violation  
There is a large setup violation of -2.210 ns between system_i/microblaze_0/U0/MicroBlaze_Core_I/Performance.Core/Using_DCache.Using_WriteBack.DCache_wb_I1/TAG_RAM_Module/Not_Using_XPM.Using_B36_S36.The_BRAMs[0].RAMB36_I1/Using_FPGA.Native/CLKARDCLK (clocked by clk_out1_system_clk_wiz_0_0) and system_i/microblaze_0/U0/MicroBlaze_Core_I/Performance.Core/Data_Flow_I/Operand_Select_I/EX_Op3_reg[18]/CE (clocked by clk_out1_system_clk_wiz_0_0). Large setup violations at the end of those stages might be difficult to fix during the post-placement implementation flow and could be the result of non-optimal XDC constraints or non-optimal design architecture
Related violations: <none>

TIMING-16#859 Warning
Large setup violation  
There is a large setup violation of -2.210 ns between system_i/microblaze_0/U0/MicroBlaze_Core_I/Performance.Core/Using_DCache.Using_WriteBack.DCache_wb_I1/TAG_RAM_Module/Not_Using_XPM.Using_B36_S36.The_BRAMs[0].RAMB36_I1/Using_FPGA.Native/CLKARDCLK (clocked by clk_out1_system_clk_wiz_0_0) and system_i/microblaze_0/U0/MicroBlaze_Core_I/Performance.Core/Data_Flow_I/Operand_Select_I/EX_Op3_reg[1]/CE (clocked by clk_out1_system_clk_wiz_0_0). Large setup violations at the end of those stages might be difficult to fix during the post-placement implementation flow and could be the result of non-optimal XDC constraints or non-optimal design architecture
Related violations: <none>

TIMING-16#860 Warning
Large setup violation  
There is a large setup violation of -2.210 ns between system_i/microblaze_0/U0/MicroBlaze_Core_I/Performance.Core/Using_DCache.Using_WriteBack.DCache_wb_I1/TAG_RAM_Module/Not_Using_XPM.Using_B36_S36.The_BRAMs[0].RAMB36_I1/Using_FPGA.Native/CLKARDCLK (clocked by clk_out1_system_clk_wiz_0_0) and system_i/microblaze_0/U0/MicroBlaze_Core_I/Performance.Core/Data_Flow_I/Operand_Select_I/EX_Op3_reg[2]/CE (clocked by clk_out1_system_clk_wiz_0_0). Large setup violations at the end of those stages might be difficult to fix during the post-placement implementation flow and could be the result of non-optimal XDC constraints or non-optimal design architecture
Related violations: <none>

TIMING-16#861 Warning
Large setup violation  
There is a large setup violation of -2.210 ns between system_i/microblaze_0/U0/MicroBlaze_Core_I/Performance.Core/Using_DCache.Using_WriteBack.DCache_wb_I1/TAG_RAM_Module/Not_Using_XPM.Using_B36_S36.The_BRAMs[0].RAMB36_I1/Using_FPGA.Native/CLKARDCLK (clocked by clk_out1_system_clk_wiz_0_0) and system_i/microblaze_0/U0/MicroBlaze_Core_I/Performance.Core/Decode_I/PC_Module_I/Instruction_Prefetch_Mux[2].Gen_Instr_DFF/Using_FPGA.Native/D (clocked by clk_out1_system_clk_wiz_0_0). Large setup violations at the end of those stages might be difficult to fix during the post-placement implementation flow and could be the result of non-optimal XDC constraints or non-optimal design architecture
Related violations: <none>

TIMING-16#862 Warning
Large setup violation  
There is a large setup violation of -2.211 ns between system_i/microblaze_0/U0/MicroBlaze_Core_I/Performance.Core/Use_DBUS.DAXI_Interface_I1/WB_DAXI_Read_Data_reg[28]/C (clocked by clk_out1_system_clk_wiz_0_0) and system_i/microblaze_0/U0/MicroBlaze_Core_I/Performance.Core/Data_Flow_I/Operand_Select_I/EX_Branch_CMP_Op1_reg[28]/D (clocked by clk_out1_system_clk_wiz_0_0). Large setup violations at the end of those stages might be difficult to fix during the post-placement implementation flow and could be the result of non-optimal XDC constraints or non-optimal design architecture
Related violations: <none>

TIMING-16#863 Warning
Large setup violation  
There is a large setup violation of -2.213 ns between system_i/microblaze_0/U0/MicroBlaze_Core_I/Performance.Core/Using_DCache.Using_WriteBack.DCache_wb_I1/TAG_RAM_Module/Not_Using_XPM.Using_B36_S36.The_BRAMs[0].RAMB36_I1/Using_FPGA.Native/CLKARDCLK (clocked by clk_out1_system_clk_wiz_0_0) and system_i/microblaze_0/U0/MicroBlaze_Core_I/Performance.Core/Data_Flow_I/Barrel_Shifter_I/Use_HW_BS.Using_BitField.mem_mask0_reg[5]/CE (clocked by clk_out1_system_clk_wiz_0_0). Large setup violations at the end of those stages might be difficult to fix during the post-placement implementation flow and could be the result of non-optimal XDC constraints or non-optimal design architecture
Related violations: <none>

TIMING-16#864 Warning
Large setup violation  
There is a large setup violation of -2.213 ns between system_i/microblaze_0/U0/MicroBlaze_Core_I/Performance.Core/Using_DCache.Using_WriteBack.DCache_wb_I1/TAG_RAM_Module/Not_Using_XPM.Using_B36_S36.The_BRAMs[0].RAMB36_I1/Using_FPGA.Native/CLKARDCLK (clocked by clk_out1_system_clk_wiz_0_0) and system_i/microblaze_0/U0/MicroBlaze_Core_I/Performance.Core/Data_Flow_I/Barrel_Shifter_I/Use_HW_BS.Using_BitField.mem_mask1_reg[22]/CE (clocked by clk_out1_system_clk_wiz_0_0). Large setup violations at the end of those stages might be difficult to fix during the post-placement implementation flow and could be the result of non-optimal XDC constraints or non-optimal design architecture
Related violations: <none>

TIMING-16#865 Warning
Large setup violation  
There is a large setup violation of -2.214 ns between system_i/microblaze_0/U0/MicroBlaze_Core_I/Performance.Core/Using_DCache.Using_WriteBack.DCache_wb_I1/TAG_RAM_Module/Not_Using_XPM.Using_B36_S36.The_BRAMs[0].RAMB36_I1/Using_FPGA.Native/CLKARDCLK (clocked by clk_out1_system_clk_wiz_0_0) and system_i/microblaze_0/U0/MicroBlaze_Core_I/Performance.Core/Data_Flow_I/Byte_Doublet_Handle_gti_I/MEM_DataBus_Write_Data_reg[4]/CE (clocked by clk_out1_system_clk_wiz_0_0). Large setup violations at the end of those stages might be difficult to fix during the post-placement implementation flow and could be the result of non-optimal XDC constraints or non-optimal design architecture
Related violations: <none>

TIMING-16#866 Warning
Large setup violation  
There is a large setup violation of -2.214 ns between system_i/microblaze_0/U0/MicroBlaze_Core_I/Performance.Core/Using_DCache.Using_WriteBack.DCache_wb_I1/TAG_RAM_Module/Not_Using_XPM.Using_B36_S36.The_BRAMs[0].RAMB36_I1/Using_FPGA.Native/CLKARDCLK (clocked by clk_out1_system_clk_wiz_0_0) and system_i/microblaze_0/U0/MicroBlaze_Core_I/Performance.Core/Data_Flow_I/Data_Flow_Logic_I/Gen_Bits[1].MEM_EX_Result_Inst/Using_FPGA.Native/CE (clocked by clk_out1_system_clk_wiz_0_0). Large setup violations at the end of those stages might be difficult to fix during the post-placement implementation flow and could be the result of non-optimal XDC constraints or non-optimal design architecture
Related violations: <none>

TIMING-16#867 Warning
Large setup violation  
There is a large setup violation of -2.214 ns between system_i/microblaze_0/U0/MicroBlaze_Core_I/Performance.Core/Using_DCache.Using_WriteBack.DCache_wb_I1/TAG_RAM_Module/Not_Using_XPM.Using_B36_S36.The_BRAMs[0].RAMB36_I1/Using_FPGA.Native/CLKARDCLK (clocked by clk_out1_system_clk_wiz_0_0) and system_i/microblaze_0/U0/MicroBlaze_Core_I/Performance.Core/Data_Flow_I/Data_Flow_Logic_I/Gen_Bits[22].MEM_EX_Result_Inst/Using_FPGA.Native/CE (clocked by clk_out1_system_clk_wiz_0_0). Large setup violations at the end of those stages might be difficult to fix during the post-placement implementation flow and could be the result of non-optimal XDC constraints or non-optimal design architecture
Related violations: <none>

TIMING-16#868 Warning
Large setup violation  
There is a large setup violation of -2.214 ns between system_i/microblaze_0/U0/MicroBlaze_Core_I/Performance.Core/Using_DCache.Using_WriteBack.DCache_wb_I1/TAG_RAM_Module/Not_Using_XPM.Using_B36_S36.The_BRAMs[0].RAMB36_I1/Using_FPGA.Native/CLKARDCLK (clocked by clk_out1_system_clk_wiz_0_0) and system_i/microblaze_0/U0/MicroBlaze_Core_I/Performance.Core/Data_Flow_I/Data_Flow_Logic_I/Gen_Bits[7].MEM_EX_Result_Inst/Using_FPGA.Native/CE (clocked by clk_out1_system_clk_wiz_0_0). Large setup violations at the end of those stages might be difficult to fix during the post-placement implementation flow and could be the result of non-optimal XDC constraints or non-optimal design architecture
Related violations: <none>

TIMING-16#869 Warning
Large setup violation  
There is a large setup violation of -2.222 ns between system_i/microblaze_0/U0/MicroBlaze_Core_I/Performance.Core/Using_DCache.Using_WriteBack.DCache_wb_I1/TAG_RAM_Module/Not_Using_XPM.Using_B36_S36.The_BRAMs[0].RAMB36_I1/Using_FPGA.Native/CLKARDCLK (clocked by clk_out1_system_clk_wiz_0_0) and system_i/microblaze_0/U0/MicroBlaze_Core_I/Performance.Core/Decode_I/EX_Sext_Op_reg[1]/CE (clocked by clk_out1_system_clk_wiz_0_0). Large setup violations at the end of those stages might be difficult to fix during the post-placement implementation flow and could be the result of non-optimal XDC constraints or non-optimal design architecture
Related violations: <none>

TIMING-16#870 Warning
Large setup violation  
There is a large setup violation of -2.225 ns between system_i/microblaze_0/U0/MicroBlaze_Core_I/Performance.Core/Use_Debug_Logic.Master_Core.Debug_Perf/Performance_Debug_Control.dbg_stop_if_delay_i_reg/C (clocked by clk_out1_system_clk_wiz_0_0) and system_i/microblaze_0/U0/MicroBlaze_Core_I/Performance.Core/Data_Flow_I/Using_Div_Unit.Div_unit_I1/R_reg[32]/D (clocked by clk_out1_system_clk_wiz_0_0). Large setup violations at the end of those stages might be difficult to fix during the post-placement implementation flow and could be the result of non-optimal XDC constraints or non-optimal design architecture
Related violations: <none>

TIMING-16#871 Warning
Large setup violation  
There is a large setup violation of -2.225 ns between system_i/microblaze_0/U0/MicroBlaze_Core_I/Performance.Core/Using_DCache.Using_WriteBack.DCache_wb_I1/TAG_RAM_Module/Not_Using_XPM.Using_B36_S36.The_BRAMs[0].RAMB36_I1/Using_FPGA.Native/CLKARDCLK (clocked by clk_out1_system_clk_wiz_0_0) and system_i/microblaze_0/U0/MicroBlaze_Core_I/Performance.Core/Data_Flow_I/Operand_Select_I/EX_Op1_reg[24]/CE (clocked by clk_out1_system_clk_wiz_0_0). Large setup violations at the end of those stages might be difficult to fix during the post-placement implementation flow and could be the result of non-optimal XDC constraints or non-optimal design architecture
Related violations: <none>

TIMING-16#872 Warning
Large setup violation  
There is a large setup violation of -2.225 ns between system_i/microblaze_0/U0/MicroBlaze_Core_I/Performance.Core/Using_DCache.Using_WriteBack.DCache_wb_I1/TAG_RAM_Module/Not_Using_XPM.Using_B36_S36.The_BRAMs[0].RAMB36_I1/Using_FPGA.Native/CLKARDCLK (clocked by clk_out1_system_clk_wiz_0_0) and system_i/microblaze_0/U0/MicroBlaze_Core_I/Performance.Core/Decode_I/PC_Module_I/Instruction_Prefetch_Mux[22].Gen_Instr_DFF/Using_FPGA.Native/D (clocked by clk_out1_system_clk_wiz_0_0). Large setup violations at the end of those stages might be difficult to fix during the post-placement implementation flow and could be the result of non-optimal XDC constraints or non-optimal design architecture
Related violations: <none>

TIMING-16#873 Warning
Large setup violation  
There is a large setup violation of -2.225 ns between system_i/microblaze_0/U0/MicroBlaze_Core_I/Performance.Core/Using_DCache.Using_WriteBack.DCache_wb_I1/TAG_RAM_Module/Not_Using_XPM.Using_B36_S36.The_BRAMs[0].RAMB36_I1/Using_FPGA.Native/CLKARDCLK (clocked by clk_out1_system_clk_wiz_0_0) and system_i/microblaze_0/U0/MicroBlaze_Core_I/Performance.Core/Decode_I/PC_Module_I/Instruction_Prefetch_Mux[8].Gen_Instr_DFF/Using_FPGA.Native/D (clocked by clk_out1_system_clk_wiz_0_0). Large setup violations at the end of those stages might be difficult to fix during the post-placement implementation flow and could be the result of non-optimal XDC constraints or non-optimal design architecture
Related violations: <none>

TIMING-16#874 Warning
Large setup violation  
There is a large setup violation of -2.228 ns between system_i/microblaze_0/U0/MicroBlaze_Core_I/Performance.Core/Using_DCache.Using_WriteBack.DCache_wb_I1/TAG_RAM_Module/Not_Using_XPM.Using_B36_S36.The_BRAMs[0].RAMB36_I1/Using_FPGA.Native/CLKARDCLK (clocked by clk_out1_system_clk_wiz_0_0) and system_i/microblaze_0/U0/MicroBlaze_Core_I/Performance.Core/Data_Flow_I/Operand_Select_I/EX_Op1_reg[6]/CE (clocked by clk_out1_system_clk_wiz_0_0). Large setup violations at the end of those stages might be difficult to fix during the post-placement implementation flow and could be the result of non-optimal XDC constraints or non-optimal design architecture
Related violations: <none>

TIMING-16#875 Warning
Large setup violation  
There is a large setup violation of -2.229 ns between system_i/microblaze_0/U0/MicroBlaze_Core_I/Performance.Core/Use_DBUS.DAXI_Interface_I1/WB_DAXI_Data_Strobe_reg/C (clocked by clk_out1_system_clk_wiz_0_0) and system_i/microblaze_0/U0/MicroBlaze_Core_I/Performance.Core/Data_Flow_I/Operand_Select_I/EX_Branch_CMP_Op1_reg[23]/D (clocked by clk_out1_system_clk_wiz_0_0). Large setup violations at the end of those stages might be difficult to fix during the post-placement implementation flow and could be the result of non-optimal XDC constraints or non-optimal design architecture
Related violations: <none>

TIMING-16#876 Warning
Large setup violation  
There is a large setup violation of -2.229 ns between system_i/microblaze_0/U0/MicroBlaze_Core_I/Performance.Core/Using_DCache.Using_WriteBack.DCache_wb_I1/TAG_RAM_Module/Not_Using_XPM.Using_B36_S36.The_BRAMs[0].RAMB36_I1/Using_FPGA.Native/CLKARDCLK (clocked by clk_out1_system_clk_wiz_0_0) and system_i/microblaze_0/U0/MicroBlaze_Core_I/Performance.Core/Decode_I/PC_Module_I/Instruction_Prefetch_Mux[16].Gen_Instr_DFF/Using_FPGA.Native/D (clocked by clk_out1_system_clk_wiz_0_0). Large setup violations at the end of those stages might be difficult to fix during the post-placement implementation flow and could be the result of non-optimal XDC constraints or non-optimal design architecture
Related violations: <none>

TIMING-16#877 Warning
Large setup violation  
There is a large setup violation of -2.232 ns between system_i/microblaze_0/U0/MicroBlaze_Core_I/Performance.Core/Using_DCache.Using_WriteBack.DCache_wb_I1/TAG_RAM_Module/Not_Using_XPM.Using_B36_S36.The_BRAMs[0].RAMB36_I1/Using_FPGA.Native/CLKARDCLK (clocked by clk_out1_system_clk_wiz_0_0) and system_i/microblaze_0/U0/MicroBlaze_Core_I/Performance.Core/Data_Flow_I/Operand_Select_I/EX_Op3_reg[15]/CE (clocked by clk_out1_system_clk_wiz_0_0). Large setup violations at the end of those stages might be difficult to fix during the post-placement implementation flow and could be the result of non-optimal XDC constraints or non-optimal design architecture
Related violations: <none>

TIMING-16#878 Warning
Large setup violation  
There is a large setup violation of -2.232 ns between system_i/microblaze_0/U0/MicroBlaze_Core_I/Performance.Core/Using_DCache.Using_WriteBack.DCache_wb_I1/TAG_RAM_Module/Not_Using_XPM.Using_B36_S36.The_BRAMs[0].RAMB36_I1/Using_FPGA.Native/CLKARDCLK (clocked by clk_out1_system_clk_wiz_0_0) and system_i/microblaze_0/U0/MicroBlaze_Core_I/Performance.Core/Data_Flow_I/Operand_Select_I/EX_Op3_reg[4]/CE (clocked by clk_out1_system_clk_wiz_0_0). Large setup violations at the end of those stages might be difficult to fix during the post-placement implementation flow and could be the result of non-optimal XDC constraints or non-optimal design architecture
Related violations: <none>

TIMING-16#879 Warning
Large setup violation  
There is a large setup violation of -2.232 ns between system_i/microblaze_0/U0/MicroBlaze_Core_I/Performance.Core/Using_DCache.Using_WriteBack.DCache_wb_I1/TAG_RAM_Module/Not_Using_XPM.Using_B36_S36.The_BRAMs[0].RAMB36_I1/Using_FPGA.Native/CLKARDCLK (clocked by clk_out1_system_clk_wiz_0_0) and system_i/microblaze_0/U0/MicroBlaze_Core_I/Performance.Core/Decode_I/EX_Sext_Op_reg[0]/CE (clocked by clk_out1_system_clk_wiz_0_0). Large setup violations at the end of those stages might be difficult to fix during the post-placement implementation flow and could be the result of non-optimal XDC constraints or non-optimal design architecture
Related violations: <none>

TIMING-16#880 Warning
Large setup violation  
There is a large setup violation of -2.232 ns between system_i/microblaze_0/U0/MicroBlaze_Core_I/Performance.Core/Using_DCache.Using_WriteBack.DCache_wb_I1/TAG_RAM_Module/Not_Using_XPM.Using_B36_S36.The_BRAMs[0].RAMB36_I1/Using_FPGA.Native/CLKARDCLK (clocked by clk_out1_system_clk_wiz_0_0) and system_i/microblaze_0/U0/MicroBlaze_Core_I/Performance.Core/Decode_I/PC_Module_I/Instruction_Prefetch_Mux[25].Gen_Instr_DFF/Using_FPGA.Native/D (clocked by clk_out1_system_clk_wiz_0_0). Large setup violations at the end of those stages might be difficult to fix during the post-placement implementation flow and could be the result of non-optimal XDC constraints or non-optimal design architecture
Related violations: <none>

TIMING-16#881 Warning
Large setup violation  
There is a large setup violation of -2.235 ns between system_i/microblaze_0/U0/MicroBlaze_Core_I/Performance.Core/Using_DCache.Using_WriteBack.DCache_wb_I1/TAG_RAM_Module/Not_Using_XPM.Using_B36_S36.The_BRAMs[0].RAMB36_I1/Using_FPGA.Native/CLKARDCLK (clocked by clk_out1_system_clk_wiz_0_0) and system_i/microblaze_0/U0/MicroBlaze_Core_I/Performance.Core/Decode_I/PC_Module_I/Instruction_Prefetch_Mux[21].Gen_Instr_DFF/Using_FPGA.Native/D (clocked by clk_out1_system_clk_wiz_0_0). Large setup violations at the end of those stages might be difficult to fix during the post-placement implementation flow and could be the result of non-optimal XDC constraints or non-optimal design architecture
Related violations: <none>

TIMING-16#882 Warning
Large setup violation  
There is a large setup violation of -2.238 ns between system_i/microblaze_0/U0/MicroBlaze_Core_I/Performance.Core/Using_DCache.Using_WriteBack.DCache_wb_I1/TAG_RAM_Module/Not_Using_XPM.Using_B36_S36.The_BRAMs[0].RAMB36_I1/Using_FPGA.Native/CLKARDCLK (clocked by clk_out1_system_clk_wiz_0_0) and system_i/microblaze_0/U0/MicroBlaze_Core_I/Performance.Core/Data_Flow_I/Operand_Select_I/EX_Op1_reg[18]/CE (clocked by clk_out1_system_clk_wiz_0_0). Large setup violations at the end of those stages might be difficult to fix during the post-placement implementation flow and could be the result of non-optimal XDC constraints or non-optimal design architecture
Related violations: <none>

TIMING-16#883 Warning
Large setup violation  
There is a large setup violation of -2.238 ns between system_i/microblaze_0/U0/MicroBlaze_Core_I/Performance.Core/Using_DCache.Using_WriteBack.DCache_wb_I1/TAG_RAM_Module/Not_Using_XPM.Using_B36_S36.The_BRAMs[0].RAMB36_I1/Using_FPGA.Native/CLKARDCLK (clocked by clk_out1_system_clk_wiz_0_0) and system_i/microblaze_0/U0/MicroBlaze_Core_I/Performance.Core/Data_Flow_I/Operand_Select_I/EX_Op3_reg[0]/CE (clocked by clk_out1_system_clk_wiz_0_0). Large setup violations at the end of those stages might be difficult to fix during the post-placement implementation flow and could be the result of non-optimal XDC constraints or non-optimal design architecture
Related violations: <none>

TIMING-16#884 Warning
Large setup violation  
There is a large setup violation of -2.238 ns between system_i/microblaze_0/U0/MicroBlaze_Core_I/Performance.Core/Using_DCache.Using_WriteBack.DCache_wb_I1/TAG_RAM_Module/Not_Using_XPM.Using_B36_S36.The_BRAMs[0].RAMB36_I1/Using_FPGA.Native/CLKARDCLK (clocked by clk_out1_system_clk_wiz_0_0) and system_i/microblaze_0/U0/MicroBlaze_Core_I/Performance.Core/Data_Flow_I/Operand_Select_I/EX_Op3_reg[28]/CE (clocked by clk_out1_system_clk_wiz_0_0). Large setup violations at the end of those stages might be difficult to fix during the post-placement implementation flow and could be the result of non-optimal XDC constraints or non-optimal design architecture
Related violations: <none>

TIMING-16#885 Warning
Large setup violation  
There is a large setup violation of -2.241 ns between system_i/microblaze_0/U0/MicroBlaze_Core_I/Performance.Core/Using_DCache.Using_WriteBack.DCache_wb_I1/TAG_RAM_Module/Not_Using_XPM.Using_B36_S36.The_BRAMs[0].RAMB36_I1/Using_FPGA.Native/CLKARDCLK (clocked by clk_out1_system_clk_wiz_0_0) and system_i/microblaze_0/U0/MicroBlaze_Core_I/Performance.Core/Decode_I/PC_Module_I/Instruction_Prefetch_Mux[10].Gen_Instr_DFF/Using_FPGA.Native/D (clocked by clk_out1_system_clk_wiz_0_0). Large setup violations at the end of those stages might be difficult to fix during the post-placement implementation flow and could be the result of non-optimal XDC constraints or non-optimal design architecture
Related violations: <none>

TIMING-16#886 Warning
Large setup violation  
There is a large setup violation of -2.241 ns between system_i/microblaze_0/U0/MicroBlaze_Core_I/Performance.Core/Using_DCache.Using_WriteBack.DCache_wb_I1/TAG_RAM_Module/Not_Using_XPM.Using_B36_S36.The_BRAMs[0].RAMB36_I1/Using_FPGA.Native/CLKARDCLK (clocked by clk_out1_system_clk_wiz_0_0) and system_i/microblaze_0/U0/MicroBlaze_Core_I/Performance.Core/Decode_I/PC_Module_I/Instruction_Prefetch_Mux[3].Gen_Instr_DFF/Using_FPGA.Native/D (clocked by clk_out1_system_clk_wiz_0_0). Large setup violations at the end of those stages might be difficult to fix during the post-placement implementation flow and could be the result of non-optimal XDC constraints or non-optimal design architecture
Related violations: <none>

TIMING-16#887 Warning
Large setup violation  
There is a large setup violation of -2.242 ns between system_i/microblaze_0/U0/MicroBlaze_Core_I/Performance.Core/Using_DCache.Using_WriteBack.DCache_wb_I1/TAG_RAM_Module/Not_Using_XPM.Using_B36_S36.The_BRAMs[0].RAMB36_I1/Using_FPGA.Native/CLKARDCLK (clocked by clk_out1_system_clk_wiz_0_0) and system_i/microblaze_0/U0/MicroBlaze_Core_I/Performance.Core/Decode_I/PC_Module_I/Instruction_Prefetch_Mux[19].Gen_Instr_DFF/Using_FPGA.Native/D (clocked by clk_out1_system_clk_wiz_0_0). Large setup violations at the end of those stages might be difficult to fix during the post-placement implementation flow and could be the result of non-optimal XDC constraints or non-optimal design architecture
Related violations: <none>

TIMING-16#888 Warning
Large setup violation  
There is a large setup violation of -2.257 ns between system_i/microblaze_0/U0/MicroBlaze_Core_I/Performance.Core/Using_DCache.Using_WriteBack.DCache_wb_I1/TAG_RAM_Module/Not_Using_XPM.Using_B36_S36.The_BRAMs[0].RAMB36_I1/Using_FPGA.Native/CLKARDCLK (clocked by clk_out1_system_clk_wiz_0_0) and system_i/microblaze_0/U0/MicroBlaze_Core_I/Performance.Core/Decode_I/EX_CLZ_Instr_reg/CE (clocked by clk_out1_system_clk_wiz_0_0). Large setup violations at the end of those stages might be difficult to fix during the post-placement implementation flow and could be the result of non-optimal XDC constraints or non-optimal design architecture
Related violations: <none>

TIMING-16#889 Warning
Large setup violation  
There is a large setup violation of -2.257 ns between system_i/microblaze_0/U0/MicroBlaze_Core_I/Performance.Core/Using_DCache.Using_WriteBack.DCache_wb_I1/TAG_RAM_Module/Not_Using_XPM.Using_B36_S36.The_BRAMs[0].RAMB36_I1/Using_FPGA.Native/CLKARDCLK (clocked by clk_out1_system_clk_wiz_0_0) and system_i/microblaze_0/U0/MicroBlaze_Core_I/Performance.Core/Decode_I/EX_SWAP_Instr_reg/CE (clocked by clk_out1_system_clk_wiz_0_0). Large setup violations at the end of those stages might be difficult to fix during the post-placement implementation flow and could be the result of non-optimal XDC constraints or non-optimal design architecture
Related violations: <none>

TIMING-16#890 Warning
Large setup violation  
There is a large setup violation of -2.257 ns between system_i/microblaze_0/U0/MicroBlaze_Core_I/Performance.Core/Using_DCache.Using_WriteBack.DCache_wb_I1/TAG_RAM_Module/Not_Using_XPM.Using_B36_S36.The_BRAMs[0].RAMB36_I1/Using_FPGA.Native/CLKARDCLK (clocked by clk_out1_system_clk_wiz_0_0) and system_i/microblaze_0/U0/MicroBlaze_Core_I/Performance.Core/Decode_I/EX_Shift_Op_reg[0]/CE (clocked by clk_out1_system_clk_wiz_0_0). Large setup violations at the end of those stages might be difficult to fix during the post-placement implementation flow and could be the result of non-optimal XDC constraints or non-optimal design architecture
Related violations: <none>

TIMING-16#891 Warning
Large setup violation  
There is a large setup violation of -2.259 ns between system_i/microblaze_0/U0/MicroBlaze_Core_I/Performance.Core/Using_DCache.Using_WriteBack.DCache_wb_I1/TAG_RAM_Module/Not_Using_XPM.Using_B36_S36.The_BRAMs[0].RAMB36_I1/Using_FPGA.Native/CLKARDCLK (clocked by clk_out1_system_clk_wiz_0_0) and system_i/microblaze_0/U0/MicroBlaze_Core_I/Performance.Core/Data_Flow_I/Operand_Select_I/EX_Op1_reg[29]/CE (clocked by clk_out1_system_clk_wiz_0_0). Large setup violations at the end of those stages might be difficult to fix during the post-placement implementation flow and could be the result of non-optimal XDC constraints or non-optimal design architecture
Related violations: <none>

TIMING-16#892 Warning
Large setup violation  
There is a large setup violation of -2.260 ns between system_i/microblaze_0/U0/MicroBlaze_Core_I/Performance.Core/Using_DCache.Using_WriteBack.DCache_wb_I1/TAG_RAM_Module/Not_Using_XPM.Using_B36_S36.The_BRAMs[0].RAMB36_I1/Using_FPGA.Native/CLKARDCLK (clocked by clk_out1_system_clk_wiz_0_0) and system_i/microblaze_0/U0/MicroBlaze_Core_I/Performance.Core/Data_Flow_I/Operand_Select_I/EX_Op1_reg[11]/CE (clocked by clk_out1_system_clk_wiz_0_0). Large setup violations at the end of those stages might be difficult to fix during the post-placement implementation flow and could be the result of non-optimal XDC constraints or non-optimal design architecture
Related violations: <none>

TIMING-16#893 Warning
Large setup violation  
There is a large setup violation of -2.260 ns between system_i/microblaze_0/U0/MicroBlaze_Core_I/Performance.Core/Using_DCache.Using_WriteBack.DCache_wb_I1/TAG_RAM_Module/Not_Using_XPM.Using_B36_S36.The_BRAMs[0].RAMB36_I1/Using_FPGA.Native/CLKARDCLK (clocked by clk_out1_system_clk_wiz_0_0) and system_i/microblaze_0/U0/MicroBlaze_Core_I/Performance.Core/Data_Flow_I/Operand_Select_I/EX_Op1_reg[15]/CE (clocked by clk_out1_system_clk_wiz_0_0). Large setup violations at the end of those stages might be difficult to fix during the post-placement implementation flow and could be the result of non-optimal XDC constraints or non-optimal design architecture
Related violations: <none>

TIMING-16#894 Warning
Large setup violation  
There is a large setup violation of -2.261 ns between system_i/microblaze_0/U0/MicroBlaze_Core_I/Performance.Core/Using_DCache.Using_WriteBack.DCache_wb_I1/TAG_RAM_Module/Not_Using_XPM.Using_B36_S36.The_BRAMs[0].RAMB36_I1/Using_FPGA.Native/CLKARDCLK (clocked by clk_out1_system_clk_wiz_0_0) and system_i/microblaze_0/U0/MicroBlaze_Core_I/Performance.Core/Data_Flow_I/Barrel_Shifter_I/Use_HW_BS.Using_BitField.mem_mask0_reg[16]/CE (clocked by clk_out1_system_clk_wiz_0_0). Large setup violations at the end of those stages might be difficult to fix during the post-placement implementation flow and could be the result of non-optimal XDC constraints or non-optimal design architecture
Related violations: <none>

TIMING-16#895 Warning
Large setup violation  
There is a large setup violation of -2.261 ns between system_i/microblaze_0/U0/MicroBlaze_Core_I/Performance.Core/Using_DCache.Using_WriteBack.DCache_wb_I1/TAG_RAM_Module/Not_Using_XPM.Using_B36_S36.The_BRAMs[0].RAMB36_I1/Using_FPGA.Native/CLKARDCLK (clocked by clk_out1_system_clk_wiz_0_0) and system_i/microblaze_0/U0/MicroBlaze_Core_I/Performance.Core/Data_Flow_I/Barrel_Shifter_I/Use_HW_BS.Using_BitField.mem_mask0_reg[17]/CE (clocked by clk_out1_system_clk_wiz_0_0). Large setup violations at the end of those stages might be difficult to fix during the post-placement implementation flow and could be the result of non-optimal XDC constraints or non-optimal design architecture
Related violations: <none>

TIMING-16#896 Warning
Large setup violation  
There is a large setup violation of -2.261 ns between system_i/microblaze_0/U0/MicroBlaze_Core_I/Performance.Core/Using_DCache.Using_WriteBack.DCache_wb_I1/TAG_RAM_Module/Not_Using_XPM.Using_B36_S36.The_BRAMs[0].RAMB36_I1/Using_FPGA.Native/CLKARDCLK (clocked by clk_out1_system_clk_wiz_0_0) and system_i/microblaze_0/U0/MicroBlaze_Core_I/Performance.Core/Data_Flow_I/Barrel_Shifter_I/Use_HW_BS.Using_BitField.mem_mask0_reg[31]/CE (clocked by clk_out1_system_clk_wiz_0_0). Large setup violations at the end of those stages might be difficult to fix during the post-placement implementation flow and could be the result of non-optimal XDC constraints or non-optimal design architecture
Related violations: <none>

TIMING-16#897 Warning
Large setup violation  
There is a large setup violation of -2.266 ns between system_i/microblaze_0/U0/MicroBlaze_Core_I/Performance.Core/Using_DCache.Using_WriteBack.DCache_wb_I1/TAG_RAM_Module/Not_Using_XPM.Using_B36_S36.The_BRAMs[0].RAMB36_I1/Using_FPGA.Native/CLKARDCLK (clocked by clk_out1_system_clk_wiz_0_0) and system_i/microblaze_0/U0/MicroBlaze_Core_I/Performance.Core/Data_Flow_I/Data_Flow_Logic_I/Gen_Bits[11].MEM_EX_Result_Inst/Using_FPGA.Native/CE (clocked by clk_out1_system_clk_wiz_0_0). Large setup violations at the end of those stages might be difficult to fix during the post-placement implementation flow and could be the result of non-optimal XDC constraints or non-optimal design architecture
Related violations: <none>

TIMING-16#898 Warning
Large setup violation  
There is a large setup violation of -2.266 ns between system_i/microblaze_0/U0/MicroBlaze_Core_I/Performance.Core/Using_DCache.Using_WriteBack.DCache_wb_I1/TAG_RAM_Module/Not_Using_XPM.Using_B36_S36.The_BRAMs[0].RAMB36_I1/Using_FPGA.Native/CLKARDCLK (clocked by clk_out1_system_clk_wiz_0_0) and system_i/microblaze_0/U0/MicroBlaze_Core_I/Performance.Core/Data_Flow_I/Data_Flow_Logic_I/Gen_Bits[13].MEM_EX_Result_Inst/Using_FPGA.Native/CE (clocked by clk_out1_system_clk_wiz_0_0). Large setup violations at the end of those stages might be difficult to fix during the post-placement implementation flow and could be the result of non-optimal XDC constraints or non-optimal design architecture
Related violations: <none>

TIMING-16#899 Warning
Large setup violation  
There is a large setup violation of -2.266 ns between system_i/microblaze_0/U0/MicroBlaze_Core_I/Performance.Core/Using_DCache.Using_WriteBack.DCache_wb_I1/TAG_RAM_Module/Not_Using_XPM.Using_B36_S36.The_BRAMs[0].RAMB36_I1/Using_FPGA.Native/CLKARDCLK (clocked by clk_out1_system_clk_wiz_0_0) and system_i/microblaze_0/U0/MicroBlaze_Core_I/Performance.Core/Data_Flow_I/Data_Flow_Logic_I/Gen_Bits[14].MEM_EX_Result_Inst/Using_FPGA.Native/CE (clocked by clk_out1_system_clk_wiz_0_0). Large setup violations at the end of those stages might be difficult to fix during the post-placement implementation flow and could be the result of non-optimal XDC constraints or non-optimal design architecture
Related violations: <none>

TIMING-16#900 Warning
Large setup violation  
There is a large setup violation of -2.266 ns between system_i/microblaze_0/U0/MicroBlaze_Core_I/Performance.Core/Using_DCache.Using_WriteBack.DCache_wb_I1/TAG_RAM_Module/Not_Using_XPM.Using_B36_S36.The_BRAMs[0].RAMB36_I1/Using_FPGA.Native/CLKARDCLK (clocked by clk_out1_system_clk_wiz_0_0) and system_i/microblaze_0/U0/MicroBlaze_Core_I/Performance.Core/Data_Flow_I/Data_Flow_Logic_I/Gen_Bits[16].MEM_EX_Result_Inst/Using_FPGA.Native/CE (clocked by clk_out1_system_clk_wiz_0_0). Large setup violations at the end of those stages might be difficult to fix during the post-placement implementation flow and could be the result of non-optimal XDC constraints or non-optimal design architecture
Related violations: <none>

TIMING-16#901 Warning
Large setup violation  
There is a large setup violation of -2.266 ns between system_i/microblaze_0/U0/MicroBlaze_Core_I/Performance.Core/Using_DCache.Using_WriteBack.DCache_wb_I1/TAG_RAM_Module/Not_Using_XPM.Using_B36_S36.The_BRAMs[0].RAMB36_I1/Using_FPGA.Native/CLKARDCLK (clocked by clk_out1_system_clk_wiz_0_0) and system_i/microblaze_0/U0/MicroBlaze_Core_I/Performance.Core/Data_Flow_I/Data_Flow_Logic_I/Gen_Bits[20].MEM_EX_Result_Inst/Using_FPGA.Native/CE (clocked by clk_out1_system_clk_wiz_0_0). Large setup violations at the end of those stages might be difficult to fix during the post-placement implementation flow and could be the result of non-optimal XDC constraints or non-optimal design architecture
Related violations: <none>

TIMING-16#902 Warning
Large setup violation  
There is a large setup violation of -2.266 ns between system_i/microblaze_0/U0/MicroBlaze_Core_I/Performance.Core/Using_DCache.Using_WriteBack.DCache_wb_I1/TAG_RAM_Module/Not_Using_XPM.Using_B36_S36.The_BRAMs[0].RAMB36_I1/Using_FPGA.Native/CLKARDCLK (clocked by clk_out1_system_clk_wiz_0_0) and system_i/microblaze_0/U0/MicroBlaze_Core_I/Performance.Core/Data_Flow_I/Data_Flow_Logic_I/Gen_Bits[2].MEM_EX_Result_Inst/Using_FPGA.Native/CE (clocked by clk_out1_system_clk_wiz_0_0). Large setup violations at the end of those stages might be difficult to fix during the post-placement implementation flow and could be the result of non-optimal XDC constraints or non-optimal design architecture
Related violations: <none>

TIMING-16#903 Warning
Large setup violation  
There is a large setup violation of -2.266 ns between system_i/microblaze_0/U0/MicroBlaze_Core_I/Performance.Core/Using_DCache.Using_WriteBack.DCache_wb_I1/TAG_RAM_Module/Not_Using_XPM.Using_B36_S36.The_BRAMs[0].RAMB36_I1/Using_FPGA.Native/CLKARDCLK (clocked by clk_out1_system_clk_wiz_0_0) and system_i/microblaze_0/U0/MicroBlaze_Core_I/Performance.Core/Data_Flow_I/Data_Flow_Logic_I/Gen_Bits[3].MEM_EX_Result_Inst/Using_FPGA.Native/CE (clocked by clk_out1_system_clk_wiz_0_0). Large setup violations at the end of those stages might be difficult to fix during the post-placement implementation flow and could be the result of non-optimal XDC constraints or non-optimal design architecture
Related violations: <none>

TIMING-16#904 Warning
Large setup violation  
There is a large setup violation of -2.266 ns between system_i/microblaze_0/U0/MicroBlaze_Core_I/Performance.Core/Using_DCache.Using_WriteBack.DCache_wb_I1/TAG_RAM_Module/Not_Using_XPM.Using_B36_S36.The_BRAMs[0].RAMB36_I1/Using_FPGA.Native/CLKARDCLK (clocked by clk_out1_system_clk_wiz_0_0) and system_i/microblaze_0/U0/MicroBlaze_Core_I/Performance.Core/Data_Flow_I/Data_Flow_Logic_I/Gen_Bits[9].MEM_EX_Result_Inst/Using_FPGA.Native/CE (clocked by clk_out1_system_clk_wiz_0_0). Large setup violations at the end of those stages might be difficult to fix during the post-placement implementation flow and could be the result of non-optimal XDC constraints or non-optimal design architecture
Related violations: <none>

TIMING-16#905 Warning
Large setup violation  
There is a large setup violation of -2.271 ns between system_i/microblaze_0/U0/MicroBlaze_Core_I/Performance.Core/Using_DCache.Using_WriteBack.DCache_wb_I1/TAG_RAM_Module/Not_Using_XPM.Using_B36_S36.The_BRAMs[0].RAMB36_I1/Using_FPGA.Native/CLKARDCLK (clocked by clk_out1_system_clk_wiz_0_0) and system_i/microblaze_0/U0/MicroBlaze_Core_I/Performance.Core/Decode_I/PC_Module_I/Instruction_Prefetch_Mux[9].Gen_Instr_DFF/Using_FPGA.Native/D (clocked by clk_out1_system_clk_wiz_0_0). Large setup violations at the end of those stages might be difficult to fix during the post-placement implementation flow and could be the result of non-optimal XDC constraints or non-optimal design architecture
Related violations: <none>

TIMING-16#906 Warning
Large setup violation  
There is a large setup violation of -2.273 ns between system_i/microblaze_0/U0/MicroBlaze_Core_I/Performance.Core/Data_Flow_I/Operand_Select_I/EX_Op1_reg[29]/C (clocked by clk_out1_system_clk_wiz_0_0) and system_i/microblaze_0/U0/MicroBlaze_Core_I/Performance.Core/Data_Flow_I/Operand_Select_I/EX_Branch_CMP_Op1_reg[9]/D (clocked by clk_out1_system_clk_wiz_0_0). Large setup violations at the end of those stages might be difficult to fix during the post-placement implementation flow and could be the result of non-optimal XDC constraints or non-optimal design architecture
Related violations: <none>

TIMING-16#907 Warning
Large setup violation  
There is a large setup violation of -2.273 ns between system_i/microblaze_0/U0/MicroBlaze_Core_I/Performance.Core/Using_DCache.Using_WriteBack.DCache_wb_I1/TAG_RAM_Module/Not_Using_XPM.Using_B36_S36.The_BRAMs[0].RAMB36_I1/Using_FPGA.Native/CLKARDCLK (clocked by clk_out1_system_clk_wiz_0_0) and system_i/microblaze_0/U0/MicroBlaze_Core_I/Performance.Core/Data_Flow_I/Barrel_Shifter_I/Use_HW_BS.Using_BitField.mem_mask1_reg[16]/CE (clocked by clk_out1_system_clk_wiz_0_0). Large setup violations at the end of those stages might be difficult to fix during the post-placement implementation flow and could be the result of non-optimal XDC constraints or non-optimal design architecture
Related violations: <none>

TIMING-16#908 Warning
Large setup violation  
There is a large setup violation of -2.273 ns between system_i/microblaze_0/U0/MicroBlaze_Core_I/Performance.Core/Using_DCache.Using_WriteBack.DCache_wb_I1/TAG_RAM_Module/Not_Using_XPM.Using_B36_S36.The_BRAMs[0].RAMB36_I1/Using_FPGA.Native/CLKARDCLK (clocked by clk_out1_system_clk_wiz_0_0) and system_i/microblaze_0/U0/MicroBlaze_Core_I/Performance.Core/Data_Flow_I/Barrel_Shifter_I/Use_HW_BS.Using_BitField.mem_mask1_reg[19]/CE (clocked by clk_out1_system_clk_wiz_0_0). Large setup violations at the end of those stages might be difficult to fix during the post-placement implementation flow and could be the result of non-optimal XDC constraints or non-optimal design architecture
Related violations: <none>

TIMING-16#909 Warning
Large setup violation  
There is a large setup violation of -2.275 ns between system_i/microblaze_0/U0/MicroBlaze_Core_I/Performance.Core/Using_DCache.Using_WriteBack.DCache_wb_I1/TAG_RAM_Module/Not_Using_XPM.Using_B36_S36.The_BRAMs[0].RAMB36_I1/Using_FPGA.Native/CLKARDCLK (clocked by clk_out1_system_clk_wiz_0_0) and system_i/microblaze_0/U0/MicroBlaze_Core_I/Performance.Core/Data_Flow_I/Barrel_Shifter_I/Use_HW_BS.Using_BitField.Gen_Bits[6].mem_Rd_reg[6]/CE (clocked by clk_out1_system_clk_wiz_0_0). Large setup violations at the end of those stages might be difficult to fix during the post-placement implementation flow and could be the result of non-optimal XDC constraints or non-optimal design architecture
Related violations: <none>

TIMING-16#910 Warning
Large setup violation  
There is a large setup violation of -2.275 ns between system_i/microblaze_0/U0/MicroBlaze_Core_I/Performance.Core/Using_DCache.Using_WriteBack.DCache_wb_I1/TAG_RAM_Module/Not_Using_XPM.Using_B36_S36.The_BRAMs[0].RAMB36_I1/Using_FPGA.Native/CLKARDCLK (clocked by clk_out1_system_clk_wiz_0_0) and system_i/microblaze_0/U0/MicroBlaze_Core_I/Performance.Core/Decode_I/MEM_DataBus_Addr_reg[23]/CE (clocked by clk_out1_system_clk_wiz_0_0). Large setup violations at the end of those stages might be difficult to fix during the post-placement implementation flow and could be the result of non-optimal XDC constraints or non-optimal design architecture
Related violations: <none>

TIMING-16#911 Warning
Large setup violation  
There is a large setup violation of -2.277 ns between system_i/microblaze_0/U0/MicroBlaze_Core_I/Performance.Core/Using_DCache.Using_WriteBack.DCache_wb_I1/TAG_RAM_Module/Not_Using_XPM.Using_B36_S36.The_BRAMs[0].RAMB36_I1/Using_FPGA.Native/CLKARDCLK (clocked by clk_out1_system_clk_wiz_0_0) and system_i/microblaze_0/U0/MicroBlaze_Core_I/Performance.Core/Data_Flow_I/Operand_Select_I/EX_Branch_CMP_Op1_reg[14]/CE (clocked by clk_out1_system_clk_wiz_0_0). Large setup violations at the end of those stages might be difficult to fix during the post-placement implementation flow and could be the result of non-optimal XDC constraints or non-optimal design architecture
Related violations: <none>

TIMING-16#912 Warning
Large setup violation  
There is a large setup violation of -2.277 ns between system_i/microblaze_0/U0/MicroBlaze_Core_I/Performance.Core/Using_DCache.Using_WriteBack.DCache_wb_I1/TAG_RAM_Module/Not_Using_XPM.Using_B36_S36.The_BRAMs[0].RAMB36_I1/Using_FPGA.Native/CLKARDCLK (clocked by clk_out1_system_clk_wiz_0_0) and system_i/microblaze_0/U0/MicroBlaze_Core_I/Performance.Core/Data_Flow_I/Operand_Select_I/EX_Op3_reg[23]/CE (clocked by clk_out1_system_clk_wiz_0_0). Large setup violations at the end of those stages might be difficult to fix during the post-placement implementation flow and could be the result of non-optimal XDC constraints or non-optimal design architecture
Related violations: <none>

TIMING-16#913 Warning
Large setup violation  
There is a large setup violation of -2.277 ns between system_i/microblaze_0/U0/MicroBlaze_Core_I/Performance.Core/Using_DCache.Using_WriteBack.DCache_wb_I1/TAG_RAM_Module/Not_Using_XPM.Using_B36_S36.The_BRAMs[0].RAMB36_I1/Using_FPGA.Native/CLKARDCLK (clocked by clk_out1_system_clk_wiz_0_0) and system_i/microblaze_0/U0/MicroBlaze_Core_I/Performance.Core/Decode_I/EX_SWAP_BYTE_Instr_reg/CE (clocked by clk_out1_system_clk_wiz_0_0). Large setup violations at the end of those stages might be difficult to fix during the post-placement implementation flow and could be the result of non-optimal XDC constraints or non-optimal design architecture
Related violations: <none>

TIMING-16#914 Warning
Large setup violation  
There is a large setup violation of -2.278 ns between system_i/microblaze_0/U0/MicroBlaze_Core_I/Performance.Core/Data_Flow_I/Using_Stack_Protection.stack_protection_I/shr_reg_reg[21]/C (clocked by clk_out1_system_clk_wiz_0_0) and system_i/microblaze_0/U0/MicroBlaze_Core_I/Performance.Core/Data_Flow_I/exception_registers_I1/Use_LUT6.mem_BTR_reg[12]/D (clocked by clk_out1_system_clk_wiz_0_0). Large setup violations at the end of those stages might be difficult to fix during the post-placement implementation flow and could be the result of non-optimal XDC constraints or non-optimal design architecture
Related violations: <none>

TIMING-16#915 Warning
Large setup violation  
There is a large setup violation of -2.282 ns between system_i/microblaze_0/U0/MicroBlaze_Core_I/Performance.Core/Using_DCache.Using_WriteBack.DCache_wb_I1/TAG_RAM_Module/Not_Using_XPM.Using_B36_S36.The_BRAMs[0].RAMB36_I1/Using_FPGA.Native/CLKARDCLK (clocked by clk_out1_system_clk_wiz_0_0) and system_i/microblaze_0/U0/MicroBlaze_Core_I/Performance.Core/Data_Flow_I/Operand_Select_I/EX_Op1_reg[10]/CE (clocked by clk_out1_system_clk_wiz_0_0). Large setup violations at the end of those stages might be difficult to fix during the post-placement implementation flow and could be the result of non-optimal XDC constraints or non-optimal design architecture
Related violations: <none>

TIMING-16#916 Warning
Large setup violation  
There is a large setup violation of -2.282 ns between system_i/microblaze_0/U0/MicroBlaze_Core_I/Performance.Core/Using_DCache.Using_WriteBack.DCache_wb_I1/TAG_RAM_Module/Not_Using_XPM.Using_B36_S36.The_BRAMs[0].RAMB36_I1/Using_FPGA.Native/CLKARDCLK (clocked by clk_out1_system_clk_wiz_0_0) and system_i/microblaze_0/U0/MicroBlaze_Core_I/Performance.Core/Decode_I/PC_Module_I/Instruction_Prefetch_Mux[15].Gen_Instr_DFF/Using_FPGA.Native/D (clocked by clk_out1_system_clk_wiz_0_0). Large setup violations at the end of those stages might be difficult to fix during the post-placement implementation flow and could be the result of non-optimal XDC constraints or non-optimal design architecture
Related violations: <none>

TIMING-16#917 Warning
Large setup violation  
There is a large setup violation of -2.286 ns between system_i/microblaze_0/U0/MicroBlaze_Core_I/Performance.Core/Using_DCache.Using_WriteBack.DCache_wb_I1/Using_Perf_4.WB_DCache_Valid_Read_data_reg[1]/C (clocked by clk_out1_system_clk_wiz_0_0) and system_i/microblaze_0/U0/MicroBlaze_Core_I/Performance.Core/Data_Flow_I/Operand_Select_I/EX_Branch_CMP_Op1_reg[25]/D (clocked by clk_out1_system_clk_wiz_0_0). Large setup violations at the end of those stages might be difficult to fix during the post-placement implementation flow and could be the result of non-optimal XDC constraints or non-optimal design architecture
Related violations: <none>

TIMING-16#918 Warning
Large setup violation  
There is a large setup violation of -2.288 ns between system_i/microblaze_0/U0/MicroBlaze_Core_I/Performance.Core/Using_DCache.Using_WriteBack.DCache_wb_I1/TAG_RAM_Module/Not_Using_XPM.Using_B36_S36.The_BRAMs[0].RAMB36_I1/Using_FPGA.Native/CLKARDCLK (clocked by clk_out1_system_clk_wiz_0_0) and system_i/microblaze_0/U0/MicroBlaze_Core_I/Performance.Core/Decode_I/PC_Module_I/Instruction_Prefetch_Mux[17].Gen_Instr_DFF/Using_FPGA.Native/D (clocked by clk_out1_system_clk_wiz_0_0). Large setup violations at the end of those stages might be difficult to fix during the post-placement implementation flow and could be the result of non-optimal XDC constraints or non-optimal design architecture
Related violations: <none>

TIMING-16#919 Warning
Large setup violation  
There is a large setup violation of -2.289 ns between system_i/microblaze_0/U0/MicroBlaze_Core_I/Performance.Core/Use_DBUS.DAXI_Interface_I1/WB_DAXI_Data_Strobe_reg/C (clocked by clk_out1_system_clk_wiz_0_0) and system_i/microblaze_0/U0/MicroBlaze_Core_I/Performance.Core/Data_Flow_I/Operand_Select_I/EX_Branch_CMP_Op1_reg[6]/D (clocked by clk_out1_system_clk_wiz_0_0). Large setup violations at the end of those stages might be difficult to fix during the post-placement implementation flow and could be the result of non-optimal XDC constraints or non-optimal design architecture
Related violations: <none>

TIMING-16#920 Warning
Large setup violation  
There is a large setup violation of -2.290 ns between system_i/microblaze_0/U0/MicroBlaze_Core_I/Performance.Core/Using_DCache.Using_WriteBack.DCache_wb_I1/Using_Perf_4.WB_DCache_Valid_Read_data_reg[12]/C (clocked by clk_out1_system_clk_wiz_0_0) and system_i/microblaze_0/U0/MicroBlaze_Core_I/Performance.Core/Data_Flow_I/Operand_Select_I/EX_Branch_CMP_Op1_reg[20]/D (clocked by clk_out1_system_clk_wiz_0_0). Large setup violations at the end of those stages might be difficult to fix during the post-placement implementation flow and could be the result of non-optimal XDC constraints or non-optimal design architecture
Related violations: <none>

TIMING-16#921 Warning
Large setup violation  
There is a large setup violation of -2.293 ns between system_i/microblaze_0/U0/MicroBlaze_Core_I/Performance.Core/Using_DCache.Using_WriteBack.DCache_wb_I1/TAG_RAM_Module/Not_Using_XPM.Using_B36_S36.The_BRAMs[0].RAMB36_I1/Using_FPGA.Native/CLKARDCLK (clocked by clk_out1_system_clk_wiz_0_0) and system_i/microblaze_0/U0/MicroBlaze_Core_I/Performance.Core/Data_Flow_I/Operand_Select_I/EX_Op3_reg[14]/CE (clocked by clk_out1_system_clk_wiz_0_0). Large setup violations at the end of those stages might be difficult to fix during the post-placement implementation flow and could be the result of non-optimal XDC constraints or non-optimal design architecture
Related violations: <none>

TIMING-16#922 Warning
Large setup violation  
There is a large setup violation of -2.293 ns between system_i/microblaze_0/U0/MicroBlaze_Core_I/Performance.Core/Using_DCache.Using_WriteBack.DCache_wb_I1/TAG_RAM_Module/Not_Using_XPM.Using_B36_S36.The_BRAMs[0].RAMB36_I1/Using_FPGA.Native/CLKARDCLK (clocked by clk_out1_system_clk_wiz_0_0) and system_i/microblaze_0/U0/MicroBlaze_Core_I/Performance.Core/Data_Flow_I/Operand_Select_I/EX_Op3_reg[25]/CE (clocked by clk_out1_system_clk_wiz_0_0). Large setup violations at the end of those stages might be difficult to fix during the post-placement implementation flow and could be the result of non-optimal XDC constraints or non-optimal design architecture
Related violations: <none>

TIMING-16#923 Warning
Large setup violation  
There is a large setup violation of -2.293 ns between system_i/microblaze_0/U0/MicroBlaze_Core_I/Performance.Core/Using_DCache.Using_WriteBack.DCache_wb_I1/TAG_RAM_Module/Not_Using_XPM.Using_B36_S36.The_BRAMs[0].RAMB36_I1/Using_FPGA.Native/CLKARDCLK (clocked by clk_out1_system_clk_wiz_0_0) and system_i/microblaze_0/U0/MicroBlaze_Core_I/Performance.Core/Data_Flow_I/Operand_Select_I/EX_Op3_reg[3]/CE (clocked by clk_out1_system_clk_wiz_0_0). Large setup violations at the end of those stages might be difficult to fix during the post-placement implementation flow and could be the result of non-optimal XDC constraints or non-optimal design architecture
Related violations: <none>

TIMING-16#924 Warning
Large setup violation  
There is a large setup violation of -2.293 ns between system_i/microblaze_0/U0/MicroBlaze_Core_I/Performance.Core/Using_DCache.Using_WriteBack.DCache_wb_I1/TAG_RAM_Module/Not_Using_XPM.Using_B36_S36.The_BRAMs[0].RAMB36_I1/Using_FPGA.Native/CLKARDCLK (clocked by clk_out1_system_clk_wiz_0_0) and system_i/microblaze_0/U0/MicroBlaze_Core_I/Performance.Core/Data_Flow_I/Operand_Select_I/EX_Op3_reg[8]/CE (clocked by clk_out1_system_clk_wiz_0_0). Large setup violations at the end of those stages might be difficult to fix during the post-placement implementation flow and could be the result of non-optimal XDC constraints or non-optimal design architecture
Related violations: <none>

TIMING-16#925 Warning
Large setup violation  
There is a large setup violation of -2.295 ns between system_i/microblaze_0/U0/MicroBlaze_Core_I/Performance.Core/Use_DBUS.DAXI_Interface_I1/WB_DAXI_Data_Strobe_reg/C (clocked by clk_out1_system_clk_wiz_0_0) and system_i/microblaze_0/U0/MicroBlaze_Core_I/Performance.Core/Data_Flow_I/Operand_Select_I/EX_Branch_CMP_Op1_reg[31]/D (clocked by clk_out1_system_clk_wiz_0_0). Large setup violations at the end of those stages might be difficult to fix during the post-placement implementation flow and could be the result of non-optimal XDC constraints or non-optimal design architecture
Related violations: <none>

TIMING-16#926 Warning
Large setup violation  
There is a large setup violation of -2.296 ns between system_i/microblaze_0/U0/MicroBlaze_Core_I/Performance.Core/Using_DCache.Using_WriteBack.DCache_wb_I1/TAG_RAM_Module/Not_Using_XPM.Using_B36_S36.The_BRAMs[0].RAMB36_I1/Using_FPGA.Native/CLKARDCLK (clocked by clk_out1_system_clk_wiz_0_0) and system_i/microblaze_0/U0/MicroBlaze_Core_I/Performance.Core/Data_Flow_I/Operand_Select_I/EX_Op1_reg[1]/CE (clocked by clk_out1_system_clk_wiz_0_0). Large setup violations at the end of those stages might be difficult to fix during the post-placement implementation flow and could be the result of non-optimal XDC constraints or non-optimal design architecture
Related violations: <none>

TIMING-16#927 Warning
Large setup violation  
There is a large setup violation of -2.296 ns between system_i/microblaze_0/U0/MicroBlaze_Core_I/Performance.Core/Using_DCache.Using_WriteBack.DCache_wb_I1/TAG_RAM_Module/Not_Using_XPM.Using_B36_S36.The_BRAMs[0].RAMB36_I1/Using_FPGA.Native/CLKARDCLK (clocked by clk_out1_system_clk_wiz_0_0) and system_i/microblaze_0/U0/MicroBlaze_Core_I/Performance.Core/Data_Flow_I/Operand_Select_I/EX_Op1_reg[23]/CE (clocked by clk_out1_system_clk_wiz_0_0). Large setup violations at the end of those stages might be difficult to fix during the post-placement implementation flow and could be the result of non-optimal XDC constraints or non-optimal design architecture
Related violations: <none>

TIMING-16#928 Warning
Large setup violation  
There is a large setup violation of -2.304 ns between system_i/microblaze_0/U0/MicroBlaze_Core_I/Performance.Core/Using_DCache.Using_WriteBack.DCache_wb_I1/TAG_RAM_Module/Not_Using_XPM.Using_B36_S36.The_BRAMs[0].RAMB36_I1/Using_FPGA.Native/CLKARDCLK (clocked by clk_out1_system_clk_wiz_0_0) and system_i/microblaze_0/U0/MicroBlaze_Core_I/Performance.Core/Decode_I/PC_Module_I/Instruction_Prefetch_Mux[24].Gen_Instr_DFF/Using_FPGA.Native/D (clocked by clk_out1_system_clk_wiz_0_0). Large setup violations at the end of those stages might be difficult to fix during the post-placement implementation flow and could be the result of non-optimal XDC constraints or non-optimal design architecture
Related violations: <none>

TIMING-16#929 Warning
Large setup violation  
There is a large setup violation of -2.307 ns between system_i/microblaze_0/U0/MicroBlaze_Core_I/Performance.Core/Using_DCache.Using_WriteBack.DCache_wb_I1/TAG_RAM_Module/Not_Using_XPM.Using_B36_S36.The_BRAMs[0].RAMB36_I1/Using_FPGA.Native/CLKARDCLK (clocked by clk_out1_system_clk_wiz_0_0) and system_i/microblaze_0/U0/MicroBlaze_Core_I/Performance.Core/Data_Flow_I/Operand_Select_I/EX_Op1_reg[2]/CE (clocked by clk_out1_system_clk_wiz_0_0). Large setup violations at the end of those stages might be difficult to fix during the post-placement implementation flow and could be the result of non-optimal XDC constraints or non-optimal design architecture
Related violations: <none>

TIMING-16#930 Warning
Large setup violation  
There is a large setup violation of -2.307 ns between system_i/microblaze_0/U0/MicroBlaze_Core_I/Performance.Core/Using_DCache.Using_WriteBack.DCache_wb_I1/TAG_RAM_Module/Not_Using_XPM.Using_B36_S36.The_BRAMs[0].RAMB36_I1/Using_FPGA.Native/CLKARDCLK (clocked by clk_out1_system_clk_wiz_0_0) and system_i/microblaze_0/U0/MicroBlaze_Core_I/Performance.Core/Data_Flow_I/Operand_Select_I/EX_Op2_reg[11]/CE (clocked by clk_out1_system_clk_wiz_0_0). Large setup violations at the end of those stages might be difficult to fix during the post-placement implementation flow and could be the result of non-optimal XDC constraints or non-optimal design architecture
Related violations: <none>

TIMING-16#931 Warning
Large setup violation  
There is a large setup violation of -2.307 ns between system_i/microblaze_0/U0/MicroBlaze_Core_I/Performance.Core/Using_DCache.Using_WriteBack.DCache_wb_I1/TAG_RAM_Module/Not_Using_XPM.Using_B36_S36.The_BRAMs[0].RAMB36_I1/Using_FPGA.Native/CLKARDCLK (clocked by clk_out1_system_clk_wiz_0_0) and system_i/microblaze_0/U0/MicroBlaze_Core_I/Performance.Core/Data_Flow_I/Operand_Select_I/EX_Op2_reg[6]/CE (clocked by clk_out1_system_clk_wiz_0_0). Large setup violations at the end of those stages might be difficult to fix during the post-placement implementation flow and could be the result of non-optimal XDC constraints or non-optimal design architecture
Related violations: <none>

TIMING-16#932 Warning
Large setup violation  
There is a large setup violation of -2.331 ns between system_i/microblaze_0/U0/MicroBlaze_Core_I/Performance.Core/Use_DBUS.DAXI_Interface_I1/WB_DAXI_Data_Strobe_reg/C (clocked by clk_out1_system_clk_wiz_0_0) and system_i/microblaze_0/U0/MicroBlaze_Core_I/Performance.Core/Data_Flow_I/Operand_Select_I/EX_Branch_CMP_Op1_reg[27]/D (clocked by clk_out1_system_clk_wiz_0_0). Large setup violations at the end of those stages might be difficult to fix during the post-placement implementation flow and could be the result of non-optimal XDC constraints or non-optimal design architecture
Related violations: <none>

TIMING-16#933 Warning
Large setup violation  
There is a large setup violation of -2.331 ns between system_i/microblaze_0/U0/MicroBlaze_Core_I/Performance.Core/Using_DCache.Using_WriteBack.DCache_wb_I1/TAG_RAM_Module/Not_Using_XPM.Using_B36_S36.The_BRAMs[0].RAMB36_I1/Using_FPGA.Native/CLKARDCLK (clocked by clk_out1_system_clk_wiz_0_0) and system_i/microblaze_0/U0/MicroBlaze_Core_I/Performance.Core/Data_Flow_I/Operand_Select_I/EX_Op1_reg[14]/CE (clocked by clk_out1_system_clk_wiz_0_0). Large setup violations at the end of those stages might be difficult to fix during the post-placement implementation flow and could be the result of non-optimal XDC constraints or non-optimal design architecture
Related violations: <none>

TIMING-16#934 Warning
Large setup violation  
There is a large setup violation of -2.336 ns between system_i/microblaze_0/U0/MicroBlaze_Core_I/Performance.Core/Using_DCache.Using_WriteBack.DCache_wb_I1/TAG_RAM_Module/Not_Using_XPM.Using_B36_S36.The_BRAMs[0].RAMB36_I1/Using_FPGA.Native/CLKARDCLK (clocked by clk_out1_system_clk_wiz_0_0) and system_i/microblaze_0/U0/MicroBlaze_Core_I/Performance.Core/Data_Flow_I/Byte_Doublet_Handle_gti_I/MEM_DataBus_Write_Data_reg[12]/CE (clocked by clk_out1_system_clk_wiz_0_0). Large setup violations at the end of those stages might be difficult to fix during the post-placement implementation flow and could be the result of non-optimal XDC constraints or non-optimal design architecture
Related violations: <none>

TIMING-16#935 Warning
Large setup violation  
There is a large setup violation of -2.340 ns between system_i/microblaze_0/U0/MicroBlaze_Core_I/Performance.Core/Using_DCache.Using_WriteBack.DCache_wb_I1/TAG_RAM_Module/Not_Using_XPM.Using_B36_S36.The_BRAMs[0].RAMB36_I1/Using_FPGA.Native/CLKARDCLK (clocked by clk_out1_system_clk_wiz_0_0) and system_i/microblaze_0/U0/MicroBlaze_Core_I/Performance.Core/Data_Flow_I/Operand_Select_I/EX_Op1_reg[19]/CE (clocked by clk_out1_system_clk_wiz_0_0). Large setup violations at the end of those stages might be difficult to fix during the post-placement implementation flow and could be the result of non-optimal XDC constraints or non-optimal design architecture
Related violations: <none>

TIMING-16#936 Warning
Large setup violation  
There is a large setup violation of -2.340 ns between system_i/microblaze_0/U0/MicroBlaze_Core_I/Performance.Core/Using_DCache.Using_WriteBack.DCache_wb_I1/TAG_RAM_Module/Not_Using_XPM.Using_B36_S36.The_BRAMs[0].RAMB36_I1/Using_FPGA.Native/CLKARDCLK (clocked by clk_out1_system_clk_wiz_0_0) and system_i/microblaze_0/U0/MicroBlaze_Core_I/Performance.Core/Data_Flow_I/Operand_Select_I/EX_Op1_reg[9]/CE (clocked by clk_out1_system_clk_wiz_0_0). Large setup violations at the end of those stages might be difficult to fix during the post-placement implementation flow and could be the result of non-optimal XDC constraints or non-optimal design architecture
Related violations: <none>

TIMING-16#937 Warning
Large setup violation  
There is a large setup violation of -2.343 ns between system_i/microblaze_0/U0/MicroBlaze_Core_I/Performance.Core/Using_DCache.Using_WriteBack.DCache_wb_I1/TAG_RAM_Module/Not_Using_XPM.Using_B36_S36.The_BRAMs[0].RAMB36_I1/Using_FPGA.Native/CLKARDCLK (clocked by clk_out1_system_clk_wiz_0_0) and system_i/microblaze_0/U0/MicroBlaze_Core_I/Performance.Core/Data_Flow_I/Byte_Doublet_Handle_gti_I/MEM_DataBus_Write_Data_reg[0]/CE (clocked by clk_out1_system_clk_wiz_0_0). Large setup violations at the end of those stages might be difficult to fix during the post-placement implementation flow and could be the result of non-optimal XDC constraints or non-optimal design architecture
Related violations: <none>

TIMING-16#938 Warning
Large setup violation  
There is a large setup violation of -2.343 ns between system_i/microblaze_0/U0/MicroBlaze_Core_I/Performance.Core/Using_DCache.Using_WriteBack.DCache_wb_I1/TAG_RAM_Module/Not_Using_XPM.Using_B36_S36.The_BRAMs[0].RAMB36_I1/Using_FPGA.Native/CLKARDCLK (clocked by clk_out1_system_clk_wiz_0_0) and system_i/microblaze_0/U0/MicroBlaze_Core_I/Performance.Core/Data_Flow_I/Operand_Select_I/EX_Op2_reg[2]/CE (clocked by clk_out1_system_clk_wiz_0_0). Large setup violations at the end of those stages might be difficult to fix during the post-placement implementation flow and could be the result of non-optimal XDC constraints or non-optimal design architecture
Related violations: <none>

TIMING-16#939 Warning
Large setup violation  
There is a large setup violation of -2.343 ns between system_i/microblaze_0/U0/MicroBlaze_Core_I/Performance.Core/Using_DCache.Using_WriteBack.DCache_wb_I1/TAG_RAM_Module/Not_Using_XPM.Using_B36_S36.The_BRAMs[0].RAMB36_I1/Using_FPGA.Native/CLKARDCLK (clocked by clk_out1_system_clk_wiz_0_0) and system_i/microblaze_0/U0/MicroBlaze_Core_I/Performance.Core/Data_Flow_I/Operand_Select_I/EX_Op2_reg[8]/CE (clocked by clk_out1_system_clk_wiz_0_0). Large setup violations at the end of those stages might be difficult to fix during the post-placement implementation flow and could be the result of non-optimal XDC constraints or non-optimal design architecture
Related violations: <none>

TIMING-16#940 Warning
Large setup violation  
There is a large setup violation of -2.343 ns between system_i/microblaze_0/U0/MicroBlaze_Core_I/Performance.Core/Using_DCache.Using_WriteBack.DCache_wb_I1/TAG_RAM_Module/Not_Using_XPM.Using_B36_S36.The_BRAMs[0].RAMB36_I1/Using_FPGA.Native/CLKARDCLK (clocked by clk_out1_system_clk_wiz_0_0) and system_i/microblaze_0/U0/MicroBlaze_Core_I/Performance.Core/Data_Flow_I/Operand_Select_I/EX_Op3_reg[5]/CE (clocked by clk_out1_system_clk_wiz_0_0). Large setup violations at the end of those stages might be difficult to fix during the post-placement implementation flow and could be the result of non-optimal XDC constraints or non-optimal design architecture
Related violations: <none>

TIMING-16#941 Warning
Large setup violation  
There is a large setup violation of -2.347 ns between system_i/microblaze_0/U0/MicroBlaze_Core_I/Performance.Core/Using_DCache.Using_WriteBack.DCache_wb_I1/TAG_RAM_Module/Not_Using_XPM.Using_B36_S36.The_BRAMs[0].RAMB36_I1/Using_FPGA.Native/CLKARDCLK (clocked by clk_out1_system_clk_wiz_0_0) and system_i/microblaze_0/U0/MicroBlaze_Core_I/Performance.Core/Data_Flow_I/Barrel_Shifter_I/Use_HW_BS.mem_mux3_reg[0]/CE (clocked by clk_out1_system_clk_wiz_0_0). Large setup violations at the end of those stages might be difficult to fix during the post-placement implementation flow and could be the result of non-optimal XDC constraints or non-optimal design architecture
Related violations: <none>

TIMING-16#942 Warning
Large setup violation  
There is a large setup violation of -2.347 ns between system_i/microblaze_0/U0/MicroBlaze_Core_I/Performance.Core/Using_DCache.Using_WriteBack.DCache_wb_I1/TAG_RAM_Module/Not_Using_XPM.Using_B36_S36.The_BRAMs[0].RAMB36_I1/Using_FPGA.Native/CLKARDCLK (clocked by clk_out1_system_clk_wiz_0_0) and system_i/microblaze_0/U0/MicroBlaze_Core_I/Performance.Core/Data_Flow_I/Barrel_Shifter_I/Use_HW_BS.mem_mux3_reg[10]/CE (clocked by clk_out1_system_clk_wiz_0_0). Large setup violations at the end of those stages might be difficult to fix during the post-placement implementation flow and could be the result of non-optimal XDC constraints or non-optimal design architecture
Related violations: <none>

TIMING-16#943 Warning
Large setup violation  
There is a large setup violation of -2.347 ns between system_i/microblaze_0/U0/MicroBlaze_Core_I/Performance.Core/Using_DCache.Using_WriteBack.DCache_wb_I1/TAG_RAM_Module/Not_Using_XPM.Using_B36_S36.The_BRAMs[0].RAMB36_I1/Using_FPGA.Native/CLKARDCLK (clocked by clk_out1_system_clk_wiz_0_0) and system_i/microblaze_0/U0/MicroBlaze_Core_I/Performance.Core/Data_Flow_I/Barrel_Shifter_I/Use_HW_BS.mem_mux3_reg[14]/CE (clocked by clk_out1_system_clk_wiz_0_0). Large setup violations at the end of those stages might be difficult to fix during the post-placement implementation flow and could be the result of non-optimal XDC constraints or non-optimal design architecture
Related violations: <none>

TIMING-16#944 Warning
Large setup violation  
There is a large setup violation of -2.347 ns between system_i/microblaze_0/U0/MicroBlaze_Core_I/Performance.Core/Using_DCache.Using_WriteBack.DCache_wb_I1/TAG_RAM_Module/Not_Using_XPM.Using_B36_S36.The_BRAMs[0].RAMB36_I1/Using_FPGA.Native/CLKARDCLK (clocked by clk_out1_system_clk_wiz_0_0) and system_i/microblaze_0/U0/MicroBlaze_Core_I/Performance.Core/Data_Flow_I/Barrel_Shifter_I/Use_HW_BS.mem_mux3_reg[30]/CE (clocked by clk_out1_system_clk_wiz_0_0). Large setup violations at the end of those stages might be difficult to fix during the post-placement implementation flow and could be the result of non-optimal XDC constraints or non-optimal design architecture
Related violations: <none>

TIMING-16#945 Warning
Large setup violation  
There is a large setup violation of -2.347 ns between system_i/microblaze_0/U0/MicroBlaze_Core_I/Performance.Core/Using_DCache.Using_WriteBack.DCache_wb_I1/TAG_RAM_Module/Not_Using_XPM.Using_B36_S36.The_BRAMs[0].RAMB36_I1/Using_FPGA.Native/CLKARDCLK (clocked by clk_out1_system_clk_wiz_0_0) and system_i/microblaze_0/U0/MicroBlaze_Core_I/Performance.Core/Data_Flow_I/Barrel_Shifter_I/Use_HW_BS.mem_void_bit_reg/CE (clocked by clk_out1_system_clk_wiz_0_0). Large setup violations at the end of those stages might be difficult to fix during the post-placement implementation flow and could be the result of non-optimal XDC constraints or non-optimal design architecture
Related violations: <none>

TIMING-16#946 Warning
Large setup violation  
There is a large setup violation of -2.351 ns between system_i/microblaze_0/U0/MicroBlaze_Core_I/Performance.Core/Using_DCache.Using_WriteBack.DCache_wb_I1/TAG_RAM_Module/Not_Using_XPM.Using_B36_S36.The_BRAMs[0].RAMB36_I1/Using_FPGA.Native/CLKARDCLK (clocked by clk_out1_system_clk_wiz_0_0) and system_i/microblaze_0/U0/MicroBlaze_Core_I/Performance.Core/Decode_I/PC_Module_I/Instruction_Prefetch_Mux[11].Gen_Instr_DFF/Using_FPGA.Native/D (clocked by clk_out1_system_clk_wiz_0_0). Large setup violations at the end of those stages might be difficult to fix during the post-placement implementation flow and could be the result of non-optimal XDC constraints or non-optimal design architecture
Related violations: <none>

TIMING-16#947 Warning
Large setup violation  
There is a large setup violation of -2.353 ns between system_i/microblaze_0/U0/MicroBlaze_Core_I/Performance.Core/Using_DCache.Using_WriteBack.DCache_wb_I1/TAG_RAM_Module/Not_Using_XPM.Using_B36_S36.The_BRAMs[0].RAMB36_I1/Using_FPGA.Native/CLKARDCLK (clocked by clk_out1_system_clk_wiz_0_0) and system_i/microblaze_0/U0/MicroBlaze_Core_I/Performance.Core/Data_Flow_I/Byte_Doublet_Handle_gti_I/MEM_DataBus_Write_Data_reg[6]/CE (clocked by clk_out1_system_clk_wiz_0_0). Large setup violations at the end of those stages might be difficult to fix during the post-placement implementation flow and could be the result of non-optimal XDC constraints or non-optimal design architecture
Related violations: <none>

TIMING-16#948 Warning
Large setup violation  
There is a large setup violation of -2.360 ns between system_i/microblaze_0/U0/MicroBlaze_Core_I/Performance.Core/Using_DCache.Using_WriteBack.DCache_wb_I1/TAG_RAM_Module/Not_Using_XPM.Using_B36_S36.The_BRAMs[0].RAMB36_I1/Using_FPGA.Native/CLKARDCLK (clocked by clk_out1_system_clk_wiz_0_0) and system_i/microblaze_0/U0/MicroBlaze_Core_I/Performance.Core/Data_Flow_I/Data_Flow_Logic_I/Gen_Bits[0].MEM_EX_Result_Inst/Using_FPGA.Native/CE (clocked by clk_out1_system_clk_wiz_0_0). Large setup violations at the end of those stages might be difficult to fix during the post-placement implementation flow and could be the result of non-optimal XDC constraints or non-optimal design architecture
Related violations: <none>

TIMING-16#949 Warning
Large setup violation  
There is a large setup violation of -2.360 ns between system_i/microblaze_0/U0/MicroBlaze_Core_I/Performance.Core/Using_DCache.Using_WriteBack.DCache_wb_I1/TAG_RAM_Module/Not_Using_XPM.Using_B36_S36.The_BRAMs[0].RAMB36_I1/Using_FPGA.Native/CLKARDCLK (clocked by clk_out1_system_clk_wiz_0_0) and system_i/microblaze_0/U0/MicroBlaze_Core_I/Performance.Core/Data_Flow_I/Data_Flow_Logic_I/Gen_Bits[26].MEM_EX_Result_Inst/Using_FPGA.Native/CE (clocked by clk_out1_system_clk_wiz_0_0). Large setup violations at the end of those stages might be difficult to fix during the post-placement implementation flow and could be the result of non-optimal XDC constraints or non-optimal design architecture
Related violations: <none>

TIMING-16#950 Warning
Large setup violation  
There is a large setup violation of -2.360 ns between system_i/microblaze_0/U0/MicroBlaze_Core_I/Performance.Core/Using_DCache.Using_WriteBack.DCache_wb_I1/TAG_RAM_Module/Not_Using_XPM.Using_B36_S36.The_BRAMs[0].RAMB36_I1/Using_FPGA.Native/CLKARDCLK (clocked by clk_out1_system_clk_wiz_0_0) and system_i/microblaze_0/U0/MicroBlaze_Core_I/Performance.Core/Data_Flow_I/Data_Flow_Logic_I/Gen_Bits[28].MEM_EX_Result_Inst/Using_FPGA.Native/CE (clocked by clk_out1_system_clk_wiz_0_0). Large setup violations at the end of those stages might be difficult to fix during the post-placement implementation flow and could be the result of non-optimal XDC constraints or non-optimal design architecture
Related violations: <none>

TIMING-16#951 Warning
Large setup violation  
There is a large setup violation of -2.360 ns between system_i/microblaze_0/U0/MicroBlaze_Core_I/Performance.Core/Using_DCache.Using_WriteBack.DCache_wb_I1/TAG_RAM_Module/Not_Using_XPM.Using_B36_S36.The_BRAMs[0].RAMB36_I1/Using_FPGA.Native/CLKARDCLK (clocked by clk_out1_system_clk_wiz_0_0) and system_i/microblaze_0/U0/MicroBlaze_Core_I/Performance.Core/Data_Flow_I/Data_Flow_Logic_I/Gen_Bits[29].MEM_EX_Result_Inst/Using_FPGA.Native/CE (clocked by clk_out1_system_clk_wiz_0_0). Large setup violations at the end of those stages might be difficult to fix during the post-placement implementation flow and could be the result of non-optimal XDC constraints or non-optimal design architecture
Related violations: <none>

TIMING-16#952 Warning
Large setup violation  
There is a large setup violation of -2.360 ns between system_i/microblaze_0/U0/MicroBlaze_Core_I/Performance.Core/Using_DCache.Using_WriteBack.DCache_wb_I1/TAG_RAM_Module/Not_Using_XPM.Using_B36_S36.The_BRAMs[0].RAMB36_I1/Using_FPGA.Native/CLKARDCLK (clocked by clk_out1_system_clk_wiz_0_0) and system_i/microblaze_0/U0/MicroBlaze_Core_I/Performance.Core/Data_Flow_I/Data_Flow_Logic_I/Gen_Bits[31].MEM_EX_Result_Inst/Using_FPGA.Native/CE (clocked by clk_out1_system_clk_wiz_0_0). Large setup violations at the end of those stages might be difficult to fix during the post-placement implementation flow and could be the result of non-optimal XDC constraints or non-optimal design architecture
Related violations: <none>

TIMING-16#953 Warning
Large setup violation  
There is a large setup violation of -2.362 ns between system_i/microblaze_0/U0/MicroBlaze_Core_I/Performance.Core/Using_DCache.Using_WriteBack.DCache_wb_I1/TAG_RAM_Module/Not_Using_XPM.Using_B36_S36.The_BRAMs[0].RAMB36_I1/Using_FPGA.Native/CLKARDCLK (clocked by clk_out1_system_clk_wiz_0_0) and system_i/microblaze_0/U0/MicroBlaze_Core_I/Performance.Core/Data_Flow_I/Operand_Select_I/EX_Branch_CMP_Op1_reg[4]/CE (clocked by clk_out1_system_clk_wiz_0_0). Large setup violations at the end of those stages might be difficult to fix during the post-placement implementation flow and could be the result of non-optimal XDC constraints or non-optimal design architecture
Related violations: <none>

TIMING-16#954 Warning
Large setup violation  
There is a large setup violation of -2.363 ns between system_i/microblaze_0/U0/MicroBlaze_Core_I/Performance.Core/Using_DCache.Using_WriteBack.DCache_wb_I1/TAG_RAM_Module/Not_Using_XPM.Using_B36_S36.The_BRAMs[0].RAMB36_I1/Using_FPGA.Native/CLKARDCLK (clocked by clk_out1_system_clk_wiz_0_0) and system_i/microblaze_0/U0/MicroBlaze_Core_I/Performance.Core/Decode_I/Dbg_Clean_Stop_reg/CE (clocked by clk_out1_system_clk_wiz_0_0). Large setup violations at the end of those stages might be difficult to fix during the post-placement implementation flow and could be the result of non-optimal XDC constraints or non-optimal design architecture
Related violations: <none>

TIMING-16#955 Warning
Large setup violation  
There is a large setup violation of -2.369 ns between system_i/microblaze_0/U0/MicroBlaze_Core_I/Performance.Core/Using_DCache.Using_WriteBack.DCache_wb_I1/TAG_RAM_Module/Not_Using_XPM.Using_B36_S36.The_BRAMs[0].RAMB36_I1/Using_FPGA.Native/CLKARDCLK (clocked by clk_out1_system_clk_wiz_0_0) and system_i/microblaze_0/U0/MicroBlaze_Core_I/Performance.Core/Data_Flow_I/Operand_Select_I/EX_Op1_reg[25]/CE (clocked by clk_out1_system_clk_wiz_0_0). Large setup violations at the end of those stages might be difficult to fix during the post-placement implementation flow and could be the result of non-optimal XDC constraints or non-optimal design architecture
Related violations: <none>

TIMING-16#956 Warning
Large setup violation  
There is a large setup violation of -2.369 ns between system_i/microblaze_0/U0/MicroBlaze_Core_I/Performance.Core/Using_DCache.Using_WriteBack.DCache_wb_I1/TAG_RAM_Module/Not_Using_XPM.Using_B36_S36.The_BRAMs[0].RAMB36_I1/Using_FPGA.Native/CLKARDCLK (clocked by clk_out1_system_clk_wiz_0_0) and system_i/microblaze_0/U0/MicroBlaze_Core_I/Performance.Core/Data_Flow_I/Operand_Select_I/EX_Op3_reg[26]/CE (clocked by clk_out1_system_clk_wiz_0_0). Large setup violations at the end of those stages might be difficult to fix during the post-placement implementation flow and could be the result of non-optimal XDC constraints or non-optimal design architecture
Related violations: <none>

TIMING-16#957 Warning
Large setup violation  
There is a large setup violation of -2.371 ns between system_i/microblaze_0/U0/MicroBlaze_Core_I/Performance.Core/Using_DCache.Using_WriteBack.DCache_wb_I1/TAG_RAM_Module/Not_Using_XPM.Using_B36_S36.The_BRAMs[0].RAMB36_I1/Using_FPGA.Native/CLKARDCLK (clocked by clk_out1_system_clk_wiz_0_0) and system_i/microblaze_0/U0/MicroBlaze_Core_I/Performance.Core/Data_Flow_I/Byte_Doublet_Handle_gti_I/MEM_DataBus_Write_Data_reg[18]/CE (clocked by clk_out1_system_clk_wiz_0_0). Large setup violations at the end of those stages might be difficult to fix during the post-placement implementation flow and could be the result of non-optimal XDC constraints or non-optimal design architecture
Related violations: <none>

TIMING-16#958 Warning
Large setup violation  
There is a large setup violation of -2.374 ns between system_i/microblaze_0/U0/MicroBlaze_Core_I/Performance.Core/Using_DCache.Using_WriteBack.DCache_wb_I1/TAG_RAM_Module/Not_Using_XPM.Using_B36_S36.The_BRAMs[0].RAMB36_I1/Using_FPGA.Native/CLKARDCLK (clocked by clk_out1_system_clk_wiz_0_0) and system_i/microblaze_0/U0/MicroBlaze_Core_I/Performance.Core/Data_Flow_I/Operand_Select_I/EX_Op2_reg[1]/CE (clocked by clk_out1_system_clk_wiz_0_0). Large setup violations at the end of those stages might be difficult to fix during the post-placement implementation flow and could be the result of non-optimal XDC constraints or non-optimal design architecture
Related violations: <none>

TIMING-16#959 Warning
Large setup violation  
There is a large setup violation of -2.374 ns between system_i/microblaze_0/U0/MicroBlaze_Core_I/Performance.Core/Using_DCache.Using_WriteBack.DCache_wb_I1/TAG_RAM_Module/Not_Using_XPM.Using_B36_S36.The_BRAMs[0].RAMB36_I1/Using_FPGA.Native/CLKARDCLK (clocked by clk_out1_system_clk_wiz_0_0) and system_i/microblaze_0/U0/MicroBlaze_Core_I/Performance.Core/Data_Flow_I/Operand_Select_I/EX_Op2_reg[3]/CE (clocked by clk_out1_system_clk_wiz_0_0). Large setup violations at the end of those stages might be difficult to fix during the post-placement implementation flow and could be the result of non-optimal XDC constraints or non-optimal design architecture
Related violations: <none>

TIMING-16#960 Warning
Large setup violation  
There is a large setup violation of -2.375 ns between system_i/microblaze_0/U0/MicroBlaze_Core_I/Performance.Core/Using_DCache.Using_WriteBack.DCache_wb_I1/TAG_RAM_Module/Not_Using_XPM.Using_B36_S36.The_BRAMs[0].RAMB36_I1/Using_FPGA.Native/CLKARDCLK (clocked by clk_out1_system_clk_wiz_0_0) and system_i/microblaze_0/U0/MicroBlaze_Core_I/Performance.Core/Decode_I/PC_Module_I/Instruction_Prefetch_Mux[7].Gen_Instr_DFF/Using_FPGA.Native/D (clocked by clk_out1_system_clk_wiz_0_0). Large setup violations at the end of those stages might be difficult to fix during the post-placement implementation flow and could be the result of non-optimal XDC constraints or non-optimal design architecture
Related violations: <none>

TIMING-16#961 Warning
Large setup violation  
There is a large setup violation of -2.376 ns between system_i/microblaze_0/U0/MicroBlaze_Core_I/Performance.Core/Using_DCache.Using_WriteBack.DCache_wb_I1/TAG_RAM_Module/Not_Using_XPM.Using_B36_S36.The_BRAMs[0].RAMB36_I1/Using_FPGA.Native/CLKARDCLK (clocked by clk_out1_system_clk_wiz_0_0) and system_i/microblaze_0/U0/MicroBlaze_Core_I/Performance.Core/Data_Flow_I/Operand_Select_I/EX_Op1_reg[7]/CE (clocked by clk_out1_system_clk_wiz_0_0). Large setup violations at the end of those stages might be difficult to fix during the post-placement implementation flow and could be the result of non-optimal XDC constraints or non-optimal design architecture
Related violations: <none>

TIMING-16#962 Warning
Large setup violation  
There is a large setup violation of -2.376 ns between system_i/microblaze_0/U0/MicroBlaze_Core_I/Performance.Core/Using_DCache.Using_WriteBack.DCache_wb_I1/TAG_RAM_Module/Not_Using_XPM.Using_B36_S36.The_BRAMs[0].RAMB36_I1/Using_FPGA.Native/CLKARDCLK (clocked by clk_out1_system_clk_wiz_0_0) and system_i/microblaze_0/U0/MicroBlaze_Core_I/Performance.Core/Data_Flow_I/Operand_Select_I/EX_Op1_reg[8]/CE (clocked by clk_out1_system_clk_wiz_0_0). Large setup violations at the end of those stages might be difficult to fix during the post-placement implementation flow and could be the result of non-optimal XDC constraints or non-optimal design architecture
Related violations: <none>

TIMING-16#963 Warning
Large setup violation  
There is a large setup violation of -2.378 ns between system_i/microblaze_0/U0/MicroBlaze_Core_I/Performance.Core/Using_DCache.Using_WriteBack.DCache_wb_I1/TAG_RAM_Module/Not_Using_XPM.Using_B36_S36.The_BRAMs[0].RAMB36_I1/Using_FPGA.Native/CLKARDCLK (clocked by clk_out1_system_clk_wiz_0_0) and system_i/microblaze_0/U0/MicroBlaze_Core_I/Performance.Core/Data_Flow_I/Operand_Select_I/EX_Op2_reg[4]/CE (clocked by clk_out1_system_clk_wiz_0_0). Large setup violations at the end of those stages might be difficult to fix during the post-placement implementation flow and could be the result of non-optimal XDC constraints or non-optimal design architecture
Related violations: <none>

TIMING-16#964 Warning
Large setup violation  
There is a large setup violation of -2.381 ns between system_i/microblaze_0/U0/MicroBlaze_Core_I/Performance.Core/Use_Debug_Logic.Master_Core.Debug_Perf/Performance_Debug_Control.dbg_stop_if_delay_i_reg/C (clocked by clk_out1_system_clk_wiz_0_0) and system_i/microblaze_0/U0/MicroBlaze_Core_I/Performance.Core/Data_Flow_I/Using_Div_Unit.Div_unit_I1/MEM_Div_Overflow_reg/D (clocked by clk_out1_system_clk_wiz_0_0). Large setup violations at the end of those stages might be difficult to fix during the post-placement implementation flow and could be the result of non-optimal XDC constraints or non-optimal design architecture
Related violations: <none>

TIMING-16#965 Warning
Large setup violation  
There is a large setup violation of -2.385 ns between system_i/microblaze_0/U0/MicroBlaze_Core_I/Performance.Core/Data_Flow_I/Using_Stack_Protection.stack_protection_I/shr_reg_reg[21]/C (clocked by clk_out1_system_clk_wiz_0_0) and system_i/microblaze_0/U0/MicroBlaze_Core_I/Performance.Core/Data_Flow_I/exception_registers_I1/Use_LUT6.mem_BTR_reg[10]/D (clocked by clk_out1_system_clk_wiz_0_0). Large setup violations at the end of those stages might be difficult to fix during the post-placement implementation flow and could be the result of non-optimal XDC constraints or non-optimal design architecture
Related violations: <none>

TIMING-16#966 Warning
Large setup violation  
There is a large setup violation of -2.391 ns between system_i/microblaze_0/U0/MicroBlaze_Core_I/Performance.Core/Using_DCache.Using_WriteBack.DCache_wb_I1/TAG_RAM_Module/Not_Using_XPM.Using_B36_S36.The_BRAMs[0].RAMB36_I1/Using_FPGA.Native/CLKARDCLK (clocked by clk_out1_system_clk_wiz_0_0) and system_i/microblaze_0/U0/MicroBlaze_Core_I/Performance.Core/Data_Flow_I/Operand_Select_I/EX_Op1_reg[3]/CE (clocked by clk_out1_system_clk_wiz_0_0). Large setup violations at the end of those stages might be difficult to fix during the post-placement implementation flow and could be the result of non-optimal XDC constraints or non-optimal design architecture
Related violations: <none>

TIMING-16#967 Warning
Large setup violation  
There is a large setup violation of -2.391 ns between system_i/microblaze_0/U0/MicroBlaze_Core_I/Performance.Core/Using_DCache.Using_WriteBack.DCache_wb_I1/TAG_RAM_Module/Not_Using_XPM.Using_B36_S36.The_BRAMs[0].RAMB36_I1/Using_FPGA.Native/CLKARDCLK (clocked by clk_out1_system_clk_wiz_0_0) and system_i/microblaze_0/U0/MicroBlaze_Core_I/Performance.Core/Data_Flow_I/Operand_Select_I/EX_Op2_reg[9]/CE (clocked by clk_out1_system_clk_wiz_0_0). Large setup violations at the end of those stages might be difficult to fix during the post-placement implementation flow and could be the result of non-optimal XDC constraints or non-optimal design architecture
Related violations: <none>

TIMING-16#968 Warning
Large setup violation  
There is a large setup violation of -2.391 ns between system_i/microblaze_0/U0/MicroBlaze_Core_I/Performance.Core/Using_DCache.Using_WriteBack.DCache_wb_I1/TAG_RAM_Module/Not_Using_XPM.Using_B36_S36.The_BRAMs[0].RAMB36_I1/Using_FPGA.Native/CLKARDCLK (clocked by clk_out1_system_clk_wiz_0_0) and system_i/microblaze_0/U0/MicroBlaze_Core_I/Performance.Core/Data_Flow_I/Operand_Select_I/EX_Op3_reg[9]/CE (clocked by clk_out1_system_clk_wiz_0_0). Large setup violations at the end of those stages might be difficult to fix during the post-placement implementation flow and could be the result of non-optimal XDC constraints or non-optimal design architecture
Related violations: <none>

TIMING-16#969 Warning
Large setup violation  
There is a large setup violation of -2.394 ns between system_i/microblaze_0/U0/MicroBlaze_Core_I/Performance.Core/Using_DCache.Using_WriteBack.DCache_wb_I1/TAG_RAM_Module/Not_Using_XPM.Using_B36_S36.The_BRAMs[0].RAMB36_I1/Using_FPGA.Native/CLKARDCLK (clocked by clk_out1_system_clk_wiz_0_0) and system_i/microblaze_0/U0/MicroBlaze_Core_I/Performance.Core/Data_Flow_I/MUL_Unit_I/Use_HW_MUL.Using_DSP48_Architectures.No_MUL64.dsp_module_I3/Using_DSP48E1.DSP48E1_I1/Using_FPGA.DSP48E1_I1/CEA2 (clocked by clk_out1_system_clk_wiz_0_0). Large setup violations at the end of those stages might be difficult to fix during the post-placement implementation flow and could be the result of non-optimal XDC constraints or non-optimal design architecture
Related violations: <none>

TIMING-16#970 Warning
Large setup violation  
There is a large setup violation of -2.394 ns between system_i/microblaze_0/U0/MicroBlaze_Core_I/Performance.Core/Using_DCache.Using_WriteBack.DCache_wb_I1/TAG_RAM_Module/Not_Using_XPM.Using_B36_S36.The_BRAMs[0].RAMB36_I1/Using_FPGA.Native/CLKARDCLK (clocked by clk_out1_system_clk_wiz_0_0) and system_i/microblaze_0/U0/MicroBlaze_Core_I/Performance.Core/Data_Flow_I/Operand_Select_I/EX_Op1_reg[16]/CE (clocked by clk_out1_system_clk_wiz_0_0). Large setup violations at the end of those stages might be difficult to fix during the post-placement implementation flow and could be the result of non-optimal XDC constraints or non-optimal design architecture
Related violations: <none>

TIMING-16#971 Warning
Large setup violation  
There is a large setup violation of -2.394 ns between system_i/microblaze_0/U0/MicroBlaze_Core_I/Performance.Core/Using_DCache.Using_WriteBack.DCache_wb_I1/TAG_RAM_Module/Not_Using_XPM.Using_B36_S36.The_BRAMs[0].RAMB36_I1/Using_FPGA.Native/CLKARDCLK (clocked by clk_out1_system_clk_wiz_0_0) and system_i/microblaze_0/U0/MicroBlaze_Core_I/Performance.Core/Data_Flow_I/Operand_Select_I/EX_Op2_reg[15]/CE (clocked by clk_out1_system_clk_wiz_0_0). Large setup violations at the end of those stages might be difficult to fix during the post-placement implementation flow and could be the result of non-optimal XDC constraints or non-optimal design architecture
Related violations: <none>

TIMING-16#972 Warning
Large setup violation  
There is a large setup violation of -2.397 ns between system_i/microblaze_0/U0/MicroBlaze_Core_I/Performance.Core/Using_DCache.Using_WriteBack.DCache_wb_I1/TAG_RAM_Module/Not_Using_XPM.Using_B36_S36.The_BRAMs[0].RAMB36_I1/Using_FPGA.Native/CLKARDCLK (clocked by clk_out1_system_clk_wiz_0_0) and system_i/microblaze_0/U0/MicroBlaze_Core_I/Performance.Core/Data_Flow_I/MUL_Unit_I/Use_HW_MUL.Using_DSP48_Architectures.No_MUL64.dsp_module_I3/Using_DSP48E1.DSP48E1_I1/Using_FPGA.DSP48E1_I1/CEB2 (clocked by clk_out1_system_clk_wiz_0_0). Large setup violations at the end of those stages might be difficult to fix during the post-placement implementation flow and could be the result of non-optimal XDC constraints or non-optimal design architecture
Related violations: <none>

TIMING-16#973 Warning
Large setup violation  
There is a large setup violation of -2.398 ns between system_i/microblaze_0/U0/MicroBlaze_Core_I/Performance.Core/Using_DCache.Using_WriteBack.DCache_wb_I1/TAG_RAM_Module/Not_Using_XPM.Using_B36_S36.The_BRAMs[0].RAMB36_I1/Using_FPGA.Native/CLKARDCLK (clocked by clk_out1_system_clk_wiz_0_0) and system_i/microblaze_0/U0/MicroBlaze_Core_I/Performance.Core/Data_Flow_I/MUL_Unit_I/Use_HW_MUL.Using_DSP48_Architectures.dsp_module_I1/Using_DSP48E1.DSP48E1_I1/Using_FPGA.DSP48E1_I1/CEP (clocked by clk_out1_system_clk_wiz_0_0). Large setup violations at the end of those stages might be difficult to fix during the post-placement implementation flow and could be the result of non-optimal XDC constraints or non-optimal design architecture
Related violations: <none>

TIMING-16#974 Warning
Large setup violation  
There is a large setup violation of -2.398 ns between system_i/microblaze_0/U0/MicroBlaze_Core_I/Performance.Core/Using_DCache.Using_WriteBack.DCache_wb_I1/TAG_RAM_Module/Not_Using_XPM.Using_B36_S36.The_BRAMs[0].RAMB36_I1/Using_FPGA.Native/CLKARDCLK (clocked by clk_out1_system_clk_wiz_0_0) and system_i/microblaze_0/U0/MicroBlaze_Core_I/Performance.Core/Data_Flow_I/Operand_Select_I/EX_Op1_reg[5]/CE (clocked by clk_out1_system_clk_wiz_0_0). Large setup violations at the end of those stages might be difficult to fix during the post-placement implementation flow and could be the result of non-optimal XDC constraints or non-optimal design architecture
Related violations: <none>

TIMING-16#975 Warning
Large setup violation  
There is a large setup violation of -2.398 ns between system_i/microblaze_0/U0/MicroBlaze_Core_I/Performance.Core/Using_DCache.Using_WriteBack.DCache_wb_I1/Using_Perf_4.WB_DCache_Valid_Read_data_reg[27]/C (clocked by clk_out1_system_clk_wiz_0_0) and system_i/microblaze_0/U0/MicroBlaze_Core_I/Performance.Core/Data_Flow_I/Operand_Select_I/EX_Branch_CMP_Op1_reg[19]/D (clocked by clk_out1_system_clk_wiz_0_0). Large setup violations at the end of those stages might be difficult to fix during the post-placement implementation flow and could be the result of non-optimal XDC constraints or non-optimal design architecture
Related violations: <none>

TIMING-16#976 Warning
Large setup violation  
There is a large setup violation of -2.401 ns between system_i/microblaze_0/U0/MicroBlaze_Core_I/Performance.Core/Using_DCache.Using_WriteBack.DCache_wb_I1/TAG_RAM_Module/Not_Using_XPM.Using_B36_S36.The_BRAMs[0].RAMB36_I1/Using_FPGA.Native/CLKARDCLK (clocked by clk_out1_system_clk_wiz_0_0) and system_i/microblaze_0/U0/MicroBlaze_Core_I/Performance.Core/Decode_I/EX_Bit_Extract_reg/CE (clocked by clk_out1_system_clk_wiz_0_0). Large setup violations at the end of those stages might be difficult to fix during the post-placement implementation flow and could be the result of non-optimal XDC constraints or non-optimal design architecture
Related violations: <none>

TIMING-16#977 Warning
Large setup violation  
There is a large setup violation of -2.404 ns between system_i/microblaze_0/U0/MicroBlaze_Core_I/Performance.Core/Using_DCache.Using_WriteBack.DCache_wb_I1/TAG_RAM_Module/Not_Using_XPM.Using_B36_S36.The_BRAMs[0].RAMB36_I1/Using_FPGA.Native/CLKARDCLK (clocked by clk_out1_system_clk_wiz_0_0) and system_i/microblaze_0/U0/MicroBlaze_Core_I/Performance.Core/Decode_I/PC_Module_I/Instruction_Prefetch_Mux[14].Gen_Instr_DFF/Using_FPGA.Native/D (clocked by clk_out1_system_clk_wiz_0_0). Large setup violations at the end of those stages might be difficult to fix during the post-placement implementation flow and could be the result of non-optimal XDC constraints or non-optimal design architecture
Related violations: <none>

TIMING-16#978 Warning
Large setup violation  
There is a large setup violation of -2.406 ns between system_i/microblaze_0/U0/MicroBlaze_Core_I/Performance.Core/Using_DCache.Using_WriteBack.DCache_wb_I1/TAG_RAM_Module/Not_Using_XPM.Using_B36_S36.The_BRAMs[0].RAMB36_I1/Using_FPGA.Native/CLKARDCLK (clocked by clk_out1_system_clk_wiz_0_0) and system_i/microblaze_0/U0/MicroBlaze_Core_I/Performance.Core/Decode_I/PC_Module_I/Instruction_Prefetch_Mux[20].Gen_Instr_DFF/Using_FPGA.Native/D (clocked by clk_out1_system_clk_wiz_0_0). Large setup violations at the end of those stages might be difficult to fix during the post-placement implementation flow and could be the result of non-optimal XDC constraints or non-optimal design architecture
Related violations: <none>

TIMING-16#979 Warning
Large setup violation  
There is a large setup violation of -2.413 ns between system_i/microblaze_0/U0/MicroBlaze_Core_I/Performance.Core/Using_DCache.Using_WriteBack.DCache_wb_I1/TAG_RAM_Module/Not_Using_XPM.Using_B36_S36.The_BRAMs[0].RAMB36_I1/Using_FPGA.Native/CLKARDCLK (clocked by clk_out1_system_clk_wiz_0_0) and system_i/microblaze_0/U0/MicroBlaze_Core_I/Performance.Core/Data_Flow_I/Operand_Select_I/EX_Op1_reg[20]/CE (clocked by clk_out1_system_clk_wiz_0_0). Large setup violations at the end of those stages might be difficult to fix during the post-placement implementation flow and could be the result of non-optimal XDC constraints or non-optimal design architecture
Related violations: <none>

TIMING-16#980 Warning
Large setup violation  
There is a large setup violation of -2.413 ns between system_i/microblaze_0/U0/MicroBlaze_Core_I/Performance.Core/Using_DCache.Using_WriteBack.DCache_wb_I1/TAG_RAM_Module/Not_Using_XPM.Using_B36_S36.The_BRAMs[0].RAMB36_I1/Using_FPGA.Native/CLKARDCLK (clocked by clk_out1_system_clk_wiz_0_0) and system_i/microblaze_0/U0/MicroBlaze_Core_I/Performance.Core/Data_Flow_I/Operand_Select_I/EX_Op1_reg[30]/CE (clocked by clk_out1_system_clk_wiz_0_0). Large setup violations at the end of those stages might be difficult to fix during the post-placement implementation flow and could be the result of non-optimal XDC constraints or non-optimal design architecture
Related violations: <none>

TIMING-16#981 Warning
Large setup violation  
There is a large setup violation of -2.413 ns between system_i/microblaze_0/U0/MicroBlaze_Core_I/Performance.Core/Using_DCache.Using_WriteBack.DCache_wb_I1/TAG_RAM_Module/Not_Using_XPM.Using_B36_S36.The_BRAMs[0].RAMB36_I1/Using_FPGA.Native/CLKARDCLK (clocked by clk_out1_system_clk_wiz_0_0) and system_i/microblaze_0/U0/MicroBlaze_Core_I/Performance.Core/Decode_I/PC_Module_I/Instruction_Prefetch_Mux[23].Gen_Instr_DFF/Using_FPGA.Native/D (clocked by clk_out1_system_clk_wiz_0_0). Large setup violations at the end of those stages might be difficult to fix during the post-placement implementation flow and could be the result of non-optimal XDC constraints or non-optimal design architecture
Related violations: <none>

TIMING-16#982 Warning
Large setup violation  
There is a large setup violation of -2.413 ns between system_i/microblaze_0/U0/MicroBlaze_Core_I/Performance.Core/Using_DCache.Using_WriteBack.DCache_wb_I1/TAG_RAM_Module/Not_Using_XPM.Using_B36_S36.The_BRAMs[0].RAMB36_I1/Using_FPGA.Native/CLKARDCLK (clocked by clk_out1_system_clk_wiz_0_0) and system_i/microblaze_0/U0/MicroBlaze_Core_I/Performance.Core/Decode_I/PC_Module_I/Instruction_Prefetch_Mux[26].Gen_Instr_DFF/Using_FPGA.Native/D (clocked by clk_out1_system_clk_wiz_0_0). Large setup violations at the end of those stages might be difficult to fix during the post-placement implementation flow and could be the result of non-optimal XDC constraints or non-optimal design architecture
Related violations: <none>

TIMING-16#983 Warning
Large setup violation  
There is a large setup violation of -2.413 ns between system_i/microblaze_0/U0/MicroBlaze_Core_I/Performance.Core/Using_DCache.Using_WriteBack.DCache_wb_I1/TAG_RAM_Module/Not_Using_XPM.Using_B36_S36.The_BRAMs[0].RAMB36_I1/Using_FPGA.Native/CLKARDCLK (clocked by clk_out1_system_clk_wiz_0_0) and system_i/microblaze_0/U0/MicroBlaze_Core_I/Performance.Core/Decode_I/PC_Module_I/Instruction_Prefetch_Mux[29].Gen_Instr_DFF/Using_FPGA.Native/D (clocked by clk_out1_system_clk_wiz_0_0). Large setup violations at the end of those stages might be difficult to fix during the post-placement implementation flow and could be the result of non-optimal XDC constraints or non-optimal design architecture
Related violations: <none>

TIMING-16#984 Warning
Large setup violation  
There is a large setup violation of -2.415 ns between system_i/microblaze_0/U0/MicroBlaze_Core_I/Performance.Core/Using_DCache.Using_WriteBack.DCache_wb_I1/TAG_RAM_Module/Not_Using_XPM.Using_B36_S36.The_BRAMs[0].RAMB36_I1/Using_FPGA.Native/CLKARDCLK (clocked by clk_out1_system_clk_wiz_0_0) and system_i/microblaze_0/U0/MicroBlaze_Core_I/Performance.Core/Data_Flow_I/Barrel_Shifter_I/Use_HW_BS.Using_BitField.mem_mask1_reg[29]/CE (clocked by clk_out1_system_clk_wiz_0_0). Large setup violations at the end of those stages might be difficult to fix during the post-placement implementation flow and could be the result of non-optimal XDC constraints or non-optimal design architecture
Related violations: <none>

TIMING-16#985 Warning
Large setup violation  
There is a large setup violation of -2.418 ns between system_i/microblaze_0/U0/MicroBlaze_Core_I/Performance.Core/Using_DCache.Using_WriteBack.DCache_wb_I1/TAG_RAM_Module/Not_Using_XPM.Using_B36_S36.The_BRAMs[0].RAMB36_I1/Using_FPGA.Native/CLKARDCLK (clocked by clk_out1_system_clk_wiz_0_0) and system_i/microblaze_0/U0/MicroBlaze_Core_I/Performance.Core/Decode_I/PC_Module_I/Instruction_Prefetch_Mux[6].Gen_Instr_DFF/Using_FPGA.Native/D (clocked by clk_out1_system_clk_wiz_0_0). Large setup violations at the end of those stages might be difficult to fix during the post-placement implementation flow and could be the result of non-optimal XDC constraints or non-optimal design architecture
Related violations: <none>

TIMING-16#986 Warning
Large setup violation  
There is a large setup violation of -2.420 ns between system_i/microblaze_0/U0/MicroBlaze_Core_I/Performance.Core/Using_DCache.Using_WriteBack.DCache_wb_I1/TAG_RAM_Module/Not_Using_XPM.Using_B36_S36.The_BRAMs[0].RAMB36_I1/Using_FPGA.Native/CLKARDCLK (clocked by clk_out1_system_clk_wiz_0_0) and system_i/microblaze_0/U0/MicroBlaze_Core_I/Performance.Core/Data_Flow_I/Operand_Select_I/EX_Op1_reg[12]/CE (clocked by clk_out1_system_clk_wiz_0_0). Large setup violations at the end of those stages might be difficult to fix during the post-placement implementation flow and could be the result of non-optimal XDC constraints or non-optimal design architecture
Related violations: <none>

TIMING-16#987 Warning
Large setup violation  
There is a large setup violation of -2.424 ns between system_i/microblaze_0/U0/MicroBlaze_Core_I/Performance.Core/Data_Flow_I/Operand_Select_I/EX_Op1_reg[29]/C (clocked by clk_out1_system_clk_wiz_0_0) and system_i/microblaze_0/U0/MicroBlaze_Core_I/Performance.Core/Data_Flow_I/Operand_Select_I/EX_Branch_CMP_Op1_reg[18]/D (clocked by clk_out1_system_clk_wiz_0_0). Large setup violations at the end of those stages might be difficult to fix during the post-placement implementation flow and could be the result of non-optimal XDC constraints or non-optimal design architecture
Related violations: <none>

TIMING-16#988 Warning
Large setup violation  
There is a large setup violation of -2.443 ns between system_i/microblaze_0/U0/MicroBlaze_Core_I/Performance.Core/Using_DCache.Using_WriteBack.DCache_wb_I1/TAG_RAM_Module/Not_Using_XPM.Using_B36_S36.The_BRAMs[0].RAMB36_I1/Using_FPGA.Native/CLKARDCLK (clocked by clk_out1_system_clk_wiz_0_0) and system_i/microblaze_0/U0/MicroBlaze_Core_I/Performance.Core/Decode_I/PC_Module_I/Instruction_Prefetch_Mux[13].Gen_Instr_DFF/Using_FPGA.Native/D (clocked by clk_out1_system_clk_wiz_0_0). Large setup violations at the end of those stages might be difficult to fix during the post-placement implementation flow and could be the result of non-optimal XDC constraints or non-optimal design architecture
Related violations: <none>

TIMING-16#989 Warning
Large setup violation  
There is a large setup violation of -2.447 ns between system_i/microblaze_0/U0/MicroBlaze_Core_I/Performance.Core/Using_DCache.Using_WriteBack.DCache_wb_I1/TAG_RAM_Module/Not_Using_XPM.Using_B36_S36.The_BRAMs[0].RAMB36_I1/Using_FPGA.Native/CLKARDCLK (clocked by clk_out1_system_clk_wiz_0_0) and system_i/microblaze_0/U0/MicroBlaze_Core_I/Performance.Core/Data_Flow_I/Operand_Select_I/EX_Op1_reg[4]/CE (clocked by clk_out1_system_clk_wiz_0_0). Large setup violations at the end of those stages might be difficult to fix during the post-placement implementation flow and could be the result of non-optimal XDC constraints or non-optimal design architecture
Related violations: <none>

TIMING-16#990 Warning
Large setup violation  
There is a large setup violation of -2.447 ns between system_i/microblaze_0/U0/MicroBlaze_Core_I/Performance.Core/Using_DCache.Using_WriteBack.DCache_wb_I1/TAG_RAM_Module/Not_Using_XPM.Using_B36_S36.The_BRAMs[0].RAMB36_I1/Using_FPGA.Native/CLKARDCLK (clocked by clk_out1_system_clk_wiz_0_0) and system_i/microblaze_0/U0/MicroBlaze_Core_I/Performance.Core/Data_Flow_I/Operand_Select_I/EX_Op2_reg[5]/CE (clocked by clk_out1_system_clk_wiz_0_0). Large setup violations at the end of those stages might be difficult to fix during the post-placement implementation flow and could be the result of non-optimal XDC constraints or non-optimal design architecture
Related violations: <none>

TIMING-16#991 Warning
Large setup violation  
There is a large setup violation of -2.455 ns between system_i/microblaze_0/U0/MicroBlaze_Core_I/Performance.Core/Data_Flow_I/Using_Stack_Protection.stack_protection_I/shr_reg_reg[21]/C (clocked by clk_out1_system_clk_wiz_0_0) and system_i/microblaze_0/U0/MicroBlaze_Core_I/Performance.Core/Data_Flow_I/exception_registers_I1/Use_LUT6.mem_BTR_reg[11]/D (clocked by clk_out1_system_clk_wiz_0_0). Large setup violations at the end of those stages might be difficult to fix during the post-placement implementation flow and could be the result of non-optimal XDC constraints or non-optimal design architecture
Related violations: <none>

TIMING-16#992 Warning
Large setup violation  
There is a large setup violation of -2.462 ns between system_i/microblaze_0/U0/MicroBlaze_Core_I/Performance.Core/Using_DCache.Using_WriteBack.DCache_wb_I1/TAG_RAM_Module/Not_Using_XPM.Using_B36_S36.The_BRAMs[0].RAMB36_I1/Using_FPGA.Native/CLKARDCLK (clocked by clk_out1_system_clk_wiz_0_0) and system_i/microblaze_0/U0/MicroBlaze_Core_I/Performance.Core/Decode_I/PC_Module_I/Instruction_Prefetch_Mux[4].Gen_Instr_DFF/Using_FPGA.Native/D (clocked by clk_out1_system_clk_wiz_0_0). Large setup violations at the end of those stages might be difficult to fix during the post-placement implementation flow and could be the result of non-optimal XDC constraints or non-optimal design architecture
Related violations: <none>

TIMING-16#993 Warning
Large setup violation  
There is a large setup violation of -2.471 ns between system_i/microblaze_0/U0/MicroBlaze_Core_I/Performance.Core/Using_DCache.Using_WriteBack.DCache_wb_I1/Using_Perf_4.WB_DCache_Valid_Read_data_reg[1]/C (clocked by clk_out1_system_clk_wiz_0_0) and system_i/microblaze_0/U0/MicroBlaze_Core_I/Performance.Core/Data_Flow_I/Operand_Select_I/EX_Branch_CMP_Op1_reg[1]/D (clocked by clk_out1_system_clk_wiz_0_0). Large setup violations at the end of those stages might be difficult to fix during the post-placement implementation flow and could be the result of non-optimal XDC constraints or non-optimal design architecture
Related violations: <none>

TIMING-16#994 Warning
Large setup violation  
There is a large setup violation of -2.489 ns between system_i/microblaze_0/U0/MicroBlaze_Core_I/Performance.Core/Data_Flow_I/Using_Stack_Protection.stack_protection_I/shr_reg_reg[21]/C (clocked by clk_out1_system_clk_wiz_0_0) and system_i/microblaze_0/U0/MicroBlaze_Core_I/Performance.Core/Data_Flow_I/exception_registers_I1/Use_LUT6.mem_BTR_reg[0]/D (clocked by clk_out1_system_clk_wiz_0_0). Large setup violations at the end of those stages might be difficult to fix during the post-placement implementation flow and could be the result of non-optimal XDC constraints or non-optimal design architecture
Related violations: <none>

TIMING-16#995 Warning
Large setup violation  
There is a large setup violation of -2.498 ns between system_i/microblaze_0/U0/MicroBlaze_Core_I/Performance.Core/Using_DCache.Using_WriteBack.DCache_wb_I1/TAG_RAM_Module/Not_Using_XPM.Using_B36_S36.The_BRAMs[0].RAMB36_I1/Using_FPGA.Native/CLKARDCLK (clocked by clk_out1_system_clk_wiz_0_0) and system_i/microblaze_0/U0/MicroBlaze_Core_I/Performance.Core/Data_Flow_I/Operand_Select_I/EX_Op1_reg[31]/CE (clocked by clk_out1_system_clk_wiz_0_0). Large setup violations at the end of those stages might be difficult to fix during the post-placement implementation flow and could be the result of non-optimal XDC constraints or non-optimal design architecture
Related violations: <none>

TIMING-16#996 Warning
Large setup violation  
There is a large setup violation of -2.504 ns between system_i/microblaze_0/U0/MicroBlaze_Core_I/Performance.Core/Using_DCache.Using_WriteBack.DCache_wb_I1/TAG_RAM_Module/Not_Using_XPM.Using_B36_S36.The_BRAMs[0].RAMB36_I1/Using_FPGA.Native/CLKARDCLK (clocked by clk_out1_system_clk_wiz_0_0) and system_i/microblaze_0/U0/MicroBlaze_Core_I/Performance.Core/Data_Flow_I/Operand_Select_I/EX_Op3_reg[6]/CE (clocked by clk_out1_system_clk_wiz_0_0). Large setup violations at the end of those stages might be difficult to fix during the post-placement implementation flow and could be the result of non-optimal XDC constraints or non-optimal design architecture
Related violations: <none>

TIMING-16#997 Warning
Large setup violation  
There is a large setup violation of -2.512 ns between system_i/microblaze_0/U0/MicroBlaze_Core_I/Performance.Core/Using_DCache.Using_WriteBack.DCache_wb_I1/TAG_RAM_Module/Not_Using_XPM.Using_B36_S36.The_BRAMs[0].RAMB36_I1/Using_FPGA.Native/CLKARDCLK (clocked by clk_out1_system_clk_wiz_0_0) and system_i/microblaze_0/U0/MicroBlaze_Core_I/Performance.Core/Data_Flow_I/Operand_Select_I/EX_Op1_reg[0]/CE (clocked by clk_out1_system_clk_wiz_0_0). Large setup violations at the end of those stages might be difficult to fix during the post-placement implementation flow and could be the result of non-optimal XDC constraints or non-optimal design architecture
Related violations: <none>

TIMING-16#998 Warning
Large setup violation  
There is a large setup violation of -2.527 ns between system_i/microblaze_0/U0/MicroBlaze_Core_I/Performance.Core/Use_DBUS.DAXI_Interface_I1/WB_DAXI_Data_Strobe_reg/C (clocked by clk_out1_system_clk_wiz_0_0) and system_i/microblaze_0/U0/MicroBlaze_Core_I/Performance.Core/Data_Flow_I/Operand_Select_I/EX_Branch_CMP_Op1_reg[21]/D (clocked by clk_out1_system_clk_wiz_0_0). Large setup violations at the end of those stages might be difficult to fix during the post-placement implementation flow and could be the result of non-optimal XDC constraints or non-optimal design architecture
Related violations: <none>

TIMING-16#999 Warning
Large setup violation  
There is a large setup violation of -2.605 ns between system_i/microblaze_0/U0/MicroBlaze_Core_I/Performance.Core/Use_Debug_Logic.Master_Core.Debug_Perf/Performance_Debug_Control.dbg_stop_if_delay_i_reg/C (clocked by clk_out1_system_clk_wiz_0_0) and system_i/microblaze_0/U0/MicroBlaze_Core_I/Performance.Core/Data_Flow_I/Using_Div_Unit.Div_unit_I1/ex_hold_div_overflow_reg/D (clocked by clk_out1_system_clk_wiz_0_0). Large setup violations at the end of those stages might be difficult to fix during the post-placement implementation flow and could be the result of non-optimal XDC constraints or non-optimal design architecture
Related violations: <none>

TIMING-16#1000 Warning
Large setup violation  
There is a large setup violation of -2.670 ns between system_i/microblaze_0/U0/MicroBlaze_Core_I/Performance.Core/Using_DCache.Using_WriteBack.DCache_wb_I1/TAG_RAM_Module/Not_Using_XPM.Using_B36_S36.The_BRAMs[0].RAMB36_I1/Using_FPGA.Native/CLKARDCLK (clocked by clk_out1_system_clk_wiz_0_0) and system_i/microblaze_0/U0/MicroBlaze_Core_I/Performance.Core/Data_Flow_I/Operand_Select_I/EX_Branch_CMP_Op1_reg[21]/CE (clocked by clk_out1_system_clk_wiz_0_0). Large setup violations at the end of those stages might be difficult to fix during the post-placement implementation flow and could be the result of non-optimal XDC constraints or non-optimal design architecture
Related violations: <none>

XDCB-5#1 Warning
Runtime inefficient way to find pin objects  
The option '-to : [get_pins -hier -include_replicated_objects -filter {NAME =~ *temp_mon_enabled.u_tempmon/device_temp_sync_r1_reg[*]/D}]' of constraint 'set_max_delay' uses inefficient query to find pin objects (see constraint position '10' in the Timing Constraint window in Vivado IDE). To reduce runtime, it is recommended to get the pins through the cell objects. Please refer to Using Constraints Guide (Constraints Efficiency). An example of optimal query is: get_pins -filter {REF_PIN_NAME=~yy*} -of_objects [get_cells -hierarchical xx*].
Current XDC: c:/Users/sMDT/Documents/GitHub/sMDT_fpga_arndt/Project/Ethernet/Ethernet.gen/sources_1/bd/system/ip/system_mig_7series_0_1/system_mig_7series_0_1/user_design/constraints/system_mig_7series_0_1.xdc (Line: 356)
Related violations: <none>

REQP-1959#1 Advisory
connects_SERDES_RST_driver_not_FF  
system_i/mig_7series_0/u_system_mig_7series_0_1_mig/u_memc_ui_top_axi/mem_intfc0/ddr_phy_top0/u_ddr_mc_phy_wrapper/u_ddr_mc_phy/ddr_phy_4lanes_0.u_ddr_phy_4lanes/ddr_byte_lane_C.ddr_byte_lane_C/ddr_byte_group_io/input_[1].iserdes_dq_.iserdesdq: The RST pin should only be driven by a Flip-flop.
Related violations: <none>

REQP-1959#2 Advisory
connects_SERDES_RST_driver_not_FF  
system_i/mig_7series_0/u_system_mig_7series_0_1_mig/u_memc_ui_top_axi/mem_intfc0/ddr_phy_top0/u_ddr_mc_phy_wrapper/u_ddr_mc_phy/ddr_phy_4lanes_0.u_ddr_phy_4lanes/ddr_byte_lane_C.ddr_byte_lane_C/ddr_byte_group_io/input_[2].iserdes_dq_.iserdesdq: The RST pin should only be driven by a Flip-flop.
Related violations: <none>

REQP-1959#3 Advisory
connects_SERDES_RST_driver_not_FF  
system_i/mig_7series_0/u_system_mig_7series_0_1_mig/u_memc_ui_top_axi/mem_intfc0/ddr_phy_top0/u_ddr_mc_phy_wrapper/u_ddr_mc_phy/ddr_phy_4lanes_0.u_ddr_phy_4lanes/ddr_byte_lane_C.ddr_byte_lane_C/ddr_byte_group_io/input_[3].iserdes_dq_.iserdesdq: The RST pin should only be driven by a Flip-flop.
Related violations: <none>

REQP-1959#4 Advisory
connects_SERDES_RST_driver_not_FF  
system_i/mig_7series_0/u_system_mig_7series_0_1_mig/u_memc_ui_top_axi/mem_intfc0/ddr_phy_top0/u_ddr_mc_phy_wrapper/u_ddr_mc_phy/ddr_phy_4lanes_0.u_ddr_phy_4lanes/ddr_byte_lane_C.ddr_byte_lane_C/ddr_byte_group_io/input_[4].iserdes_dq_.iserdesdq: The RST pin should only be driven by a Flip-flop.
Related violations: <none>

REQP-1959#5 Advisory
connects_SERDES_RST_driver_not_FF  
system_i/mig_7series_0/u_system_mig_7series_0_1_mig/u_memc_ui_top_axi/mem_intfc0/ddr_phy_top0/u_ddr_mc_phy_wrapper/u_ddr_mc_phy/ddr_phy_4lanes_0.u_ddr_phy_4lanes/ddr_byte_lane_C.ddr_byte_lane_C/ddr_byte_group_io/input_[5].iserdes_dq_.iserdesdq: The RST pin should only be driven by a Flip-flop.
Related violations: <none>

REQP-1959#6 Advisory
connects_SERDES_RST_driver_not_FF  
system_i/mig_7series_0/u_system_mig_7series_0_1_mig/u_memc_ui_top_axi/mem_intfc0/ddr_phy_top0/u_ddr_mc_phy_wrapper/u_ddr_mc_phy/ddr_phy_4lanes_0.u_ddr_phy_4lanes/ddr_byte_lane_C.ddr_byte_lane_C/ddr_byte_group_io/input_[6].iserdes_dq_.iserdesdq: The RST pin should only be driven by a Flip-flop.
Related violations: <none>

REQP-1959#7 Advisory
connects_SERDES_RST_driver_not_FF  
system_i/mig_7series_0/u_system_mig_7series_0_1_mig/u_memc_ui_top_axi/mem_intfc0/ddr_phy_top0/u_ddr_mc_phy_wrapper/u_ddr_mc_phy/ddr_phy_4lanes_0.u_ddr_phy_4lanes/ddr_byte_lane_C.ddr_byte_lane_C/ddr_byte_group_io/input_[7].iserdes_dq_.iserdesdq: The RST pin should only be driven by a Flip-flop.
Related violations: <none>

REQP-1959#8 Advisory
connects_SERDES_RST_driver_not_FF  
system_i/mig_7series_0/u_system_mig_7series_0_1_mig/u_memc_ui_top_axi/mem_intfc0/ddr_phy_top0/u_ddr_mc_phy_wrapper/u_ddr_mc_phy/ddr_phy_4lanes_0.u_ddr_phy_4lanes/ddr_byte_lane_C.ddr_byte_lane_C/ddr_byte_group_io/input_[8].iserdes_dq_.iserdesdq: The RST pin should only be driven by a Flip-flop.
Related violations: <none>

REQP-1959#9 Advisory
connects_SERDES_RST_driver_not_FF  
system_i/mig_7series_0/u_system_mig_7series_0_1_mig/u_memc_ui_top_axi/mem_intfc0/ddr_phy_top0/u_ddr_mc_phy_wrapper/u_ddr_mc_phy/ddr_phy_4lanes_0.u_ddr_phy_4lanes/ddr_byte_lane_D.ddr_byte_lane_D/ddr_byte_group_io/input_[1].iserdes_dq_.iserdesdq: The RST pin should only be driven by a Flip-flop.
Related violations: <none>

REQP-1959#10 Advisory
connects_SERDES_RST_driver_not_FF  
system_i/mig_7series_0/u_system_mig_7series_0_1_mig/u_memc_ui_top_axi/mem_intfc0/ddr_phy_top0/u_ddr_mc_phy_wrapper/u_ddr_mc_phy/ddr_phy_4lanes_0.u_ddr_phy_4lanes/ddr_byte_lane_D.ddr_byte_lane_D/ddr_byte_group_io/input_[2].iserdes_dq_.iserdesdq: The RST pin should only be driven by a Flip-flop.
Related violations: <none>

REQP-1959#11 Advisory
connects_SERDES_RST_driver_not_FF  
system_i/mig_7series_0/u_system_mig_7series_0_1_mig/u_memc_ui_top_axi/mem_intfc0/ddr_phy_top0/u_ddr_mc_phy_wrapper/u_ddr_mc_phy/ddr_phy_4lanes_0.u_ddr_phy_4lanes/ddr_byte_lane_D.ddr_byte_lane_D/ddr_byte_group_io/input_[3].iserdes_dq_.iserdesdq: The RST pin should only be driven by a Flip-flop.
Related violations: <none>

REQP-1959#12 Advisory
connects_SERDES_RST_driver_not_FF  
system_i/mig_7series_0/u_system_mig_7series_0_1_mig/u_memc_ui_top_axi/mem_intfc0/ddr_phy_top0/u_ddr_mc_phy_wrapper/u_ddr_mc_phy/ddr_phy_4lanes_0.u_ddr_phy_4lanes/ddr_byte_lane_D.ddr_byte_lane_D/ddr_byte_group_io/input_[4].iserdes_dq_.iserdesdq: The RST pin should only be driven by a Flip-flop.
Related violations: <none>

REQP-1959#13 Advisory
connects_SERDES_RST_driver_not_FF  
system_i/mig_7series_0/u_system_mig_7series_0_1_mig/u_memc_ui_top_axi/mem_intfc0/ddr_phy_top0/u_ddr_mc_phy_wrapper/u_ddr_mc_phy/ddr_phy_4lanes_0.u_ddr_phy_4lanes/ddr_byte_lane_D.ddr_byte_lane_D/ddr_byte_group_io/input_[5].iserdes_dq_.iserdesdq: The RST pin should only be driven by a Flip-flop.
Related violations: <none>

REQP-1959#14 Advisory
connects_SERDES_RST_driver_not_FF  
system_i/mig_7series_0/u_system_mig_7series_0_1_mig/u_memc_ui_top_axi/mem_intfc0/ddr_phy_top0/u_ddr_mc_phy_wrapper/u_ddr_mc_phy/ddr_phy_4lanes_0.u_ddr_phy_4lanes/ddr_byte_lane_D.ddr_byte_lane_D/ddr_byte_group_io/input_[6].iserdes_dq_.iserdesdq: The RST pin should only be driven by a Flip-flop.
Related violations: <none>

REQP-1959#15 Advisory
connects_SERDES_RST_driver_not_FF  
system_i/mig_7series_0/u_system_mig_7series_0_1_mig/u_memc_ui_top_axi/mem_intfc0/ddr_phy_top0/u_ddr_mc_phy_wrapper/u_ddr_mc_phy/ddr_phy_4lanes_0.u_ddr_phy_4lanes/ddr_byte_lane_D.ddr_byte_lane_D/ddr_byte_group_io/input_[7].iserdes_dq_.iserdesdq: The RST pin should only be driven by a Flip-flop.
Related violations: <none>

REQP-1959#16 Advisory
connects_SERDES_RST_driver_not_FF  
system_i/mig_7series_0/u_system_mig_7series_0_1_mig/u_memc_ui_top_axi/mem_intfc0/ddr_phy_top0/u_ddr_mc_phy_wrapper/u_ddr_mc_phy/ddr_phy_4lanes_0.u_ddr_phy_4lanes/ddr_byte_lane_D.ddr_byte_lane_D/ddr_byte_group_io/input_[8].iserdes_dq_.iserdesdq: The RST pin should only be driven by a Flip-flop.
Related violations: <none>


